Time,Heart Rate
00:04:23,70
00:59:05,70
01:53:41,70
06:37:32,70
06:44:22,70
07:17:55,70
07:18:33,70
07:20:26,70
07:39:11,70
07:42:51,70
07:43:06,70
07:43:11,73
07:43:16,76
07:43:21,77
07:43:26,79
07:43:36,77
07:43:51,74
07:43:56,73
07:44:01,74
07:44:06,78
07:44:11,87
07:44:16,95
07:44:21,97
07:44:26,96
07:44:31,94
07:44:36,92
07:44:41,91
07:44:46,89
07:44:51,88
07:45:06,90
07:45:11,91
07:45:21,90
07:45:26,88
07:45:31,85
07:45:36,85
07:45:41,91
07:45:46,94
07:45:51,92
07:45:56,90
07:46:01,94
07:46:06,92
07:46:11,88
07:46:16,86
07:46:21,95
07:46:26,94
07:46:31,87
07:46:41,86
07:46:51,85
07:46:56,82
07:47:01,81
07:47:06,79
07:47:16,76
07:47:21,75
07:47:36,73
07:47:46,74
07:47:51,75
07:48:01,77
07:48:06,79
07:48:11,78
07:48:26,77
07:48:31,76
07:48:36,75
07:48:41,74
07:48:46,76
07:48:51,76
07:48:56,77
07:49:01,78
07:49:06,77
07:49:11,76
07:49:21,74
07:49:31,75
07:49:36,76
07:49:46,77
07:49:51,76
07:50:01,77
07:50:06,76
07:50:11,77
07:50:26,78
07:50:36,79
07:50:51,80
07:50:56,79
07:51:01,78
07:51:06,79
07:51:11,78
07:51:26,78
07:51:31,75
07:51:41,76
07:51:46,76
07:51:51,75
07:51:56,73
07:52:01,71
07:52:06,70
07:52:21,70
07:52:31,72
07:52:46,72
07:53:01,72
07:53:06,73
07:53:11,74
07:53:16,75
07:53:21,75
07:53:26,74
07:53:31,70
07:53:41,69
07:53:46,68
07:53:51,69
07:53:56,67
07:54:01,61
07:54:06,58
07:54:16,59
07:54:21,60
07:54:26,62
07:54:36,60
07:54:41,59
07:54:46,58
07:54:51,58
07:55:06,59
07:55:11,61
07:55:16,62
07:55:21,64
07:55:26,65
07:55:36,64
07:55:46,63
07:55:56,62
07:56:06,61
07:56:11,59
07:56:16,57
07:56:31,57
07:56:36,59
07:56:41,61
07:56:46,63
07:56:51,66
07:56:56,67
07:57:01,68
07:57:16,68
07:57:21,108
07:57:27,111
07:57:32,112
07:57:47,112
07:57:52,110
07:57:57,103
07:58:02,93
07:58:07,83
07:58:12,85
07:58:17,96
07:58:22,92
07:58:32,90
07:58:37,88
07:58:42,86
07:58:47,87
07:58:52,91
07:58:57,92
07:59:02,87
07:59:07,84
07:59:17,81
07:59:22,79
07:59:32,83
07:59:37,84
07:59:42,86
07:59:47,87
07:59:52,87
07:59:57,88
08:00:02,100
08:00:07,103
08:00:12,102
08:00:17,101
08:00:27,100
08:00:32,97
08:00:37,95
08:00:42,94
08:00:47,93
08:00:52,91
08:00:57,88
08:01:02,87
08:01:07,86
08:01:12,83
08:01:17,79
08:01:22,75
08:01:27,68
08:01:32,67
08:01:37,68
08:01:42,69
08:01:47,70
08:01:52,71
08:01:57,70
08:02:02,71
08:02:07,73
08:02:12,72
08:02:22,71
08:02:27,70
08:02:32,71
08:02:42,70
08:02:47,71
08:03:02,72
08:03:12,74
08:03:17,76
08:03:22,77
08:03:27,79
08:03:32,82
08:03:37,83
08:03:42,79
08:03:47,78
08:03:57,76
08:04:02,74
08:04:07,71
08:04:12,72
08:04:17,74
08:04:22,69
08:04:27,68
08:04:37,67
08:04:47,68
08:04:52,69
08:04:57,70
08:05:02,72
08:05:07,73
08:05:22,74
08:05:37,74
08:05:42,72
08:05:57,72
08:06:02,71
08:06:07,73
08:06:12,70
08:06:17,69
08:06:22,72
08:06:27,72
08:06:32,69
08:06:37,65
08:06:42,60
08:06:52,61
08:07:02,63
08:07:07,68
08:07:17,65
08:07:22,62
08:07:27,59
08:07:37,60
08:07:42,63
08:07:47,64
08:08:02,64
08:08:07,65
08:08:17,67
08:08:22,69
08:08:27,68
08:08:32,67
08:08:37,65
08:08:47,64
08:08:57,65
08:09:02,64
08:09:17,64
08:09:22,65
08:09:27,64
08:09:32,63
08:09:37,62
08:09:42,63
08:09:47,62
08:09:52,61
08:10:02,62
08:10:12,63
08:10:27,63
08:10:42,64
08:10:57,64
08:11:07,63
08:11:17,62
08:11:32,62
08:11:37,63
08:11:52,63
08:12:07,64
08:12:12,65
08:12:17,66
08:12:27,67
08:12:32,68
08:12:42,66
08:12:47,64
08:12:52,63
08:13:02,62
08:13:07,61
08:13:22,61
08:13:27,60
08:13:37,61
08:13:47,62
08:13:52,61
08:14:07,61
08:14:22,61
08:14:37,62
08:14:42,63
08:14:57,63
08:15:12,62
08:15:22,60
08:15:37,60
08:15:42,60
08:15:57,60
08:15:58,61
08:16:03,62
08:16:08,63
08:16:23,64
08:16:33,65
08:16:48,66
08:16:53,65
08:17:08,65
08:17:18,64
08:17:23,63
08:17:28,64
08:17:43,64
08:17:48,65
08:17:53,64
08:17:58,62
08:18:03,61
08:18:18,60
08:18:23,61
08:18:38,61
08:18:53,61
08:19:08,61
08:19:18,62
08:19:33,63
08:19:48,62
08:20:03,62
08:20:13,61
08:20:28,61
08:20:33,60
08:20:38,59
08:20:48,60
08:20:53,61
08:20:58,62
08:21:03,63
08:21:08,64
08:21:13,63
08:21:23,62
08:21:38,62
08:21:53,61
08:21:58,60
08:22:13,60
08:22:18,61
08:22:23,60
08:22:28,61
08:22:43,61
08:22:48,60
08:22:58,59
08:23:13,59
08:23:23,60
08:23:33,61
08:23:48,61
08:23:53,62
08:24:08,61
08:24:18,62
08:24:23,63
08:24:28,64
08:24:43,64
08:24:53,63
08:25:08,64
08:25:13,63
08:25:28,63
08:25:38,62
08:25:43,61
08:25:58,62
08:26:08,63
08:26:23,63
08:26:28,64
08:26:33,65
08:26:38,66
08:26:43,67
08:26:48,66
08:26:58,65
08:27:03,64
08:27:18,63
08:27:23,62
08:27:28,61
08:27:38,62
08:27:53,62
08:27:58,63
08:28:08,62
08:28:18,61
08:28:33,61
08:28:38,62
08:28:43,62
08:28:48,62
08:28:58,63
08:29:03,66
08:29:08,67
08:29:23,68
08:29:38,68
08:29:43,67
08:29:53,66
08:29:58,65
08:30:03,64
08:30:08,63
08:30:13,62
08:30:18,61
08:30:28,62
08:30:43,62
08:30:58,62
08:31:13,62
08:31:23,64
08:31:33,65
08:31:48,65
08:31:58,63
08:32:13,63
08:32:18,64
08:32:24,64
08:32:34,63
08:32:39,62
08:32:44,63
08:32:59,62
08:33:09,63
08:33:24,63
08:33:34,64
08:33:49,64
08:33:54,65
08:33:59,64
08:34:14,63
08:34:29,64
08:34:39,63
08:34:49,62
08:35:04,62
08:35:19,62
08:35:29,63
08:35:34,64
08:35:44,63
08:35:59,64
08:36:09,65
08:36:14,64
08:36:24,63
08:36:34,64
08:36:44,63
08:36:49,64
08:36:54,63
08:37:09,63
08:37:14,62
08:37:29,62
08:37:39,61
08:37:54,60
08:38:09,60
08:38:14,59
08:38:29,60
08:38:44,60
08:38:54,61
08:39:04,63
08:39:09,64
08:39:24,64
08:39:34,65
08:39:44,64
08:39:49,63
08:39:54,64
08:39:59,67
08:40:04,68
08:40:09,67
08:40:14,65
08:40:19,63
08:40:24,61
08:40:29,59
08:40:44,59
08:40:54,60
08:40:59,61
08:41:04,62
08:41:14,61
08:41:24,61
08:41:29,62
08:41:44,62
08:41:49,61
08:42:04,60
08:42:19,60
08:42:34,60
08:42:49,60
08:43:04,61
08:43:19,62
08:43:24,63
08:43:34,64
08:43:39,63
08:43:49,64
08:44:04,64
08:44:14,65
08:44:29,66
08:44:44,67
08:44:54,66
08:45:09,66
08:45:24,66
08:45:39,66
08:45:44,65
08:45:59,65
08:46:04,65
08:46:09,64
08:46:24,64
08:46:34,63
08:46:49,63
08:46:54,62
08:47:09,62
08:47:14,63
08:47:19,66
08:47:24,69
08:47:29,67
08:47:34,62
08:47:39,60
08:47:44,61
08:47:59,61
08:48:04,64
08:48:09,65
08:48:24,65
08:48:29,63
08:48:34,62
08:48:39,61
08:48:49,60
08:48:59,59
08:49:04,58
08:49:19,58
08:49:20,58
08:49:30,59
08:49:35,60
08:49:50,60
08:50:05,60
08:50:20,60
08:50:25,61
08:50:35,62
08:50:40,63
08:50:50,64
08:51:05,64
08:51:10,65
08:51:15,66
08:51:25,64
08:51:30,63
08:51:35,62
08:51:45,63
08:51:50,64
08:51:55,65
08:52:00,67
08:52:10,66
08:52:20,67
08:52:30,66
08:52:45,66
08:52:50,65
08:53:05,65
08:53:20,64
08:53:25,63
08:53:40,64
08:53:45,63
08:53:55,62
08:54:10,62
08:54:25,62
08:54:40,63
08:54:45,64
08:54:50,65
08:54:55,66
08:55:00,65
08:55:15,65
08:55:20,63
08:55:25,62
08:55:35,61
08:55:40,60
08:55:45,62
08:55:55,64
08:56:00,65
08:56:05,67
08:56:20,68
08:56:25,66
08:56:30,65
08:56:35,63
08:56:40,59
08:56:45,60
08:56:50,61
08:56:55,61
08:57:05,59
08:57:15,60
08:57:20,61
08:57:30,60
08:57:35,59
08:57:45,60
08:57:55,59
08:58:05,60
08:58:20,60
08:58:25,61
08:58:30,62
08:58:35,63
08:58:40,66
08:58:45,67
08:58:50,64
08:58:55,60
08:59:00,61
08:59:05,63
08:59:10,62
08:59:20,61
08:59:35,61
08:59:45,60
08:59:50,59
09:00:05,60
09:00:15,61
09:00:20,62
09:00:25,62
09:00:35,63
09:00:40,64
09:00:55,66
09:01:00,67
09:01:05,68
09:01:15,67
09:01:20,66
09:01:25,64
09:01:40,65
09:01:55,59
09:02:00,58
09:02:15,62
09:02:20,63
09:02:30,65
09:02:35,67
09:02:40,68
09:02:45,69
09:02:50,71
09:02:55,72
09:03:05,73
09:03:20,75
09:03:25,74
09:03:30,75
09:03:35,72
09:03:40,71
09:03:45,73
09:03:50,75
09:04:00,73
09:04:05,72
09:04:10,66
09:04:15,64
09:04:20,66
09:04:30,65
09:04:45,65
09:04:50,68
09:04:55,67
09:05:00,70
09:05:05,71
09:05:15,65
09:05:20,63
09:05:25,62
09:05:40,62
09:05:55,63
09:06:10,63
09:06:15,61
09:06:30,61
09:06:35,61
09:06:40,62
09:06:55,62
09:06:56,61
09:07:11,61
09:07:26,61
09:07:41,60
09:07:56,61
09:08:11,61
09:08:16,62
09:08:31,63
09:08:36,62
09:08:41,60
09:08:46,61
09:09:01,61
09:09:16,61
09:09:31,61
09:09:41,62
09:09:56,62
09:10:06,61
09:10:16,63
09:10:21,65
09:10:26,66
09:10:31,66
09:10:46,66
09:10:51,65
09:10:56,66
09:11:11,66
09:11:21,65
09:11:26,64
09:11:31,64
09:11:41,65
09:11:46,66
09:11:51,65
09:11:56,62
09:12:01,61
09:12:06,60
09:12:21,59
09:12:26,58
09:12:41,59
09:12:46,63
09:12:56,62
09:13:01,61
09:13:16,62
09:13:26,63
09:13:41,64
09:13:56,63
09:14:06,62
09:14:11,63
09:14:26,63
09:14:41,63
09:14:46,64
09:15:01,66
09:15:06,67
09:15:11,66
09:15:16,65
09:15:21,63
09:15:26,63
09:15:41,63
09:15:51,64
09:15:56,61
09:16:01,56
09:16:11,57
09:16:16,58
09:16:21,59
09:16:31,60
09:16:36,57
09:16:51,58
09:16:56,59
09:17:06,59
09:17:16,61
09:17:21,62
09:17:36,63
09:17:41,66
09:17:46,68
09:17:51,63
09:17:56,59
09:18:01,58
09:18:11,60
09:18:16,63
09:18:26,64
09:18:41,65
09:18:46,66
09:18:51,68
09:18:56,69
09:19:01,68
09:19:06,66
09:19:11,62
09:19:26,61
09:19:31,59
09:19:46,60
09:19:56,63
09:20:01,66
09:20:06,65
09:20:11,64
09:20:21,63
09:20:26,61
09:20:31,59
09:20:36,58
09:20:51,59
09:20:56,60
09:21:11,60
09:21:26,60
09:21:41,61
09:21:46,65
09:21:51,63
09:21:56,61
09:22:01,58
09:22:06,57
09:22:12,57
09:22:27,59
09:22:32,58
09:22:37,56
09:22:42,54
09:22:57,53
09:23:12,53
09:23:22,54
09:23:37,54
09:23:52,54
09:24:02,55
09:24:17,56
09:24:32,57
09:24:42,58
09:24:47,59
09:25:02,59
09:25:07,60
09:25:22,60
09:25:37,60
09:25:42,59
09:25:47,58
09:25:52,60
09:25:57,61
09:26:07,60
09:26:17,62
09:26:22,61
09:26:37,60
09:26:42,60
09:26:52,59
09:27:02,58
09:27:12,57
09:27:27,57
09:27:37,58
09:27:52,58
09:27:57,59
09:28:07,58
09:28:12,57
09:28:27,57
09:28:32,58
09:28:37,59
09:28:42,61
09:28:47,62
09:29:02,62
09:29:17,63
09:29:32,62
09:29:47,61
09:30:02,60
09:30:17,59
09:30:32,58
09:30:47,58
09:30:57,59
09:31:12,59
09:31:22,60
09:31:27,59
09:31:32,59
09:31:47,59
09:32:02,58
09:32:17,58
09:32:22,59
09:32:27,58
09:32:42,58
09:32:47,59
09:33:02,59
09:33:17,59
09:33:22,60
09:33:27,61
09:33:32,62
09:33:37,65
09:33:52,65
09:34:07,65
09:34:12,66
09:34:17,65
09:34:22,64
09:34:27,63
09:34:32,61
09:34:37,60
09:34:42,61
09:34:57,64
09:35:02,65
09:35:07,63
09:35:17,61
09:35:22,61
09:35:27,59
09:35:42,61
09:35:52,62
09:35:57,63
09:36:02,64
09:36:07,66
09:36:12,67
09:36:22,63
09:36:27,58
09:36:32,58
09:36:37,58
09:36:42,59
09:36:47,58
09:36:52,59
09:36:57,60
09:37:02,61
09:37:12,60
09:37:27,60
09:37:42,60
09:37:47,58
09:37:57,59
09:38:12,59
09:38:17,60
09:38:22,62
09:38:27,63
09:38:42,63
09:38:43,67
09:38:48,69
09:38:53,71
09:39:03,70
09:39:08,69
09:39:13,71
09:39:18,72
09:39:23,71
09:39:28,69
09:39:43,68
09:39:48,66
09:39:53,65
09:40:03,66
09:40:08,67
09:40:13,66
09:40:18,65
09:40:23,62
09:40:33,63
09:40:48,63
09:40:58,64
09:41:03,65
09:41:13,66
09:41:18,68
09:41:23,72
09:41:33,73
09:41:38,71
09:41:48,78
09:41:53,89
09:42:03,82
09:42:08,70
09:42:13,60
09:42:18,61
09:42:28,62
09:42:33,63
09:42:38,66
09:42:43,64
09:42:48,63
09:42:53,59
09:42:58,60
09:43:13,60
09:43:28,60
09:43:38,61
09:43:48,62
09:43:53,63
09:43:58,65
09:44:08,66
09:44:13,67
09:44:18,66
09:44:23,65
09:44:38,67
09:44:43,66
09:44:48,67
09:44:53,68
09:44:58,67
09:45:03,62
09:45:18,61
09:45:28,62
09:45:33,61
09:45:43,62
09:45:58,62
09:46:13,63
09:46:28,63
09:46:33,64
09:46:48,62
09:46:58,61
09:47:13,62
09:47:18,63
09:47:33,63
09:47:38,62
09:47:48,63
09:47:53,64
09:48:03,65
09:48:18,65
09:48:33,64
09:48:43,63
09:48:48,62
09:48:58,61
09:49:03,60
09:49:18,60
09:49:23,60
09:49:38,60
09:49:53,60
09:50:03,59
09:50:18,59
09:50:23,60
09:50:38,60
09:50:43,61
09:50:48,62
09:50:58,61
09:51:03,60
09:51:08,57
09:51:23,57
09:51:38,56
09:51:48,57
09:51:58,59
09:52:03,60
09:52:08,59
09:52:13,61
09:52:18,63
09:52:23,65
09:52:28,72
09:52:33,69
09:52:38,71
09:52:43,81
09:52:48,87
09:52:53,93
09:52:58,85
09:53:03,82
09:53:08,79
09:53:13,77
09:53:18,76
09:53:23,74
09:53:28,73
09:53:33,72
09:53:38,76
09:53:43,74
09:53:48,71
09:53:53,70
09:53:58,70
09:54:03,69
09:54:08,64
09:54:13,58
09:54:18,59
09:54:23,60
09:54:28,61
09:54:43,62
09:54:48,61
09:54:53,62
09:55:08,62
09:55:23,62
09:55:28,63
09:55:33,64
09:55:39,64
09:55:54,66
09:55:59,67
09:56:04,68
09:56:14,67
09:56:19,65
09:56:24,60
09:56:34,61
09:56:44,60
09:56:49,57
09:57:04,57
09:57:19,58
09:57:29,59
09:57:44,59
09:57:49,60
09:57:54,59
09:58:09,59
09:58:24,59
09:58:29,61
09:58:34,60
09:58:39,61
09:58:54,60
09:59:09,60
09:59:14,61
09:59:19,60
09:59:34,60
09:59:49,61
09:59:54,60
10:00:09,60
10:00:14,59
10:00:24,60
10:00:39,60
10:00:54,60
10:00:59,59
10:01:04,60
10:01:09,59
10:01:24,59
10:01:39,60
10:01:44,61
10:01:49,60
10:01:54,59
10:02:09,60
10:02:19,59
10:02:24,57
10:02:39,57
10:02:49,58
10:02:54,59
10:03:09,59
10:03:24,60
10:03:29,59
10:03:39,60
10:03:44,61
10:03:49,60
10:03:54,61
10:03:59,62
10:04:09,61
10:04:14,60
10:04:19,59
10:04:29,61
10:04:34,62
10:04:39,64
10:04:44,65
10:04:54,65
10:05:04,66
10:05:09,67
10:05:14,68
10:05:19,70
10:05:29,73
10:05:34,75
10:05:44,74
10:05:54,75
10:05:59,77
10:06:04,79
10:06:09,81
10:06:14,84
10:06:19,88
10:06:24,90
10:06:29,90
10:06:34,88
10:06:39,87
10:06:44,86
10:06:49,84
10:06:54,84
10:06:59,81
10:07:04,80
10:07:19,80
10:07:24,79
10:07:34,77
10:07:39,74
10:07:44,73
10:07:49,74
10:07:54,74
10:08:04,71
10:08:14,72
10:08:24,74
10:08:29,73
10:08:34,75
10:08:39,77
10:08:44,76
10:08:49,77
10:08:54,79
10:08:59,80
10:09:04,81
10:09:19,81
10:09:24,82
10:09:34,80
10:09:39,78
10:09:44,76
10:09:49,75
10:09:54,76
10:09:59,79
10:10:04,81
10:10:09,84
10:10:19,82
10:10:24,81
10:10:29,80
10:10:39,82
10:10:44,80
10:10:54,81
10:10:59,78
10:11:04,79
10:11:09,78
10:11:14,79
10:11:19,80
10:11:29,79
10:11:44,79
10:11:49,80
10:11:54,81
10:11:59,83
10:12:04,88
10:12:14,91
10:12:19,92
10:12:29,94
10:12:34,93
10:12:39,90
10:12:45,88
10:12:50,88
10:12:55,87
10:13:00,79
10:13:05,68
10:13:10,65
10:13:15,64
10:13:25,65
10:13:30,66
10:13:35,67
10:13:40,66
10:13:45,65
10:14:00,66
10:14:15,68
10:14:20,71
10:14:25,72
10:14:30,73
10:14:40,73
10:14:55,74
10:15:00,75
10:15:05,77
10:15:10,80
10:15:15,85
10:15:25,82
10:15:30,79
10:15:35,77
10:15:40,77
10:15:45,75
10:15:50,76
10:15:55,78
10:16:00,83
10:16:05,89
10:16:10,94
10:16:15,91
10:16:20,93
10:16:25,90
10:16:30,91
10:16:35,90
10:16:40,85
10:16:45,83
10:16:50,84
10:17:00,83
10:17:05,80
10:17:10,78
10:17:15,77
10:17:20,74
10:17:25,72
10:17:30,71
10:17:35,69
10:17:40,68
10:17:45,66
10:17:50,65
10:18:00,63
10:18:05,62
10:18:10,61
10:18:15,60
10:18:20,61
10:18:25,63
10:18:30,64
10:18:40,68
10:18:45,69
10:19:00,69
10:19:05,71
10:19:10,72
10:19:20,75
10:19:25,77
10:19:40,77
10:19:50,78
10:20:00,79
10:20:15,79
10:20:20,76
10:20:25,77
10:20:30,78
10:20:45,78
10:20:50,75
10:20:55,74
10:21:00,73
10:21:05,72
10:21:12,74
10:21:17,75
10:21:22,74
10:21:32,73
10:21:37,72
10:21:47,75
10:21:52,76
10:22:07,77
10:22:12,74
10:22:27,75
10:22:32,73
10:22:37,71
10:22:42,62
10:22:47,65
10:22:57,63
10:23:02,60
10:23:07,59
10:23:12,58
10:23:22,60
10:23:27,62
10:23:32,63
10:23:37,64
10:23:47,63
10:23:52,64
10:23:57,67
10:24:02,68
10:24:07,68
10:24:12,69
10:24:17,70
10:24:27,69
10:24:32,68
10:24:42,67
10:24:47,68
10:24:57,69
10:25:02,70
10:25:12,69
10:25:17,70
10:25:22,69
10:25:27,70
10:25:32,69
10:25:37,68
10:25:52,67
10:25:57,68
10:26:02,67
10:26:07,66
10:26:17,65
10:26:32,65
10:26:37,64
10:26:42,62
10:26:47,63
10:26:52,65
10:27:07,64
10:27:12,63
10:27:17,63
10:27:27,64
10:27:32,63
10:27:37,62
10:27:42,61
10:27:47,60
10:27:52,59
10:28:07,60
10:28:17,61
10:28:32,61
10:28:37,61
10:28:42,60
10:28:47,61
10:28:52,60
10:29:07,60
10:29:22,60
10:29:37,60
10:29:42,64
10:29:52,63
10:29:57,62
10:30:12,62
10:30:27,62
10:30:32,63
10:30:37,64
10:30:42,65
10:30:48,65
10:31:03,65
10:31:13,66
10:31:23,65
10:31:28,64
10:31:43,64
10:31:48,63
10:32:03,63
10:32:08,64
10:32:13,65
10:32:28,64
10:32:33,63
10:32:43,62
10:32:48,61
10:33:03,61
10:33:08,62
10:33:13,63
10:33:23,64
10:33:33,66
10:33:38,67
10:33:43,68
10:33:48,69
10:33:58,68
10:34:13,68
10:34:28,68
10:34:38,69
10:34:43,70
10:34:48,69
10:34:53,68
10:34:58,67
10:35:08,66
10:35:18,67
10:35:23,66
10:35:28,66
10:35:38,65
10:35:43,60
10:35:48,58
10:35:53,59
10:36:03,60
10:36:08,61
10:36:13,62
10:36:23,63
10:36:38,63
10:36:43,64
10:36:53,63
10:37:03,61
10:37:08,60
10:37:23,60
10:37:38,60
10:37:53,58
10:37:58,56
10:38:13,57
10:38:23,58
10:38:28,59
10:38:33,59
10:38:43,60
10:38:48,61
10:38:58,62
10:39:03,64
10:39:08,65
10:39:23,65
10:39:33,64
10:39:38,63
10:39:48,62
10:39:53,63
10:39:58,62
10:40:08,63
10:40:13,64
10:40:23,63
10:40:38,63
10:40:43,62
10:40:58,63
10:41:03,64
10:41:08,65
10:41:13,63
10:41:18,62
10:41:23,61
10:41:33,60
10:41:43,59
10:41:58,60
10:42:08,61
10:42:13,62
10:42:18,63
10:42:23,64
10:42:33,65
10:42:43,66
10:42:58,65
10:43:08,64
10:43:23,63
10:43:33,62
10:43:43,61
10:43:53,62
10:44:08,62
10:44:23,62
10:44:38,61
10:44:48,60
10:44:58,61
10:45:08,63
10:45:13,62
10:45:18,61
10:45:23,60
10:45:38,61
10:45:43,61
10:45:48,62
10:45:58,62
10:46:03,61
10:46:18,61
10:46:23,60
10:46:28,61
10:46:43,61
10:46:53,62
10:46:58,64
10:47:03,65
10:47:08,64
10:47:13,63
10:47:28,63
10:47:33,61
10:47:38,59
10:47:43,57
10:47:48,57
10:48:03,57
10:48:08,58
10:48:13,59
10:48:18,60
10:48:23,62
10:48:28,63
10:48:33,62
10:48:43,61
10:48:58,61
10:49:03,62
10:49:13,61
10:49:23,60
10:49:28,59
10:49:34,59
10:49:49,59
10:49:54,58
10:50:09,58
10:50:14,59
10:50:19,60
10:50:34,59
10:50:39,58
10:50:49,60
10:50:54,62
10:50:59,63
10:51:04,64
10:51:19,64
10:51:29,63
10:51:44,63
10:51:49,62
10:51:59,63
10:52:04,62
10:52:19,62
10:52:34,62
10:52:44,61
10:52:54,62
10:53:09,62
10:53:24,62
10:53:34,61
10:53:49,61
10:54:04,61
10:54:09,61
10:54:24,61
10:54:39,62
10:54:54,63
10:55:04,64
10:55:14,65
10:55:29,65
10:55:39,66
10:55:49,67
10:55:54,68
10:55:59,67
10:56:09,65
10:56:24,65
10:56:29,64
10:56:39,63
10:56:54,63
10:57:04,64
10:57:09,65
10:57:14,66
10:57:29,66
10:57:34,67
10:57:39,66
10:57:44,67
10:57:54,68
10:57:59,67
10:58:04,68
10:58:14,67
10:58:19,66
10:58:29,65
10:58:44,64
10:58:49,63
10:58:54,62
10:58:59,61
10:59:09,60
10:59:14,59
10:59:29,59
10:59:34,60
10:59:39,61
10:59:44,62
10:59:59,61
11:00:04,62
11:00:14,63
11:00:24,62
11:00:29,63
11:00:44,62
11:00:59,62
11:01:04,63
11:01:19,63
11:01:24,62
11:01:39,62
11:01:54,62
11:01:59,63
11:02:14,63
11:02:24,62
11:02:30,63
11:02:40,64
11:02:55,65
11:03:10,66
11:03:15,65
11:03:20,64
11:03:30,63
11:03:35,62
11:03:50,63
11:04:05,63
11:04:15,64
11:04:30,64
11:04:40,65
11:04:55,65
11:05:05,64
11:05:10,65
11:05:15,66
11:05:25,67
11:05:35,66
11:05:40,67
11:05:50,63
11:05:55,62
11:06:10,63
11:06:15,64
11:06:20,65
11:06:25,66
11:06:30,66
11:06:40,65
11:06:45,66
11:06:50,65
11:07:05,67
11:07:10,68
11:07:15,69
11:07:30,69
11:07:40,68
11:07:55,68
11:08:05,67
11:08:10,65
11:08:15,63
11:08:25,64
11:08:40,64
11:08:50,65
11:09:00,66
11:09:15,68
11:09:20,71
11:09:25,73
11:09:30,71
11:09:35,70
11:09:40,66
11:09:45,61
11:09:50,65
11:10:05,65
11:10:20,66
11:10:25,67
11:10:35,68
11:10:45,69
11:10:50,71
11:10:55,72
11:11:10,73
11:11:20,72
11:11:25,71
11:11:40,69
11:11:45,66
11:11:50,65
11:12:00,66
11:12:05,67
11:12:10,68
11:12:20,69
11:12:30,67
11:12:35,66
11:12:50,67
11:13:05,69
11:13:10,70
11:13:25,70
11:13:30,68
11:13:35,67
11:13:50,67
11:14:05,67
11:14:20,67
11:14:35,66
11:14:40,66
11:14:55,66
11:15:10,66
11:15:15,65
11:15:30,65
11:15:35,64
11:15:50,64
11:15:55,66
11:16:00,68
11:16:05,69
11:16:15,68
11:16:20,69
11:16:35,69
11:16:40,68
11:16:55,68
11:17:10,68
11:17:25,68
11:17:35,67
11:17:45,68
11:17:50,69
11:17:55,70
11:18:00,71
11:18:05,72
11:18:15,73
11:18:25,74
11:18:40,75
11:18:50,74
11:18:55,72
11:19:00,71
11:19:15,70
11:19:30,69
11:19:35,70
11:19:50,69
11:20:00,68
11:20:10,69
11:20:15,70
11:20:20,71
11:20:25,72
11:20:30,71
11:20:45,71
11:20:55,71
11:21:00,72
11:21:05,73
11:21:10,75
11:21:15,76
11:21:20,75
11:21:35,75
11:21:45,77
11:22:00,77
11:22:05,79
11:22:10,78
11:22:16,77
11:22:21,76
11:22:26,75
11:22:31,74
11:22:41,73
11:22:51,72
11:23:01,73
11:23:11,74
11:23:16,73
11:23:21,69
11:23:26,68
11:23:31,69
11:23:46,69
11:23:56,71
11:24:01,71
11:24:16,71
11:24:21,70
11:24:26,68
11:24:36,69
11:24:41,71
11:24:46,72
11:24:56,71
11:25:11,71
11:25:21,72
11:25:36,72
11:25:51,72
11:25:56,71
11:26:01,71
11:26:06,72
11:26:11,71
11:26:21,70
11:26:26,69
11:26:36,68
11:26:41,67
11:26:56,67
11:27:11,67
11:27:16,68
11:27:21,67
11:27:26,68
11:27:31,69
11:27:41,71
11:27:46,72
11:28:01,72
11:28:06,72
11:28:11,71
11:28:26,71
11:28:41,69
11:28:46,71
11:28:51,72
11:28:56,71
11:29:01,65
11:29:08,66
11:29:18,67
11:29:28,68
11:29:33,69
11:29:38,71
11:29:43,72
11:29:58,72
11:30:13,72
11:30:18,71
11:30:33,72
11:30:48,72
11:30:53,73
11:30:58,74
11:31:03,72
11:31:08,71
11:31:23,69
11:31:28,68
11:31:33,67
11:31:48,66
11:31:58,67
11:32:03,65
11:32:13,66
11:32:18,67
11:32:23,68
11:32:28,69
11:32:33,70
11:32:38,71
11:32:43,72
11:32:48,73
11:32:53,74
11:32:58,73
11:33:08,74
11:33:23,73
11:33:33,74
11:33:38,75
11:33:53,78
11:33:58,79
11:34:08,78
11:34:23,81
11:34:28,82
11:34:38,80
11:34:43,80
11:34:58,78
11:35:03,73
11:35:08,68
11:35:13,67
11:35:18,68
11:35:23,69
11:35:28,70
11:35:33,69
11:35:48,70
11:35:53,71
11:36:08,70
11:36:23,70
11:36:28,71
11:36:38,72
11:36:48,71
11:36:58,70
11:37:08,71
11:37:23,71
11:37:38,71
11:37:53,70
11:38:08,71
11:38:23,71
11:38:38,70
11:38:43,73
11:38:53,75
11:38:58,76
11:39:03,75
11:39:18,75
11:39:23,78
11:39:28,79
11:39:38,78
11:39:48,77
11:40:03,77
11:40:08,78
11:40:14,79
11:40:19,78
11:40:24,79
11:40:29,80
11:40:34,78
11:40:39,77
11:40:44,78
11:40:49,78
11:40:59,79
11:41:04,78
11:41:09,77
11:41:14,76
11:41:24,75
11:41:34,74
11:41:49,75
11:41:54,74
11:42:04,73
11:42:09,72
11:42:14,71
11:42:24,73
11:42:29,74
11:42:39,72
11:42:44,70
11:42:54,72
11:42:59,74
11:43:04,75
11:43:14,74
11:43:19,73
11:43:34,74
11:43:39,73
11:43:44,74
11:43:49,76
11:43:54,77
11:43:59,78
11:44:04,77
11:44:09,76
11:44:24,76
11:44:29,75
11:44:34,72
11:44:39,70
11:44:49,69
11:45:04,71
11:45:09,70
11:45:19,71
11:45:24,70
11:45:29,71
11:45:34,73
11:45:39,74
11:45:54,74
11:45:59,75
11:46:09,76
11:46:19,77
11:46:24,76
11:46:29,75
11:46:34,75
11:46:39,74
11:46:44,73
11:46:49,72
11:46:54,71
11:47:09,71
11:47:24,71
11:47:39,71
11:47:49,72
11:47:59,73
11:48:04,72
11:48:19,73
11:48:24,74
11:48:39,75
11:48:44,77
11:48:49,78
11:48:54,79
11:49:09,80
11:49:14,79
11:49:19,78
11:49:29,77
11:49:34,78
11:49:49,76
11:50:04,76
11:50:19,76
11:50:24,75
11:50:29,76
11:50:34,76
11:50:44,77
11:50:49,78
11:50:54,79
11:50:59,80
11:51:04,78
11:51:09,76
11:51:14,74
11:51:19,73
11:51:24,74
11:51:29,73
11:51:34,72
11:51:39,70
11:51:44,69
11:51:54,68
11:51:59,70
11:52:04,72
11:52:09,73
11:52:19,72
11:52:24,71
11:52:29,71
11:52:34,69
11:52:44,70
11:52:54,71
11:53:04,70
11:53:09,69
11:53:14,70
11:53:19,71
11:53:29,70
11:53:34,69
11:53:39,68
11:53:49,67
11:54:04,67
11:54:19,67
11:54:29,69
11:54:39,68
11:54:54,68
11:55:04,66
11:55:09,68
11:55:14,70
11:55:19,71
11:55:29,72
11:55:34,73
11:55:39,75
11:55:49,74
11:55:54,72
11:55:59,70
11:56:04,71
11:56:09,72
11:56:14,72
11:56:19,71
11:56:24,71
11:56:30,72
11:56:45,72
11:56:55,73
11:57:00,72
11:57:05,72
11:57:10,71
11:57:15,70
11:57:25,71
11:57:30,72
11:57:35,73
11:57:50,74
11:58:00,73
11:58:10,76
11:58:15,79
11:58:20,80
11:58:25,81
11:58:40,82
11:58:55,83
11:59:00,85
11:59:05,86
11:59:10,85
11:59:15,86
11:59:25,85
11:59:30,85
11:59:40,87
11:59:50,88
11:59:55,87
12:00:00,88
12:00:05,86
12:00:15,86
12:00:20,85
12:00:25,84
12:00:35,84
12:00:45,83
12:00:55,82
12:01:00,81
12:01:10,82
12:01:25,82
12:01:35,81
12:01:40,80
12:01:50,79
12:01:55,81
12:02:00,82
12:02:15,81
12:02:20,80
12:02:30,79
12:02:35,78
12:02:40,77
12:02:45,76
12:03:00,76
12:03:15,78
12:03:20,79
12:03:25,81
12:03:30,83
12:03:35,85
12:03:50,85
12:04:05,85
12:04:15,86
12:04:20,86
12:04:30,87
12:04:40,88
12:04:45,86
12:04:55,87
12:05:00,88
12:05:05,89
12:05:10,89
12:05:15,89
12:05:20,88
12:05:25,86
12:05:30,87
12:05:35,89
12:05:40,90
12:05:45,91
12:05:50,90
12:05:55,88
12:06:00,86
12:06:05,84
12:06:10,83
12:06:15,84
12:06:20,83
12:06:35,83
12:06:40,85
12:06:55,85
12:07:05,85
12:07:10,86
12:07:20,86
12:07:25,86
12:07:40,86
12:07:55,87
12:08:10,88
12:08:15,86
12:08:30,86
12:08:40,87
12:08:45,86
12:08:55,87
12:09:00,89
12:09:05,91
12:09:15,90
12:09:20,89
12:09:25,88
12:09:30,87
12:09:35,86
12:09:45,85
12:09:50,82
12:10:00,86
12:10:05,89
12:10:15,90
12:10:20,94
12:10:25,99
12:10:30,102
12:10:35,101
12:10:40,100
12:10:45,98
12:10:50,97
12:10:55,96
12:11:00,95
12:11:10,96
12:11:25,96
12:11:30,102
12:11:35,101
12:11:40,100
12:11:50,97
12:12:05,97
12:12:10,92
12:12:20,96
12:12:25,95
12:12:30,92
12:12:35,90
12:12:40,89
12:12:45,90
12:12:55,91
12:13:10,91
12:13:16,95
12:13:21,99
12:13:26,100
12:13:36,103
12:13:46,102
12:13:51,100
12:13:56,99
12:14:01,97
12:14:06,96
12:14:16,98
12:14:21,97
12:14:26,96
12:14:31,95
12:14:36,93
12:14:41,92
12:14:46,93
12:14:51,94
12:14:56,97
12:15:01,101
12:15:16,101
12:15:21,103
12:15:26,105
12:15:31,106
12:15:36,110
12:15:41,112
12:15:46,108
12:15:51,112
12:15:56,116
12:16:01,113
12:16:06,111
12:16:11,109
12:16:16,106
12:16:21,101
12:16:26,98
12:16:36,97
12:16:41,98
12:16:46,96
12:16:51,91
12:16:56,85
12:17:01,82
12:17:06,81
12:17:11,80
12:17:16,80
12:17:21,79
12:17:26,78
12:17:31,75
12:17:36,72
12:17:41,70
12:17:46,68
12:17:51,67
12:17:56,67
12:18:01,68
12:18:06,72
12:18:11,75
12:18:16,77
12:18:21,79
12:18:26,83
12:18:31,86
12:18:36,88
12:18:41,90
12:18:46,93
12:18:51,95
12:18:56,100
12:19:01,101
12:19:06,100
12:19:11,98
12:19:21,96
12:19:26,94
12:19:31,91
12:19:36,92
12:19:41,102
12:19:46,103
12:19:56,102
12:20:01,101
12:20:16,100
12:20:21,99
12:20:26,97
12:20:31,93
12:20:36,89
12:20:41,87
12:20:46,85
12:20:56,87
12:21:01,88
12:21:06,89
12:21:11,90
12:21:16,93
12:21:21,96
12:21:26,95
12:21:36,96
12:21:41,98
12:21:46,101
12:21:56,102
12:22:06,101
12:22:11,103
12:22:21,104
12:22:26,105
12:22:31,110
12:22:36,111
12:22:41,112
12:22:46,117
12:22:51,119
12:22:56,115
12:23:01,114
12:23:06,113
12:23:11,111
12:23:16,116
12:23:26,109
12:23:31,103
12:23:36,97
12:23:41,92
12:23:46,93
12:23:51,94
12:23:56,105
12:24:01,113
12:24:06,110
12:24:11,107
12:24:16,105
12:24:21,106
12:24:26,108
12:24:31,106
12:24:36,100
12:24:41,95
12:24:46,96
12:24:51,98
12:24:56,98
12:25:01,98
12:25:06,99
12:25:16,100
12:25:21,98
12:25:26,99
12:25:31,100
12:25:36,100
12:25:41,103
12:25:46,111
12:25:51,116
12:25:56,120
12:26:06,125
12:26:11,132
12:26:16,137
12:26:21,139
12:26:26,142
12:26:31,141
12:26:36,137
12:26:41,130
12:26:46,124
12:26:51,120
12:27:01,122
12:27:06,123
12:27:11,124
12:27:16,122
12:27:21,120
12:27:26,117
12:27:31,112
12:27:36,111
12:27:41,112
12:27:46,111
12:27:51,110
12:27:56,117
12:28:01,119
12:28:06,115
12:28:11,110
12:28:16,106
12:28:21,100
12:28:26,104
12:28:31,103
12:28:36,101
12:28:41,99
12:28:46,95
12:28:51,92
12:28:56,87
12:29:01,85
12:29:06,82
12:29:11,78
12:29:16,74
12:29:21,71
12:29:31,72
12:29:36,75
12:29:41,73
12:29:46,71
12:29:51,72
12:29:56,73
12:30:01,76
12:30:06,79
12:30:11,82
12:30:16,84
12:30:22,83
12:30:27,85
12:30:32,84
12:30:37,83
12:30:42,85
12:30:47,86
12:30:52,91
12:30:57,98
12:31:02,99
12:31:07,104
12:31:12,106
12:31:17,104
12:31:22,103
12:31:32,101
12:31:37,102
12:31:47,103
12:31:52,103
12:31:57,102
12:32:02,105
12:32:12,104
12:32:17,102
12:32:22,105
12:32:27,109
12:32:32,113
12:32:37,114
12:32:42,113
12:32:47,117
12:32:52,118
12:32:57,112
12:33:02,108
12:33:12,109
12:33:17,104
12:33:22,102
12:33:27,103
12:33:32,96
12:33:37,94
12:33:42,93
12:33:47,91
12:33:52,92
12:33:57,91
12:34:02,88
12:34:17,90
12:34:22,95
12:34:27,102
12:34:32,105
12:34:37,104
12:34:42,105
12:34:47,112
12:34:52,116
12:34:57,114
12:35:02,113
12:35:07,115
12:35:12,113
12:35:17,109
12:35:22,106
12:35:27,101
12:35:32,95
12:35:37,96
12:35:42,100
12:35:52,101
12:35:57,99
12:36:02,100
12:36:07,103
12:36:12,105
12:36:17,103
12:36:22,105
12:36:27,110
12:36:32,106
12:36:37,100
12:36:42,99
12:36:47,101
12:36:52,108
12:36:57,126
12:37:02,133
12:37:07,132
12:37:12,128
12:37:17,121
12:37:22,116
12:37:27,117
12:37:32,118
12:37:42,119
12:37:47,120
12:38:02,121
12:38:12,119
12:38:22,121
12:38:27,119
12:38:32,119
12:38:42,116
12:38:47,114
12:38:52,115
12:38:57,116
12:39:02,109
12:39:07,108
12:39:12,111
12:39:17,112
12:39:22,112
12:39:27,113
12:39:32,116
12:39:37,119
12:39:42,120
12:39:52,122
12:39:57,123
12:40:02,120
12:40:07,118
12:40:17,120
12:40:22,124
12:40:27,125
12:40:32,123
12:40:37,122
12:40:47,121
12:40:52,120
12:41:07,120
12:41:12,121
12:41:22,120
12:41:27,119
12:41:32,117
12:41:42,119
12:41:57,120
12:42:02,118
12:42:07,115
12:42:12,113
12:42:17,109
12:42:22,107
12:42:27,104
12:42:32,100
12:42:37,96
12:42:42,93
12:42:47,90
12:42:52,87
12:42:57,90
12:43:02,94
12:43:07,101
12:43:12,115
12:43:17,118
12:43:22,128
12:43:27,131
12:43:42,131
12:43:47,132
12:43:52,133
12:43:57,131
12:44:02,132
12:44:12,129
12:44:17,128
12:44:22,116
12:44:27,108
12:44:32,108
12:44:37,106
12:44:47,107
12:44:52,105
12:44:57,102
12:45:02,106
12:45:07,102
12:45:12,104
12:45:17,110
12:45:22,123
12:45:27,119
12:45:33,114
12:45:38,109
12:45:43,105
12:45:48,101
12:45:53,98
12:45:58,94
12:46:03,95
12:46:13,96
12:46:18,95
12:46:23,91
12:46:28,88
12:46:33,83
12:46:38,81
12:46:43,80
12:46:48,80
12:46:53,77
12:46:58,74
12:47:08,75
12:47:18,76
12:47:23,76
12:47:28,79
12:47:33,81
12:47:38,80
12:47:48,81
12:47:53,98
12:47:58,97
12:48:03,96
12:48:08,95
12:48:13,96
12:48:18,97
12:48:33,97
12:48:38,98
12:48:53,98
12:48:58,93
12:49:03,88
12:49:08,87
12:49:13,88
12:49:18,87
12:49:23,87
12:49:28,85
12:49:33,80
12:49:43,79
12:49:48,78
12:49:58,79
12:50:03,81
12:50:08,83
12:50:13,84
12:50:18,81
12:50:23,77
12:50:28,74
12:50:33,72
12:50:38,73
12:50:43,74
12:50:48,73
12:51:03,73
12:51:08,76
12:51:13,75
12:51:18,74
12:51:23,76
12:51:28,77
12:51:33,76
12:51:38,73
12:51:43,69
12:51:48,66
12:51:53,64
12:51:58,65
12:52:03,66
12:52:08,67
12:52:13,69
12:52:18,72
12:52:23,74
12:52:33,74
12:52:43,73
12:52:48,71
12:52:58,73
12:53:03,74
12:53:13,75
12:53:18,76
12:53:23,77
12:53:28,76
12:53:38,80
12:53:43,86
12:53:48,86
12:53:53,85
12:53:58,82
12:54:03,85
12:54:08,87
12:54:13,88
12:54:18,90
12:54:23,91
12:54:28,90
12:54:33,88
12:54:38,83
12:54:43,79
12:54:48,77
12:54:53,76
12:54:58,74
12:55:03,73
12:55:08,72
12:55:13,71
12:55:23,70
12:55:28,71
12:55:33,73
12:55:38,74
12:55:43,76
12:55:58,77
12:56:03,78
12:56:08,79
12:56:13,80
12:56:18,79
12:56:23,78
12:56:28,75
12:56:33,79
12:56:43,77
12:56:48,75
12:56:53,74
12:56:58,76
12:57:03,79
12:57:13,80
12:57:18,83
12:57:23,86
12:57:28,88
12:57:38,90
12:57:43,91
12:57:48,90
12:57:53,91
12:57:58,91
12:58:03,90
12:58:08,95
12:58:13,97
12:58:18,96
12:58:23,97
12:58:28,98
12:58:33,97
12:58:38,94
12:58:43,96
12:58:48,97
12:59:03,111
12:59:08,117
12:59:13,114
12:59:18,113
12:59:33,114
12:59:38,111
12:59:43,113
12:59:48,115
12:59:58,116
13:00:08,114
13:00:13,117
13:00:18,122
13:00:23,130
13:00:28,133
13:00:33,131
13:00:38,134
13:00:43,141
13:00:48,147
13:00:53,146
13:00:58,141
13:01:03,130
13:01:08,129
13:01:13,127
13:01:18,123
13:01:23,120
13:01:28,119
13:01:33,116
13:01:38,115
13:01:48,113
13:01:53,112
13:01:58,108
13:02:03,104
13:02:08,100
13:02:13,96
13:02:18,90
13:02:23,86
13:02:28,83
13:02:33,82
13:02:38,79
13:02:43,78
13:02:48,75
13:02:53,77
13:02:59,115
13:03:04,119
13:03:14,117
13:03:19,116
13:03:24,117
13:03:29,119
13:03:39,121
13:03:44,120
13:03:49,119
13:03:54,120
13:03:59,120
13:04:14,120
13:04:24,118
13:04:29,117
13:04:44,117
13:04:49,118
13:04:54,120
13:04:59,120
13:05:04,120
13:05:14,118
13:05:19,113
13:05:24,107
13:05:29,101
13:05:34,98
13:05:39,94
13:05:44,89
13:05:54,98
13:05:59,112
13:06:04,116
13:06:09,119
13:06:14,120
13:06:19,119
13:06:24,118
13:06:29,114
13:06:34,116
13:06:39,119
13:06:44,121
13:06:49,126
13:06:54,127
13:07:09,126
13:07:14,124
13:07:19,115
13:07:24,107
13:07:29,111
13:07:34,113
13:07:39,117
13:07:44,115
13:07:49,109
13:07:54,109
13:07:59,111
13:08:04,113
13:08:09,112
13:08:19,111
13:08:24,109
13:08:29,111
13:08:34,114
13:08:39,116
13:08:44,118
13:08:49,118
13:08:54,117
13:08:59,115
13:09:04,113
13:09:09,112
13:09:14,112
13:09:19,115
13:09:24,114
13:09:39,114
13:09:54,114
13:10:04,115
13:10:09,118
13:10:14,121
13:10:19,122
13:10:24,118
13:10:29,116
13:10:39,113
13:10:44,112
13:10:49,112
13:10:54,113
13:10:59,113
13:11:04,112
13:11:09,114
13:11:19,120
13:11:24,122
13:11:29,118
13:11:34,114
13:11:39,113
13:11:54,113
13:11:59,111
13:12:04,108
13:12:14,99
13:12:19,95
13:12:24,97
13:12:29,102
13:12:34,105
13:12:39,108
13:12:44,106
13:12:49,103
13:12:54,102
13:12:59,103
13:13:04,105
13:13:09,106
13:13:14,103
13:13:19,100
13:13:24,98
13:13:29,96
13:13:34,92
13:13:39,90
13:13:44,93
13:13:54,95
13:14:09,95
13:14:14,96
13:14:24,98
13:14:29,97
13:14:39,98
13:14:44,99
13:14:54,100
13:14:59,99
13:15:04,98
13:15:09,96
13:15:14,95
13:15:24,96
13:15:29,100
13:15:39,101
13:15:44,102
13:15:49,103
13:15:54,100
13:15:59,95
13:16:04,91
13:16:09,92
13:16:14,93
13:16:29,94
13:16:34,99
13:16:39,101
13:16:49,99
13:16:54,101
13:16:59,106
13:17:04,110
13:17:09,109
13:17:14,105
13:17:19,101
13:17:24,97
13:17:29,94
13:17:34,89
13:17:39,85
13:17:44,83
13:17:49,81
13:17:54,79
13:17:59,81
13:18:04,76
13:18:09,73
13:18:14,69
13:18:19,67
13:18:29,66
13:18:44,67
13:18:49,71
13:18:54,72
13:18:59,73
13:19:04,75
13:19:09,76
13:19:14,77
13:19:19,80
13:19:24,84
13:19:29,85
13:19:34,86
13:19:39,90
13:19:44,111
13:19:49,113
13:19:59,112
13:20:09,111
13:20:14,106
13:20:19,97
13:20:24,93
13:20:29,90
13:20:34,87
13:20:39,88
13:20:44,89
13:20:49,91
13:20:54,92
13:20:59,94
13:21:04,95
13:21:09,100
13:21:14,102
13:21:20,103
13:21:25,102
13:21:30,99
13:21:35,98
13:21:40,99
13:21:45,100
13:22:00,100
13:22:15,99
13:22:25,98
13:22:35,97
13:22:40,98
13:22:45,99
13:22:50,100
13:22:55,101
13:23:10,104
13:23:20,103
13:23:25,102
13:23:35,103
13:23:50,105
13:23:55,106
13:24:00,107
13:24:05,106
13:24:10,104
13:24:15,106
13:24:20,112
13:24:30,109
13:24:35,106
13:24:40,102
13:24:45,100
13:24:50,101
13:24:55,108
13:25:00,115
13:25:05,117
13:25:15,118
13:25:20,119
13:25:30,118
13:25:35,119
13:25:40,121
13:25:45,115
13:25:50,116
13:26:00,115
13:26:05,114
13:26:10,113
13:26:15,114
13:26:20,113
13:26:25,111
13:26:30,112
13:26:35,113
13:26:40,115
13:26:45,116
13:26:50,115
13:26:55,119
13:27:00,120
13:27:10,121
13:27:15,120
13:27:25,119
13:27:30,117
13:27:35,112
13:27:40,110
13:27:50,112
13:27:55,117
13:28:00,114
13:28:05,112
13:28:15,109
13:28:20,105
13:28:25,100
13:28:30,96
13:28:35,92
13:28:40,90
13:28:45,85
13:28:50,83
13:28:55,80
13:29:05,81
13:29:10,82
13:29:15,83
13:29:20,93
13:29:25,94
13:29:30,93
13:29:40,95
13:29:45,103
13:29:50,105
13:29:55,103
13:30:00,97
13:30:05,94
13:30:15,96
13:30:20,95
13:30:25,93
13:30:30,91
13:30:35,86
13:30:40,82
13:30:45,81
13:31:00,79
13:31:05,75
13:31:10,76
13:31:15,77
13:31:20,78
13:31:25,79
13:31:30,77
13:31:35,74
13:31:40,77
13:31:45,73
13:31:55,74
13:32:00,75
13:32:05,77
13:32:10,88
13:32:15,94
13:32:25,93
13:32:30,93
13:32:40,91
13:32:45,89
13:32:50,88
13:32:55,89
13:33:05,87
13:33:10,86
13:33:15,83
13:33:25,83
13:33:30,95
13:33:35,96
13:33:45,93
13:33:50,89
13:33:55,86
13:34:00,87
13:34:10,88
13:34:15,89
13:34:30,89
13:34:35,90
13:34:40,91
13:34:45,93
13:34:50,95
13:34:55,93
13:35:05,97
13:35:10,97
13:35:15,96
13:35:25,94
13:35:30,95
13:35:35,96
13:35:40,99
13:35:45,102
13:35:50,103
13:36:00,102
13:36:05,98
13:36:20,98
13:36:25,92
13:36:30,88
13:36:35,87
13:36:40,85
13:36:45,84
13:36:50,85
13:36:55,84
13:37:00,83
13:37:05,84
13:37:10,83
13:37:15,82
13:37:25,84
13:37:30,85
13:37:45,85
13:37:51,83
13:37:56,84
13:38:01,87
13:38:06,88
13:38:16,90
13:38:26,91
13:38:36,92
13:38:41,93
13:38:51,94
13:38:56,94
13:39:06,95
13:39:11,96
13:39:21,95
13:39:31,94
13:39:36,93
13:39:41,92
13:39:51,90
13:39:56,88
13:40:01,87
13:40:11,89
13:40:21,90
13:40:26,91
13:40:36,90
13:40:41,88
13:40:51,86
13:40:56,85
13:41:01,84
13:41:06,83
13:41:11,82
13:41:16,82
13:41:31,82
13:41:36,81
13:41:41,82
13:41:46,83
13:41:56,84
13:42:11,83
13:42:21,82
13:42:26,81
13:42:31,81
13:42:41,80
13:42:46,81
13:42:51,82
13:42:56,80
13:43:01,80
13:43:16,81
13:43:21,82
13:43:26,83
13:43:31,84
13:43:36,83
13:43:51,82
13:44:01,80
13:44:11,81
13:44:21,83
13:44:26,83
13:44:31,83
13:44:36,82
13:44:41,83
13:44:51,84
13:45:01,83
13:45:11,84
13:45:21,85
13:45:36,85
13:45:41,87
13:45:46,86
13:45:51,86
13:45:56,85
13:46:01,86
13:46:06,87
13:46:11,88
13:46:26,89
13:46:31,88
13:46:36,86
13:46:46,87
13:46:51,88
13:47:01,87
13:47:06,85
13:47:16,86
13:47:21,87
13:47:31,88
13:47:36,89
13:47:46,88
13:47:51,86
13:47:56,86
13:48:01,85
13:48:16,87
13:48:21,86
13:48:26,85
13:48:31,84
13:48:36,83
13:48:41,84
13:48:51,85
13:49:06,84
13:49:21,84
13:49:26,83
13:49:36,84
13:49:41,87
13:49:46,92
13:49:51,104
13:49:56,114
13:50:01,115
13:50:06,113
13:50:11,113
13:50:16,112
13:50:21,114
13:50:36,115
13:50:51,111
13:50:56,107
13:51:01,103
13:51:06,99
13:51:11,98
13:51:26,98
13:51:41,97
13:51:56,97
13:52:06,96
13:52:21,95
13:52:26,94
13:52:31,93
13:52:36,94
13:52:41,95
13:52:46,94
13:52:51,95
13:52:56,96
13:53:01,97
13:53:06,98
13:53:16,99
13:53:21,100
13:53:26,101
13:53:36,93
13:53:41,92
13:53:56,92
13:54:01,91
13:54:11,90
13:54:26,90
13:54:27,90
13:54:32,89
13:54:37,86
13:54:52,86
13:54:57,85
13:55:02,84
13:55:07,83
13:55:12,82
13:55:27,82
13:55:32,83
13:55:37,91
13:55:42,100
13:55:47,101
13:56:02,101
13:56:07,103
13:56:12,104
13:56:27,104
13:56:32,103
13:56:37,103
13:56:42,105
13:56:47,107
13:56:52,108
13:56:57,94
13:57:02,89
13:57:07,90
13:57:12,91
13:57:17,92
13:57:22,88
13:57:27,83
13:57:37,86
13:57:42,89
13:57:47,90
13:57:52,93
13:57:57,95
13:58:07,93
13:58:12,90
13:58:22,88
13:58:27,87
13:58:37,88
13:58:47,86
13:58:57,87
13:59:07,89
13:59:12,90
13:59:22,87
13:59:32,91
13:59:37,92
13:59:42,93
13:59:47,95
13:59:52,94
13:59:57,92
14:00:02,91
14:00:07,90
14:00:12,88
14:00:17,87
14:00:27,88
14:00:37,90
14:00:42,92
14:00:52,93
14:01:07,94
14:01:12,85
14:01:17,76
14:01:22,74
14:01:37,74
14:01:42,75
14:01:47,76
14:01:52,77
14:01:57,78
14:02:02,79
14:02:07,81
14:02:12,82
14:02:22,83
14:02:27,84
14:02:37,94
14:02:47,93
14:02:52,92
14:02:57,92
14:03:02,94
14:03:07,98
14:03:12,97
14:03:17,96
14:03:22,95
14:03:32,96
14:03:37,97
14:03:42,98
14:03:57,98
14:04:07,97
14:04:22,98
14:04:27,106
14:04:32,108
14:04:37,109
14:04:42,110
14:04:47,111
14:04:52,113
14:04:57,108
14:05:02,110
14:05:07,120
14:05:12,120
14:05:17,119
14:05:32,117
14:05:37,115
14:05:42,113
14:05:47,113
14:05:52,118
14:05:57,117
14:06:02,114
14:06:07,115
14:06:12,116
14:06:22,113
14:06:27,90
14:06:32,88
14:06:37,87
14:06:47,91
14:06:52,98
14:06:57,101
14:07:12,101
14:07:17,100
14:07:22,99
14:07:27,99
14:07:32,107
14:07:37,110
14:07:42,111
14:07:47,110
14:07:52,107
14:07:57,108
14:08:02,106
14:08:07,105
14:08:12,106
14:08:17,108
14:08:22,110
14:08:37,112
14:08:47,110
14:08:52,106
14:08:57,102
14:09:02,96
14:09:07,91
14:09:12,93
14:09:17,91
14:09:22,89
14:09:27,90
14:09:32,89
14:09:37,87
14:09:42,83
14:09:52,85
14:09:57,87
14:10:12,87
14:10:22,89
14:10:27,91
14:10:32,102
14:10:37,110
14:10:43,116
14:10:48,123
14:11:03,119
14:11:08,115
14:11:13,113
14:11:18,112
14:11:23,110
14:11:28,109
14:11:33,110
14:11:38,111
14:11:43,110
14:11:48,108
14:11:53,105
14:12:03,102
14:12:13,100
14:12:18,95
14:12:23,91
14:12:28,85
14:12:33,84
14:12:38,87
14:12:43,88
14:12:53,86
14:12:58,85
14:13:03,81
14:13:08,79
14:13:13,77
14:13:18,77
14:13:23,78
14:13:28,80
14:13:33,78
14:13:38,76
14:13:43,68
14:13:48,63
14:13:53,64
14:13:58,63
14:14:08,65
14:14:13,89
14:14:18,94
14:14:23,96
14:14:28,94
14:14:33,92
14:14:38,91
14:14:43,89
14:14:48,87
14:14:53,86
14:14:58,85
14:15:08,84
14:15:13,83
14:15:18,82
14:15:23,82
14:15:28,80
14:15:33,79
14:15:38,84
14:15:43,110
14:15:48,109
14:15:53,108
14:15:58,109
14:16:03,111
14:16:08,109
14:16:13,110
14:16:23,110
14:16:28,107
14:16:33,100
14:16:38,95
14:16:43,92
14:16:48,92
14:16:53,93
14:16:58,93
14:17:03,95
14:17:08,96
14:17:13,95
14:17:18,94
14:17:23,96
14:17:28,98
14:17:33,97
14:17:43,96
14:17:48,95
14:18:03,95
14:18:08,96
14:18:13,97
14:18:18,98
14:18:23,99
14:18:28,98
14:18:33,97
14:18:38,96
14:18:43,93
14:18:48,94
14:18:53,92
14:18:58,91
14:19:03,92
14:19:08,92
14:19:13,94
14:19:18,96
14:19:23,97
14:19:38,97
14:19:48,96
14:19:53,89
14:20:08,89
14:20:13,90
14:20:23,93
14:20:28,101
14:20:38,99
14:20:43,96
14:20:48,93
14:20:53,90
14:21:03,93
14:21:08,95
14:21:18,92
14:21:23,89
14:21:28,86
14:21:33,83
14:21:38,81
14:21:43,79
14:21:48,80
14:21:53,81
14:21:58,79
14:22:03,81
14:22:08,82
14:22:13,85
14:22:18,88
14:22:23,89
14:22:28,92
14:22:33,94
14:22:38,96
14:22:43,99
14:22:48,105
14:22:53,114
14:22:58,120
14:23:03,121
14:23:08,122
14:23:13,123
14:23:23,122
14:23:33,122
14:23:38,121
14:23:43,116
14:23:48,111
14:23:53,109
14:24:03,110
14:24:08,111
14:24:13,112
14:24:23,111
14:24:28,115
14:24:33,111
14:24:38,106
14:24:43,101
14:24:48,100
14:24:53,103
14:25:03,99
14:25:08,93
14:25:23,88
14:25:28,87
14:25:33,90
14:25:38,88
14:25:43,86
14:25:48,84
14:25:53,81
14:25:58,79
14:26:03,84
14:26:08,89
14:26:13,94
14:26:18,96
14:26:33,92
14:26:38,91
14:26:43,101
14:26:48,103
14:26:53,104
14:26:58,106
14:27:08,111
14:27:13,112
14:27:18,111
14:27:23,110
14:27:28,109
14:27:33,107
14:27:48,107
14:27:53,105
14:27:58,103
14:28:03,102
14:28:08,106
14:28:14,111
14:28:19,119
14:28:24,121
14:28:29,121
14:28:34,120
14:28:39,118
14:28:44,117
14:28:49,118
14:28:59,119
14:29:04,120
14:29:14,122
14:29:19,123
14:29:29,124
14:29:39,122
14:29:44,121
14:29:49,122
14:29:54,125
14:29:59,124
14:30:04,122
14:30:09,120
14:30:14,119
14:30:19,124
14:30:24,128
14:30:29,127
14:30:34,123
14:30:39,119
14:30:44,114
14:30:49,108
14:30:54,104
14:30:59,99
14:31:04,92
14:31:09,93
14:31:14,92
14:31:19,88
14:31:24,85
14:31:29,91
14:31:34,94
14:31:39,95
14:31:44,96
14:31:54,98
14:32:09,98
14:32:14,99
14:32:19,101
14:32:34,103
14:32:49,102
14:32:59,102
14:33:09,104
14:33:19,100
14:33:24,101
14:33:29,100
14:33:34,99
14:33:39,97
14:33:44,96
14:33:49,95
14:33:59,95
14:34:14,95
14:34:29,95
14:34:44,98
14:34:49,105
14:35:04,105
14:35:19,106
14:35:24,108
14:35:29,107
14:35:39,108
14:35:44,109
14:35:49,109
14:35:59,112
14:36:04,112
14:36:09,111
14:36:14,108
14:36:19,102
14:36:24,97
14:36:29,95
14:36:44,96
14:36:59,90
14:37:04,83
14:37:14,84
14:37:24,83
14:37:29,79
14:37:34,73
14:37:41,71
14:37:46,75
14:37:51,77
14:37:56,80
14:38:01,83
14:38:06,85
14:38:11,86
14:38:16,89
14:38:21,92
14:38:26,94
14:38:31,93
14:38:46,93
14:38:51,92
14:38:56,89
14:39:01,85
14:39:06,81
14:39:11,84
14:39:16,90
14:39:21,89
14:39:26,90
14:39:31,94
14:39:36,100
14:39:41,103
14:39:46,104
14:39:56,103
14:40:01,105
14:40:16,106
14:40:21,107
14:40:26,106
14:40:31,107
14:40:36,106
14:40:41,105
14:40:46,104
14:40:51,105
14:40:56,102
14:41:06,103
14:41:11,106
14:41:21,104
14:41:26,107
14:41:31,110
14:41:41,106
14:41:46,105
14:41:56,108
14:42:01,109
14:42:06,108
14:42:16,107
14:42:21,104
14:42:26,109
14:42:31,114
14:42:36,115
14:42:41,114
14:42:46,113
14:42:51,115
14:42:56,119
14:43:01,124
14:43:06,125
14:43:21,126
14:43:26,127
14:43:31,129
14:43:36,128
14:43:41,127
14:43:46,126
14:44:01,126
14:44:06,123
14:44:11,122
14:44:26,123
14:44:31,123
14:44:46,123
14:44:51,122
14:44:56,120
14:45:01,119
14:45:06,115
14:45:11,114
14:45:16,114
14:45:26,117
14:45:41,117
14:45:46,112
14:45:51,110
14:45:56,107
14:46:02,105
14:46:17,101
14:46:22,100
14:46:32,101
14:46:37,106
14:46:42,105
14:46:47,104
14:46:52,102
14:46:57,110
14:47:02,111
14:47:07,110
14:47:12,108
14:47:17,107
14:47:22,105
14:47:27,104
14:47:32,103
14:47:42,104
14:47:47,100
14:47:52,95
14:47:57,94
14:48:02,96
14:48:07,94
14:48:12,93
14:48:17,97
14:48:27,98
14:48:37,97
14:48:42,96
14:48:47,97
14:49:02,97
14:49:12,96
14:49:17,95
14:49:22,94
14:49:27,96
14:49:32,95
14:49:47,92
14:49:52,90
14:50:02,88
14:50:12,89
14:50:17,92
14:50:22,93
14:50:32,91
14:50:37,88
14:50:47,89
14:50:52,91
14:50:57,94
14:51:02,93
14:51:07,92
14:51:17,94
14:51:22,93
14:51:27,91
14:51:32,90
14:51:37,88
14:51:42,87
14:51:47,88
14:51:52,89
14:51:57,101
14:52:02,106
14:52:07,105
14:52:12,103
14:52:17,100
14:52:22,96
14:52:27,93
14:52:37,94
14:52:42,93
14:52:47,94
14:52:52,96
14:52:57,97
14:53:02,96
14:53:12,97
14:53:22,93
14:53:27,94
14:53:32,97
14:53:37,99
14:53:42,101
14:53:47,102
14:53:52,105
14:53:57,108
14:54:02,109
14:54:07,110
14:54:12,111
14:54:17,112
14:54:22,113
14:54:27,115
14:54:32,118
14:54:42,115
14:54:47,113
14:54:52,111
14:54:57,110
14:55:02,112
14:55:07,110
14:55:12,111
14:55:17,109
14:55:22,107
14:55:27,108
14:55:32,109
14:55:37,110
14:55:42,107
14:55:47,102
14:55:52,100
14:56:07,100
14:56:12,102
14:56:17,104
14:56:22,106
14:56:27,105
14:56:32,104
14:56:37,103
14:56:42,104
14:56:47,107
14:56:52,108
14:56:57,106
14:57:02,103
14:57:12,104
14:57:17,107
14:57:22,103
14:57:27,98
14:57:32,102
14:57:37,108
14:57:42,113
14:57:47,117
14:57:52,118
14:57:57,119
14:58:02,120
14:58:07,122
14:58:12,124
14:58:17,123
14:58:27,122
14:58:32,121
14:58:42,123
14:58:47,122
14:58:57,124
14:59:02,126
14:59:07,129
14:59:22,128
14:59:27,128
14:59:32,129
14:59:37,128
14:59:47,126
14:59:57,125
15:00:07,126
15:00:17,124
15:00:27,123
15:00:32,121
15:00:42,122
15:00:47,123
15:00:52,124
15:01:02,121
15:01:07,123
15:01:12,125
15:01:17,124
15:01:22,122
15:01:27,123
15:01:32,124
15:01:37,125
15:01:42,127
15:01:47,128
15:01:52,129
15:02:02,131
15:02:07,130
15:02:12,129
15:02:22,128
15:02:28,128
15:02:38,127
15:02:43,123
15:02:48,122
15:02:53,124
15:02:58,125
15:03:03,127
15:03:08,126
15:03:13,124
15:03:18,126
15:03:23,128
15:03:28,130
15:03:33,132
15:03:38,131
15:03:43,130
15:03:48,131
15:03:53,130
15:03:58,127
15:04:03,126
15:04:13,125
15:04:18,126
15:04:28,127
15:04:33,128
15:04:38,131
15:04:43,134
15:04:48,140
15:04:53,144
15:04:58,147
15:05:03,150
15:05:08,149
15:05:13,145
15:05:18,139
15:05:23,133
15:05:28,127
15:05:33,126
15:05:38,128
15:05:43,127
15:05:48,126
15:05:53,131
15:05:58,128
15:06:08,129
15:06:18,129
15:06:28,129
15:06:38,134
15:06:43,133
15:06:53,132
15:06:58,131
15:07:03,129
15:07:08,128
15:07:13,127
15:07:23,128
15:07:33,129
15:07:43,129
15:07:48,128
15:07:55,127
15:08:00,129
15:08:05,131
15:08:10,132
15:08:15,135
15:08:20,136
15:08:25,125
15:08:30,121
15:08:35,122
15:08:40,116
15:08:45,111
15:08:50,111
15:08:55,109
15:09:00,105
15:09:05,102
15:09:10,104
15:09:20,103
15:09:35,99
15:09:45,105
15:09:50,104
15:09:55,102
15:10:05,104
15:10:15,99
15:10:20,94
15:10:25,94
15:10:30,95
15:10:35,95
15:10:40,84
15:10:45,79
15:10:50,80
15:10:55,86
15:11:00,94
15:11:05,102
15:11:10,104
15:11:20,103
15:11:25,101
15:11:30,100
15:11:35,99
15:11:40,85
15:11:45,91
15:11:50,95
15:11:55,97
15:12:10,98
15:12:15,97
15:12:25,99
15:12:30,100
15:12:35,99
15:12:50,97
15:12:55,96
15:13:00,97
15:13:05,98
15:13:20,96
15:13:25,95
15:13:30,94
15:13:35,96
15:13:40,95
15:13:50,96
15:13:55,99
15:14:05,100
15:14:10,98
15:14:15,96
15:14:20,95
15:14:25,97
15:14:30,93
15:14:35,92
15:14:45,93
15:14:50,92
15:14:55,93
15:15:00,94
15:15:05,93
15:15:15,95
15:15:20,96
15:15:25,97
15:15:35,94
15:15:40,95
15:15:45,96
15:15:50,94
15:15:55,93
15:16:05,92
15:16:10,93
15:16:15,92
15:16:20,89
15:16:25,87
15:16:30,90
15:16:35,93
15:16:40,95
15:16:45,96
15:17:00,95
15:17:05,93
15:17:10,91
15:17:15,89
15:17:20,90
15:17:25,93
15:17:35,82
15:17:40,79
15:17:45,86
15:17:50,90
15:17:55,91
15:18:00,92
15:18:05,94
15:18:15,91
15:18:20,90
15:18:26,90
15:18:31,91
15:18:46,91
15:18:56,90
15:19:06,91
15:19:21,93
15:19:26,94
15:19:36,95
15:19:41,94
15:19:46,90
15:19:51,83
15:19:56,82
15:20:01,83
15:20:06,85
15:20:11,86
15:20:16,87
15:20:21,90
15:20:31,89
15:20:41,90
15:20:56,90
15:21:01,91
15:21:11,92
15:21:21,92
15:21:26,93
15:21:36,91
15:21:41,90
15:21:56,92
15:22:01,91
15:22:16,91
15:22:21,92
15:22:31,93
15:22:36,94
15:22:41,95
15:22:51,92
15:22:56,92
15:23:01,91
15:23:06,94
15:23:16,92
15:23:31,92
15:23:36,93
15:23:41,91
15:23:46,89
15:23:56,90
15:24:01,92
15:24:06,91
15:24:16,90
15:24:31,90
15:24:36,92
15:24:41,93
15:24:46,94
15:24:56,95
15:25:06,93
15:25:11,91
15:25:16,92
15:25:21,94
15:25:26,97
15:25:31,100
15:25:36,98
15:25:46,97
15:25:51,96
15:25:56,97
15:26:01,98
15:26:06,101
15:26:11,102
15:26:16,103
15:26:26,104
15:26:36,102
15:26:41,103
15:26:46,102
15:26:51,101
15:27:01,100
15:27:06,101
15:27:11,105
15:27:16,105
15:27:21,104
15:27:26,104
15:27:41,104
15:27:46,105
15:27:51,107
15:27:56,108
15:28:01,110
15:28:06,108
15:28:11,99
15:28:16,101
15:28:21,102
15:28:26,106
15:28:41,107
15:28:56,108
15:29:01,109
15:29:11,110
15:29:16,112
15:29:21,111
15:29:26,112
15:29:31,110
15:29:41,111
15:29:51,113
15:30:01,113
15:30:06,114
15:30:16,108
15:30:21,107
15:30:26,110
15:30:31,112
15:30:36,110
15:30:41,109
15:30:46,110
15:30:51,111
15:30:56,112
15:31:01,112
15:31:06,111
15:31:11,108
15:31:16,107
15:31:21,105
15:31:26,100
15:31:31,99
15:31:36,99
15:31:41,100
15:31:46,101
15:31:56,102
15:32:01,105
15:32:06,106
15:32:11,107
15:32:16,106
15:32:26,107
15:32:31,109
15:32:36,108
15:32:41,106
15:32:51,106
15:32:56,108
15:33:11,108
15:33:16,107
15:33:21,106
15:33:26,109
15:33:31,111
15:33:41,108
15:33:46,106
15:33:51,107
15:34:01,106
15:34:06,103
15:34:21,104
15:34:26,104
15:34:31,103
15:34:46,103
15:34:56,101
15:35:01,99
15:35:06,98
15:35:11,96
15:35:21,97
15:35:26,99
15:35:31,101
15:35:36,102
15:35:41,101
15:35:46,100
15:35:51,101
15:36:01,104
15:36:06,102
15:36:11,101
15:36:21,98
15:36:26,95
15:36:31,96
15:36:36,99
15:36:41,101
15:36:47,102
15:36:52,103
15:37:02,105
15:37:07,106
15:37:22,106
15:37:37,107
15:37:42,109
15:37:47,108
15:37:57,110
15:38:02,108
15:38:07,104
15:38:12,103
15:38:17,102
15:38:22,103
15:38:27,104
15:38:37,104
15:38:47,103
15:38:57,101
15:39:02,104
15:39:07,106
15:39:12,105
15:39:22,104
15:39:27,102
15:39:32,101
15:39:37,102
15:39:42,104
15:39:47,104
15:39:52,105
15:39:57,106
15:40:02,105
15:40:07,107
15:40:12,108
15:40:17,110
15:40:22,111
15:40:27,112
15:40:32,113
15:40:37,112
15:40:47,109
15:40:52,100
15:41:02,99
15:41:07,98
15:41:17,99
15:41:22,100
15:41:27,102
15:41:32,101
15:41:37,98
15:41:42,96
15:41:52,94
15:41:57,93
15:42:02,98
15:42:07,96
15:42:12,95
15:42:17,96
15:42:22,98
15:42:27,100
15:42:32,104
15:42:37,105
15:42:42,106
15:42:47,102
15:42:52,101
15:42:57,105
15:43:07,107
15:43:12,108
15:43:27,109
15:43:37,108
15:43:42,107
15:43:47,106
15:43:52,104
15:43:57,103
15:44:02,102
15:44:17,101
15:44:22,102
15:44:32,101
15:44:37,101
15:44:42,98
15:44:47,99
15:44:52,102
15:44:57,106
15:45:07,104
15:45:22,104
15:45:27,104
15:45:37,103
15:45:42,104
15:45:52,105
15:45:57,104
15:46:02,101
15:46:12,104
15:46:17,107
15:46:22,108
15:46:32,105
15:46:37,104
15:46:47,107
15:46:52,106
15:46:57,108
15:47:02,112
15:47:12,111
15:47:17,111
15:47:32,111
15:47:37,109
15:47:42,104
15:47:47,101
15:47:52,96
15:47:57,92
15:48:02,91
15:48:07,96
15:48:12,101
15:48:17,103
15:48:22,106
15:48:27,108
15:48:32,109
15:48:37,108
15:48:42,109
15:48:47,108
15:48:52,107
15:48:57,108
15:49:02,107
15:49:07,105
15:49:12,105
15:49:17,107
15:49:22,109
15:49:27,111
15:49:32,112
15:49:42,111
15:49:47,108
15:49:52,106
15:49:57,103
15:50:02,102
15:50:07,103
15:50:12,102
15:50:27,104
15:50:32,106
15:50:37,107
15:50:42,108
15:50:57,109
15:51:02,110
15:51:12,109
15:51:17,105
15:51:22,109
15:51:27,111
15:51:32,112
15:51:37,111
15:51:42,108
15:51:47,109
15:51:52,108
15:51:57,107
15:52:02,106
15:52:07,103
15:52:12,97
15:52:17,98
15:52:22,94
15:52:27,90
15:52:32,88
15:52:37,85
15:52:52,85
15:52:57,86
15:53:02,88
15:53:07,91
15:53:12,94
15:53:17,95
15:53:22,96
15:53:28,97
15:53:33,98
15:53:38,93
15:53:43,90
15:53:53,89
15:53:58,88
15:54:03,86
15:54:08,84
15:54:18,86
15:54:28,88
15:54:38,89
15:54:43,89
15:54:48,91
15:54:53,97
15:54:58,97
15:55:03,94
15:55:13,95
15:55:18,94
15:55:28,95
15:55:33,96
15:55:38,95
15:55:43,96
15:55:48,96
15:55:53,101
15:55:58,102
15:56:13,102
15:56:20,103
15:56:25,101
15:56:30,98
15:56:35,96
15:56:50,94
15:56:55,95
15:57:00,96
15:57:15,97
15:57:25,98
15:57:35,97
15:57:45,100
15:57:50,104
15:57:55,106
15:58:00,108
15:58:05,112
15:58:10,113
15:58:15,115
15:58:20,118
15:58:25,119
15:58:30,117
15:58:35,115
15:58:45,114
15:58:50,115
15:58:55,115
15:59:00,114
15:59:10,112
15:59:15,107
15:59:20,104
15:59:25,103
15:59:30,102
15:59:35,100
15:59:40,96
15:59:45,94
15:59:50,95
15:59:55,93
16:00:00,92
16:00:05,90
16:00:10,92
16:00:15,93
16:00:20,94
16:00:25,96
16:00:30,97
16:00:40,100
16:00:45,101
16:00:55,88
16:01:00,90
16:01:05,93
16:01:15,95
16:01:20,94
16:01:30,93
16:01:35,92
16:01:50,92
16:01:55,96
16:02:00,96
16:02:05,94
16:02:15,93
16:02:20,89
16:02:25,91
16:02:30,92
16:02:35,91
16:02:40,90
16:02:45,86
16:02:55,87
16:03:00,89
16:03:05,88
16:03:10,89
16:03:25,91
16:03:35,90
16:03:45,89
16:03:50,88
16:03:55,87
16:04:00,85
16:04:05,86
16:04:15,87
16:04:20,88
16:04:25,87
16:04:30,88
16:04:35,89
16:04:40,90
16:04:45,89
16:04:50,89
16:05:05,90
16:05:15,91
16:05:20,92
16:05:25,89
16:05:30,88
16:05:35,89
16:05:45,87
16:05:50,88
16:05:55,89
16:06:00,91
16:06:10,90
16:06:20,89
16:06:25,88
16:06:30,89
16:06:35,91
16:06:40,92
16:06:45,93
16:06:55,92
16:07:10,91
16:07:15,90
16:07:30,90
16:07:35,91
16:07:40,90
16:07:50,91
16:08:05,91
16:08:15,90
16:08:20,89
16:08:35,89
16:08:40,88
16:08:45,87
16:08:50,86
16:08:55,87
16:09:05,86
16:09:15,84
16:09:20,84
16:09:30,83
16:09:35,84
16:09:40,83
16:09:45,82
16:09:50,81
16:09:55,83
16:10:00,82
16:10:05,83
16:10:15,84
16:10:30,84
16:10:35,86
16:10:40,87
16:10:45,86
16:10:50,83
16:11:00,84
16:11:05,85
16:11:10,84
16:11:25,84
16:11:26,84
16:11:36,82
16:11:41,83
16:11:46,84
16:11:51,85
16:11:56,85
16:12:01,85
16:12:06,86
16:12:16,87
16:12:21,90
16:12:31,91
16:12:36,92
16:12:41,93
16:12:46,94
16:12:56,93
16:13:01,92
16:13:06,99
16:13:11,105
16:13:16,103
16:13:21,100
16:13:26,97
16:13:31,94
16:13:36,91
16:13:41,87
16:13:46,83
16:13:51,81
16:13:56,78
16:14:01,76
16:14:16,76
16:14:21,79
16:14:26,89
16:14:36,88
16:14:41,87
16:14:46,85
16:14:51,83
16:14:56,85
16:15:01,88
16:15:06,89
16:15:11,91
16:15:16,92
16:15:21,93
16:15:26,95
16:15:31,96
16:15:36,94
16:15:41,91
16:15:51,92
16:16:06,92
16:16:11,90
16:16:26,90
16:16:31,92
16:16:36,93
16:16:41,100
16:16:46,101
16:16:51,99
16:16:56,98
16:17:01,94
16:17:06,90
16:17:11,87
16:17:16,86
16:17:21,94
16:17:26,96
16:17:31,97
16:17:36,98
16:17:41,99
16:17:46,98
16:17:51,99
16:17:56,100
16:18:01,97
16:18:06,91
16:18:11,89
16:18:16,87
16:18:21,86
16:18:26,85
16:18:31,81
16:18:46,81
16:18:51,83
16:18:56,88
16:19:01,90
16:19:06,91
16:19:11,91
16:19:21,90
16:19:26,89
16:19:31,87
16:19:36,78
16:19:41,74
16:19:46,75
16:19:51,76
16:19:56,78
16:20:06,77
16:20:11,74
16:20:16,76
16:20:21,78
16:20:26,79
16:20:31,84
16:20:36,87
16:20:41,87
16:20:46,86
16:20:51,86
16:20:56,82
16:21:01,82
16:21:16,82
16:21:21,83
16:21:26,83
16:21:36,82
16:21:46,83
16:21:51,85
16:21:56,87
16:22:01,84
16:22:11,83
16:22:16,80
16:22:26,81
16:22:31,81
16:22:41,82
16:22:46,83
16:22:51,82
16:23:06,82
16:23:11,84
16:23:16,86
16:23:21,89
16:23:26,91
16:23:31,90
16:23:46,91
16:23:56,86
16:24:01,83
16:24:06,85
16:24:11,86
16:24:26,87
16:24:41,87
16:24:51,86
16:24:56,87
16:25:06,86
16:25:21,87
16:25:26,87
16:25:31,84
16:25:36,82
16:25:41,81
16:25:46,80
16:26:01,80
16:26:06,79
16:26:11,78
16:26:16,79
16:26:21,82
16:26:26,86
16:26:41,87
16:26:56,87
16:27:01,85
16:27:06,79
16:27:16,78
16:27:31,78
16:27:36,77
16:27:51,77
16:27:56,78
16:28:11,78
16:28:16,80
16:28:21,84
16:28:26,85
16:28:36,87
16:28:41,90
16:28:56,90
16:28:57,89
16:29:12,88
16:29:17,87
16:29:32,87
16:29:37,86
16:29:52,87
16:30:02,86
16:30:07,85
16:30:17,91
16:30:22,90
16:30:27,86
16:30:32,84
16:30:37,84
16:30:42,83
16:30:47,80
16:30:52,81
16:30:57,82
16:31:12,82
16:31:17,83
16:31:32,84
16:31:47,84
16:32:02,84
16:32:07,85
16:32:12,84
16:32:22,85
16:32:27,86
16:32:32,85
16:32:37,86
16:32:42,88
16:32:47,91
16:32:52,90
16:32:57,88
16:33:12,88
16:33:22,89
16:33:27,88
16:33:42,88
16:33:47,82
16:33:52,78
16:34:07,76
16:34:12,74
16:34:22,73
16:34:37,73
16:34:42,72
16:34:47,71
16:34:52,73
16:34:57,75
16:35:02,76
16:35:07,77
16:35:17,76
16:35:22,77
16:35:27,76
16:35:32,77
16:35:37,79
16:35:42,83
16:35:47,84
16:36:02,84
16:36:12,86
16:36:22,85
16:36:27,87
16:36:32,89
16:36:47,88
16:36:52,78
16:37:02,83
16:37:07,83
16:37:17,84
16:37:22,83
16:37:27,83
16:37:32,84
16:37:37,85
16:37:52,84
16:37:57,83
16:38:12,83
16:38:22,82
16:38:27,80
16:38:32,79
16:38:47,79
16:38:57,81
16:39:02,82
16:39:17,82
16:39:22,81
16:39:27,80
16:39:37,79
16:39:42,78
16:39:52,76
16:39:57,75
16:40:02,76
16:40:07,78
16:40:12,79
16:40:22,87
16:40:27,90
16:40:32,89
16:40:37,90
16:40:52,90
16:40:57,91
16:41:12,92
16:41:17,94
16:41:22,95
16:41:27,96
16:41:32,99
16:41:37,101
16:41:42,102
16:41:57,100
16:42:02,97
16:42:07,97
16:42:22,96
16:42:27,95
16:42:32,93
16:42:37,92
16:42:52,89
16:42:57,86
16:43:02,83
16:43:07,80
16:43:22,81
16:43:27,82
16:43:37,81
16:43:42,80
16:43:47,79
16:43:52,76
16:43:57,77
16:44:02,80
16:44:12,81
16:44:17,80
16:44:22,78
16:44:27,79
16:44:32,80
16:44:37,88
16:44:42,109
16:44:52,107
16:44:57,106
16:45:07,105
16:45:13,104
16:45:23,101
16:45:28,97
16:45:38,100
16:45:43,97
16:45:53,98
16:45:58,96
16:46:03,92
16:46:08,85
16:46:13,83
16:46:18,82
16:46:23,81
16:46:28,79
16:46:33,77
16:46:38,80
16:46:43,83
16:46:53,79
16:46:58,74
16:47:03,72
16:47:08,70
16:47:13,72
16:47:18,73
16:47:23,76
16:47:28,78
16:47:43,78
16:47:48,77
16:47:58,79
16:48:03,82
16:48:08,85
16:48:13,85
16:48:28,85
16:48:38,87
16:48:43,88
16:48:48,90
16:48:53,91
16:49:03,90
16:49:08,91
16:49:13,96
16:49:18,99
16:49:23,104
16:49:28,109
16:49:33,111
16:49:38,113
16:49:43,112
16:49:53,112
16:49:58,111
16:50:03,113
16:50:13,115
16:50:18,117
16:50:28,114
16:50:33,112
16:50:38,115
16:50:43,114
16:50:48,103
16:50:53,105
16:50:58,108
16:51:03,87
16:51:08,84
16:51:13,87
16:51:18,89
16:51:23,91
16:51:33,89
16:51:38,87
16:51:53,86
16:52:08,86
16:52:18,85
16:52:23,84
16:52:28,86
16:52:33,88
16:52:38,89
16:52:43,88
16:52:48,84
16:52:53,85
16:52:58,116
16:53:03,119
16:53:08,118
16:53:18,117
16:53:28,116
16:53:38,117
16:53:43,119
16:53:53,118
16:53:58,115
16:54:03,111
16:54:13,109
16:54:18,110
16:54:33,110
16:54:43,111
16:54:48,110
16:55:03,111
16:55:08,110
16:55:13,107
16:55:18,104
16:55:23,96
16:55:28,91
16:55:33,92
16:55:38,93
16:55:53,93
16:55:58,91
16:56:03,90
16:56:08,91
16:56:13,92
16:56:19,93
16:56:24,94
16:56:39,92
16:56:54,92
16:57:04,84
16:57:09,83
16:57:14,84
16:57:19,86
16:57:24,85
16:57:34,86
16:57:44,87
16:57:49,89
16:57:54,93
16:57:59,95
16:58:04,96
16:58:09,98
16:58:14,97
16:58:19,94
16:58:29,93
16:58:34,88
16:58:39,85
16:58:44,86
16:58:49,87
16:58:54,90
16:58:59,92
16:59:04,94
16:59:14,93
16:59:19,92
16:59:24,94
16:59:39,95
16:59:49,96
16:59:54,95
16:59:59,94
17:00:04,93
17:00:09,96
17:00:14,97
17:00:19,98
17:00:24,98
17:00:29,97
17:00:34,97
17:00:49,98
17:00:54,101
17:00:59,103
17:01:04,104
17:01:09,105
17:01:14,106
17:01:19,109
17:01:29,107
17:01:34,109
17:01:44,110
17:01:49,108
17:01:54,104
17:02:04,105
17:02:19,105
17:02:20,105
17:02:25,106
17:02:30,100
17:02:35,96
17:02:40,97
17:02:50,96
17:03:05,115
17:03:10,119
17:03:15,122
17:03:20,123
17:03:25,125
17:03:30,124
17:03:40,125
17:03:50,123
17:03:55,120
17:04:00,117
17:04:05,119
17:04:10,126
17:04:15,131
17:04:20,129
17:04:25,126
17:04:30,123
17:04:35,118
17:04:40,113
17:04:45,111
17:04:52,108
17:04:57,106
17:05:02,104
17:05:07,106
17:05:12,105
17:05:17,104
17:05:32,105
17:05:42,102
17:05:47,100
17:05:52,97
17:05:57,93
17:06:07,91
17:06:12,87
17:06:17,83
17:06:22,84
17:06:27,83
17:06:32,81
17:06:37,79
17:06:42,81
17:06:52,81
17:06:57,77
17:07:02,75
17:07:12,76
17:07:17,80
17:07:22,78
17:07:27,79
17:07:32,82
17:07:37,83
17:07:42,79
17:07:47,77
17:07:52,81
17:07:57,92
17:08:02,94
17:08:07,92
17:08:12,93
17:08:17,98
17:08:22,99
17:08:27,101
17:08:32,103
17:08:37,102
17:08:42,103
17:08:47,106
17:08:52,107
17:08:57,106
17:09:02,102
17:09:07,100
17:09:12,97
17:09:17,95
17:09:32,96
17:09:37,97
17:09:42,98
17:09:52,101
17:09:57,102
17:10:02,102
17:10:07,101
17:10:12,97
17:10:17,99
17:10:22,101
17:10:37,100
17:10:42,97
17:10:47,98
17:10:57,95
17:11:02,95
17:11:07,96
17:11:12,95
17:11:27,95
17:11:37,97
17:11:47,99
17:11:52,97
17:12:02,98
17:12:07,99
17:12:17,100
17:12:22,99
17:12:27,100
17:12:42,97
17:12:47,96
17:12:57,96
17:13:07,97
17:13:12,96
17:13:17,101
17:13:22,104
17:13:27,105
17:13:32,106
17:13:37,104
17:13:42,99
17:13:47,98
17:13:52,97
17:13:57,93
17:14:02,89
17:14:07,89
17:14:22,89
17:14:27,86
17:14:32,86
17:14:37,90
17:14:42,91
17:14:52,92
17:14:57,93
17:15:07,91
17:15:17,93
17:15:27,95
17:15:37,96
17:15:42,98
17:15:47,99
17:16:02,98
17:16:07,99
17:16:17,95
17:16:27,96
17:16:32,97
17:16:37,101
17:16:42,99
17:16:47,98
17:16:52,99
17:16:57,98
17:17:02,99
17:17:07,98
17:17:12,95
17:17:27,93
17:17:37,94
17:17:42,96
17:17:47,94
17:17:57,93
17:18:02,92
17:18:07,91
17:18:12,90
17:18:22,89
17:18:37,89
17:18:47,91
17:18:52,92
17:18:57,91
17:19:02,90
17:19:17,90
17:19:22,97
17:19:28,101
17:19:33,100
17:19:38,101
17:19:43,107
17:19:48,112
17:19:53,111
17:20:03,112
17:20:08,111
17:20:18,112
17:20:23,113
17:20:28,115
17:20:33,119
17:20:43,120
17:20:48,122
17:20:53,122
17:21:03,120
17:21:08,115
17:21:13,108
17:21:18,106
17:21:28,102
17:21:33,99
17:21:38,98
17:21:53,98
17:21:58,95
17:22:03,93
17:22:08,91
17:22:15,90
17:22:30,91
17:22:45,98
17:22:50,101
17:23:05,103
17:23:10,110
17:23:15,113
17:23:20,114
17:23:25,113
17:23:35,116
17:23:40,117
17:23:55,117
17:24:00,116
17:24:10,115
17:24:15,113
17:24:20,112
17:24:30,108
17:24:35,106
17:24:40,107
17:24:55,106
17:25:05,107
17:25:15,106
17:25:25,107
17:25:35,106
17:25:50,109
17:26:00,108
17:26:05,107
17:26:10,108
17:26:15,110
17:26:20,112
17:26:25,114
17:26:30,115
17:26:35,116
17:26:40,115
17:26:45,113
17:26:50,112
17:26:55,106
17:27:00,92
17:27:05,87
17:27:10,88
17:27:15,90
17:27:20,92
17:27:30,93
17:27:40,94
17:27:45,95
17:28:00,95
17:28:05,96
17:28:10,98
17:28:15,97
17:28:25,100
17:28:30,101
17:28:35,100
17:28:50,100
17:28:55,100
17:29:00,101
17:29:05,102
17:29:10,103
17:29:20,104
17:29:25,106
17:29:30,109
17:29:35,110
17:29:40,111
17:29:45,110
17:30:00,108
17:30:05,104
17:30:10,102
17:30:15,103
17:30:20,101
17:30:25,102
17:30:30,109
17:30:35,112
17:30:40,110
17:30:55,108
17:31:05,106
17:31:10,103
17:31:15,98
17:31:20,101
17:31:25,103
17:31:30,102
17:31:35,99
17:31:40,97
17:31:45,101
17:31:50,102
17:32:00,104
17:32:05,106
17:32:10,104
17:32:20,103
17:32:25,101
17:32:30,98
17:32:35,95
17:32:40,97
17:32:45,105
17:32:55,103
17:33:00,101
17:33:05,99
17:33:10,96
17:33:20,100
17:33:25,97
17:33:30,94
17:33:45,94
17:34:00,94
17:34:05,96
17:34:10,101
17:34:15,102
17:34:25,103
17:34:35,102
17:34:40,102
17:34:45,101
17:34:50,100
17:34:55,98
17:35:00,102
17:35:05,104
17:35:10,103
17:35:15,104
17:35:25,107
17:35:30,112
17:35:35,113
17:35:45,112
17:35:50,111
17:35:55,111
17:36:00,109
17:36:10,112
17:36:20,109
17:36:25,117
17:36:30,120
17:36:40,118
17:36:45,99
17:36:50,94
17:37:00,96
17:37:06,104
17:37:11,110
17:37:16,109
17:37:21,107
17:37:26,110
17:37:31,118
17:37:36,121
17:37:41,122
17:37:51,121
17:37:56,119
17:38:01,116
17:38:06,113
17:38:11,108
17:38:16,105
17:38:26,108
17:38:31,110
17:38:36,108
17:38:41,103
17:38:51,105
17:38:56,110
17:39:01,114
17:39:06,117
17:39:11,118
17:39:26,119
17:39:36,120
17:39:41,122
17:39:46,123
17:39:51,124
17:39:56,125
17:40:01,126
17:40:06,125
17:40:11,120
17:40:16,112
17:40:21,109
17:40:26,107
17:40:31,108
17:40:41,109
17:40:46,112
17:40:51,114
17:40:56,115
17:41:06,115
17:41:11,116
17:41:16,117
17:41:21,116
17:41:26,115
17:41:31,117
17:41:36,119
17:41:46,122
17:41:51,123
17:41:56,120
17:42:01,115
17:42:06,114
17:42:11,117
17:42:16,115
17:42:21,113
17:42:26,113
17:42:31,113
17:42:36,115
17:42:41,117
17:42:46,119
17:42:51,119
17:43:01,119
17:43:06,117
17:43:11,114
17:43:16,111
17:43:26,115
17:43:31,116
17:43:41,114
17:43:46,116
17:43:51,118
17:43:56,115
17:44:01,112
17:44:06,109
17:44:16,110
17:44:26,111
17:44:31,112
17:44:36,113
17:44:41,114
17:44:46,115
17:44:56,113
17:45:01,110
17:45:06,112
17:45:11,110
17:45:16,107
17:45:31,105
17:45:36,103
17:45:41,100
17:45:46,97
17:45:51,93
17:45:56,90
17:46:01,87
17:46:06,89
17:46:11,99
17:46:16,98
17:46:21,97
17:46:26,95
17:46:31,93
17:46:36,92
17:46:41,94
17:46:46,91
17:46:51,89
17:46:56,87
17:47:01,86
17:47:11,84
17:47:26,84
17:47:31,85
17:47:36,85
17:47:46,84
17:47:51,93
17:47:56,111
17:48:01,115
17:48:06,116
17:48:21,115
17:48:36,106
17:48:41,97
17:48:46,99
17:48:51,100
17:48:56,101
17:49:01,105
17:49:06,108
17:49:11,111
17:49:16,110
17:49:21,111
17:49:26,114
17:49:31,116
17:49:41,113
17:49:46,112
17:49:51,110
17:49:56,108
17:50:01,107
17:50:06,111
17:50:11,108
17:50:16,105
17:50:21,106
17:50:26,110
17:50:31,113
17:50:41,110
17:50:46,109
17:50:56,108
17:51:01,105
17:51:06,106
17:51:11,107
17:51:16,110
17:51:31,111
17:51:41,108
17:51:46,101
17:51:51,93
17:51:56,90
17:52:01,89
17:52:06,87
17:52:21,87
17:52:26,91
17:52:31,95
17:52:36,96
17:52:41,97
17:52:47,97
17:53:02,97
17:53:07,96
17:53:12,95
17:53:17,94
17:53:22,93
17:53:37,94
17:53:42,98
17:53:47,100
17:53:52,100
17:53:57,98
17:54:02,97
17:54:12,98
17:54:17,97
17:54:27,98
17:54:32,100
17:54:37,101
17:54:42,101
17:54:47,102
17:54:57,101
17:55:02,100
17:55:07,99
17:55:12,103
17:55:17,105
17:55:27,103
17:55:37,105
17:55:42,103
17:55:47,101
17:55:52,100
17:55:57,101
17:56:02,98
17:56:07,96
17:56:12,98
17:56:17,99
17:56:32,98
17:56:37,97
17:56:42,96
17:56:47,99
17:57:02,98
17:57:07,97
17:57:12,96
17:57:22,97
17:57:27,98
17:57:32,97
17:57:37,96
17:57:42,98
17:57:47,101
17:57:52,103
17:58:02,102
17:58:07,101
17:58:12,100
17:58:17,99
17:58:22,98
17:58:37,97
17:58:42,100
17:58:47,102
17:58:52,101
17:59:02,103
17:59:07,105
17:59:12,104
17:59:17,103
17:59:27,104
17:59:32,105
17:59:37,104
17:59:47,103
17:59:52,102
17:59:57,103
18:00:02,104
18:00:12,105
18:00:22,103
18:00:27,97
18:00:32,91
18:00:37,85
18:00:42,80
18:00:47,90
18:00:52,96
18:00:57,95
18:01:02,94
18:01:07,93
18:01:12,91
18:01:17,88
18:01:22,84
18:01:37,85
18:01:42,86
18:01:47,86
18:01:57,86
18:02:02,83
18:02:07,79
18:02:17,77
18:02:22,75
18:02:37,74
18:02:42,72
18:02:47,73
18:02:52,75
18:02:57,76
18:03:07,73
18:03:12,71
18:03:17,69
18:03:22,70
18:03:27,72
18:03:32,73
18:03:37,74
18:03:47,76
18:03:52,78
18:04:02,79
18:04:07,80
18:04:12,81
18:04:17,81
18:04:22,82
18:04:37,84
18:04:42,86
18:04:52,85
18:04:57,86
18:05:02,88
18:05:07,89
18:05:12,90
18:05:17,91
18:05:22,90
18:05:27,89
18:05:32,88
18:05:42,90
18:05:47,90
18:06:02,90
18:06:17,91
18:06:22,92
18:06:27,93
18:06:32,91
18:06:37,90
18:06:47,89
18:06:52,84
18:06:57,84
18:07:02,86
18:07:07,85
18:07:17,86
18:07:22,85
18:07:37,85
18:07:42,86
18:07:47,85
18:07:52,86
18:08:02,84
18:08:07,83
18:08:12,82
18:08:17,83
18:08:22,82
18:08:32,83
18:08:37,84
18:08:42,82
18:08:47,81
18:08:52,79
18:09:07,79
18:09:17,77
18:09:22,80
18:09:27,91
18:09:32,92
18:09:37,91
18:09:47,87
18:09:57,87
18:10:02,84
18:10:07,85
18:10:17,83
18:10:25,80
18:10:35,81
18:10:45,82
18:10:50,84
18:11:05,84
18:11:20,84
18:11:25,83
18:11:30,84
18:11:35,85
18:11:45,83
18:11:50,80
18:11:55,79
18:12:05,81
18:12:10,83
18:12:15,84
18:12:20,85
18:12:30,87
18:12:35,87
18:12:40,85
18:12:45,83
18:12:50,82
18:12:55,80
18:13:00,82
18:13:05,90
18:13:10,89
18:13:20,87
18:13:25,87
18:13:30,86
18:13:40,87
18:13:45,86
18:13:50,80
18:13:55,79
18:14:05,79
18:14:15,82
18:14:30,85
18:14:35,87
18:14:50,87
18:15:00,89
18:15:05,90
18:15:20,90
18:15:25,89
18:15:35,87
18:15:50,87
18:15:55,85
18:16:00,84
18:16:05,85
18:16:10,87
18:16:15,88
18:16:20,89
18:16:30,88
18:16:35,87
18:16:50,88
18:17:00,92
18:17:05,100
18:17:10,102
18:17:15,102
18:17:30,102
18:17:40,100
18:17:45,100
18:17:50,101
18:17:55,100
18:18:00,99
18:18:05,98
18:18:10,97
18:18:25,97
18:18:30,97
18:18:40,98
18:18:45,97
18:18:50,96
18:18:55,97
18:19:00,98
18:19:05,96
18:19:10,95
18:19:15,94
18:19:25,95
18:19:40,97
18:19:55,98
18:20:00,100
18:20:05,97
18:20:15,110
18:20:20,113
18:20:30,114
18:20:35,103
18:20:40,105
18:20:45,109
18:20:50,110
18:20:55,111
18:21:00,109
18:21:05,108
18:21:10,110
18:21:15,111
18:21:20,109
18:21:25,106
18:21:30,101
18:21:35,99
18:21:40,100
18:21:50,101
18:21:55,102
18:22:00,104
18:22:05,103
18:22:10,101
18:22:15,97
18:22:20,93
18:22:25,89
18:22:30,91
18:22:35,94
18:22:40,100
18:22:45,103
18:22:50,101
18:23:00,100
18:23:10,99
18:23:15,98
18:23:20,96
18:23:25,89
18:23:30,84
18:23:35,82
18:23:40,80
18:23:45,76
18:23:55,79
18:24:00,80
18:24:05,81
18:24:10,85
18:24:15,93
18:24:30,94
18:24:35,95
18:24:40,94
18:24:45,93
18:25:00,96
18:25:05,94
18:25:10,89
18:25:15,88
18:25:20,87
18:25:25,88
18:25:35,90
18:25:45,89
18:25:50,88
18:25:55,86
18:26:05,85
18:26:10,84
18:26:15,82
18:26:20,78
18:26:30,79
18:26:40,77
18:26:45,73
18:26:50,72
18:26:55,71
18:27:10,71
18:27:25,71
18:27:40,72
18:27:45,73
18:27:50,74
18:28:00,75
18:28:05,74
18:28:10,77
18:28:15,88
18:28:20,89
18:28:26,88
18:28:31,87
18:28:41,89
18:28:46,90
18:28:51,91
18:28:56,92
18:29:01,93
18:29:16,93
18:29:26,94
18:29:31,93
18:29:36,90
18:29:41,87
18:29:46,85
18:29:51,85
18:29:56,83
18:30:06,84
18:30:11,85
18:30:16,88
18:30:21,89
18:30:26,89
18:30:41,89
18:30:46,97
18:30:51,95
18:30:56,94
18:31:01,93
18:31:06,93
18:31:13,93
18:31:23,94
18:31:28,95
18:31:33,97
18:31:38,96
18:31:43,94
18:31:48,93
18:31:53,90
18:31:58,88
18:32:08,91
18:32:13,93
18:32:18,96
18:32:23,97
18:32:33,96
18:32:38,92
18:32:43,88
18:32:48,89
18:32:53,90
18:32:58,91
18:33:03,92
18:33:13,92
18:33:23,94
18:33:28,99
18:33:33,103
18:33:38,108
18:33:43,109
18:33:53,108
18:33:58,106
18:34:03,107
18:34:13,106
18:34:18,107
18:34:23,105
18:34:28,104
18:34:33,100
18:34:38,95
18:34:43,89
18:34:48,90
18:34:53,91
18:35:03,90
18:35:08,87
18:35:13,84
18:35:18,88
18:35:23,90
18:35:28,92
18:35:33,98
18:35:38,100
18:35:43,97
18:35:48,94
18:35:53,92
18:35:58,87
18:36:03,84
18:36:13,84
18:36:23,88
18:36:28,91
18:36:33,91
18:36:38,91
18:36:43,90
18:36:48,91
18:36:53,93
18:36:58,95
18:37:03,96
18:37:08,95
18:37:13,97
18:37:18,103
18:37:23,106
18:37:28,107
18:37:38,106
18:37:48,104
18:37:53,98
18:37:58,95
18:38:03,96
18:38:08,95
18:38:13,94
18:38:28,92
18:38:33,90
18:38:48,90
18:38:53,89
18:38:58,90
18:39:03,91
18:39:08,92
18:39:23,92
18:39:28,91
18:39:33,90
18:39:48,88
18:39:53,87
18:39:58,85
18:40:03,85
18:40:08,83
18:40:23,85
18:40:28,86
18:40:38,85
18:40:43,83
18:40:48,83
18:40:53,84
18:40:58,85
18:41:03,86
18:41:18,86
18:41:23,86
18:41:28,85
18:41:33,83
18:41:38,81
18:41:48,82
18:41:53,81
18:41:58,79
18:42:03,78
18:42:08,77
18:42:13,76
18:42:18,73
18:42:23,72
18:42:28,70
18:42:33,69
18:42:43,70
18:42:48,72
18:42:53,73
18:42:58,74
18:43:03,75
18:43:08,76
18:43:13,77
18:43:18,79
18:43:23,78
18:43:33,77
18:43:48,77
18:43:53,76
18:43:58,75
18:44:03,74
18:44:08,79
18:44:13,82
18:44:18,83
18:44:23,84
18:44:33,84
18:44:38,86
18:44:48,87
18:44:58,87
18:45:03,89
18:45:11,90
18:45:16,91
18:45:21,92
18:45:26,93
18:45:41,96
18:45:46,96
18:45:51,95
18:45:56,93
18:46:01,94
18:46:11,98
18:46:16,97
18:46:21,96
18:46:26,95
18:46:31,96
18:46:36,91
18:46:41,90
18:46:51,92
18:46:56,92
18:47:01,92
18:47:06,91
18:47:21,92
18:47:36,92
18:47:41,91
18:47:51,93
18:47:56,94
18:48:01,95
18:48:06,94
18:48:11,91
18:48:26,91
18:48:36,92
18:48:41,93
18:48:46,94
18:48:51,93
18:49:01,94
18:49:11,95
18:49:16,97
18:49:21,98
18:49:26,97
18:49:31,95
18:49:41,94
18:49:46,92
18:49:51,91
18:49:56,92
18:50:01,93
18:50:06,92
18:50:21,92
18:50:26,93
18:50:31,91
18:50:36,90
18:50:41,91
18:50:56,92
18:51:01,91
18:51:06,92
18:51:11,93
18:51:16,94
18:51:26,92
18:51:31,91
18:51:46,90
18:51:51,85
18:51:56,81
18:52:01,80
18:52:06,81
18:52:11,82
18:52:16,83
18:52:21,85
18:52:26,87
18:52:31,86
18:52:36,87
18:52:41,88
18:52:56,88
18:53:01,86
18:53:06,84
18:53:11,83
18:53:16,84
18:53:21,85
18:53:26,85
18:53:41,85
18:53:46,84
18:53:51,82
18:54:01,82
18:54:16,82
18:54:21,82
18:54:26,84
18:54:36,85
18:54:51,87
18:54:56,85
18:55:01,82
18:55:06,79
18:55:11,78
18:55:16,77
18:55:26,78
18:55:31,79
18:55:36,78
18:55:41,77
18:55:46,78
18:55:51,77
18:55:56,78
18:56:01,79
18:56:06,80
18:56:16,82
18:56:21,84
18:56:26,85
18:56:31,84
18:56:36,83
18:56:46,84
18:56:51,85
18:57:01,84
18:57:11,83
18:57:16,83
18:57:31,82
18:57:36,83
18:57:41,83
18:57:51,82
18:57:56,83
18:58:01,85
18:58:06,84
18:58:11,83
18:58:21,82
18:58:26,81
18:58:31,78
18:58:36,75
18:58:41,70
18:58:46,71
18:58:51,74
18:58:56,79
18:59:01,77
18:59:11,79
18:59:16,80
18:59:26,79
18:59:31,77
18:59:36,75
18:59:51,74
19:00:01,75
19:00:06,74
19:00:11,73
19:00:16,72
19:00:26,71
19:00:41,71
19:00:56,73
19:01:11,73
19:01:16,73
19:01:21,74
19:01:26,75
19:01:36,76
19:01:51,76
19:02:01,77
19:02:11,78
19:02:16,77
19:02:21,75
19:02:26,72
19:02:31,71
19:02:36,71
19:02:41,70
19:02:46,67
19:02:51,63
19:02:56,64
19:03:01,65
19:03:06,71
19:03:16,70
19:03:21,69
19:03:27,69
19:03:32,70
19:03:42,72
19:03:47,72
19:03:57,73
19:04:02,72
19:04:12,73
19:04:17,72
19:04:22,71
19:04:32,70
19:04:47,70
19:04:52,72
19:04:57,73
19:05:12,73
19:05:17,74
19:05:27,75
19:05:32,76
19:05:42,76
19:05:47,76
19:05:57,75
19:06:02,74
19:06:17,74
19:06:22,73
19:06:27,72
19:06:37,71
19:06:42,70
19:06:48,69
19:06:53,68
19:07:03,69
19:07:08,69
19:07:23,69
19:07:28,71
19:07:33,73
19:07:38,74
19:07:48,75
19:07:58,76
19:08:03,77
19:08:13,76
19:08:23,77
19:08:28,78
19:08:33,77
19:08:43,81
19:08:48,82
19:09:03,82
19:09:08,82
19:09:18,85
19:09:23,84
19:09:38,84
19:09:43,82
19:09:58,82
19:10:03,83
19:10:10,84
19:10:15,83
19:10:20,82
19:10:25,83
19:10:30,83
19:10:45,83
19:10:50,84
19:11:05,85
19:11:15,83
19:11:20,84
19:11:30,85
19:11:35,86
19:11:40,83
19:11:45,80
19:11:50,79
19:11:55,80
19:12:10,80
19:12:15,80
19:12:20,79
19:12:35,79
19:12:50,80
19:12:55,80
19:13:05,80
19:13:10,84
19:13:17,84
19:13:22,83
19:13:37,82
19:13:47,81
19:13:52,79
19:13:57,83
19:14:07,82
19:14:12,81
19:14:17,79
19:14:22,79
19:14:27,78
19:14:32,77
19:14:37,76
19:14:52,76
19:14:57,75
19:15:02,74
19:15:12,75
19:15:22,76
19:15:32,75
19:15:37,74
19:15:52,77
19:16:02,74
19:16:07,73
19:16:12,71
19:16:17,69
19:16:22,68
19:16:27,67
19:16:32,65
19:16:47,65
19:16:52,66
19:17:07,66
19:17:22,66
19:17:27,68
19:17:42,68
19:17:52,67
19:18:02,66
19:18:12,68
19:18:17,70
19:18:22,71
19:18:32,72
19:18:37,71
19:18:42,71
19:18:47,73
19:18:52,69
19:18:57,66
19:19:02,61
19:19:12,61
19:19:17,62
19:19:27,63
19:19:42,63
19:19:57,63
19:20:02,71
19:20:08,71
19:20:13,72
19:20:23,84
19:20:28,86
19:20:33,87
19:20:38,86
19:20:43,83
19:20:48,82
19:20:53,83
19:20:58,82
19:21:03,79
19:21:08,77
19:21:13,75
19:21:23,77
19:21:28,78
19:21:33,79
19:21:43,80
19:21:48,79
19:21:53,80
19:21:58,79
19:22:08,81
19:22:13,82
19:22:18,81
19:22:23,79
19:22:28,80
19:22:38,80
19:22:43,80
19:22:48,80
19:22:53,81
19:22:58,83
19:23:13,84
19:23:23,87
19:23:33,86
19:23:43,90
19:23:48,93
19:23:53,92
19:23:58,90
19:24:13,89
19:24:18,88
19:24:23,87
19:24:33,88
19:24:38,90
19:24:43,92
19:24:48,95
19:24:58,96
19:25:03,100
19:25:08,101
19:25:13,99
19:25:18,98
19:25:23,97
19:25:38,97
19:25:48,98
19:25:53,99
19:25:58,99
19:26:08,97
19:26:23,96
19:26:28,94
19:26:33,91
19:26:38,90
19:26:43,89
19:26:58,91
19:27:03,92
19:27:08,91
19:27:13,92
19:27:23,91
19:27:28,92
19:27:43,93
19:27:48,95
19:28:03,90
19:28:08,87
19:28:13,86
19:28:18,85
19:28:23,84
19:28:28,83
19:28:38,83
19:28:43,84
19:28:48,85
19:28:58,84
19:29:08,85
19:29:13,84
19:29:18,83
19:29:23,82
19:29:33,82
19:29:43,90
19:29:48,93
19:29:53,94
19:29:58,95
19:30:03,104
19:30:08,108
19:30:13,107
19:30:18,104
19:30:23,100
19:30:28,97
19:30:33,95
19:30:38,98
19:30:43,96
19:30:48,95
19:30:53,92
19:30:58,93
19:31:03,90
19:31:08,88
19:31:13,86
19:31:18,85
19:31:23,86
19:31:33,88
19:31:38,87
19:31:43,87
19:31:48,86
19:31:53,83
19:31:58,82
19:32:03,88
19:32:08,88
19:32:13,87
19:32:23,86
19:32:33,86
19:32:48,86
19:32:58,87
19:33:03,89
19:33:08,86
19:33:18,86
19:33:28,84
19:33:33,85
19:33:38,84
19:33:43,82
19:33:48,83
19:33:53,84
19:33:58,83
19:34:13,83
19:34:28,82
19:34:33,80
19:34:38,78
19:34:53,78
19:34:58,81
19:35:08,80
19:35:23,81
19:35:33,82
19:35:38,80
19:35:53,80
19:35:58,84
19:36:03,90
19:36:08,91
19:36:13,86
19:36:18,81
19:36:23,80
19:36:28,79
19:36:33,78
19:36:38,77
19:36:43,77
19:36:58,77
19:37:03,79
19:37:08,80
19:37:13,80
19:37:23,72
19:37:28,70
19:37:34,73
19:37:39,75
19:37:44,75
19:37:49,74
19:37:59,73
19:38:09,78
19:38:14,81
19:38:24,82
19:38:29,83
19:38:39,85
19:38:44,83
19:38:49,78
19:38:54,77
19:38:59,77
19:39:09,76
19:39:14,77
19:39:29,77
19:39:39,78
19:39:49,79
19:39:54,80
19:39:59,79
19:40:14,78
19:40:19,80
19:40:24,79
19:40:39,79
19:40:44,81
19:40:49,82
19:40:54,83
19:40:59,84
19:41:04,81
19:41:19,80
19:41:24,81
19:41:34,82
19:41:39,83
19:41:54,89
19:41:59,93
19:42:04,94
19:42:09,95
19:42:14,96
19:42:19,98
19:42:24,101
19:42:29,101
19:42:39,101
19:42:44,102
19:42:49,104
19:42:54,105
19:42:59,104
19:43:04,103
19:43:14,105
19:43:19,104
19:43:24,105
19:43:29,104
19:43:34,103
19:43:39,102
19:43:44,102
19:43:49,100
19:43:54,94
19:44:04,93
19:44:09,96
19:44:14,98
19:44:19,99
19:44:24,100
19:44:39,101
19:44:49,99
19:44:59,100
19:45:09,102
19:45:24,103
19:45:29,102
19:45:34,99
19:45:39,98
19:45:44,97
19:45:49,98
19:46:04,101
19:46:09,106
19:46:19,107
19:46:24,104
19:46:29,105
19:46:34,113
19:46:39,111
19:46:44,106
19:46:49,103
19:46:54,102
19:46:59,101
19:47:04,103
19:47:09,106
19:47:14,108
19:47:19,110
19:47:24,114
19:47:29,117
19:47:34,120
19:47:39,122
19:47:44,123
19:47:49,124
19:48:04,125
19:48:09,124
19:48:14,119
19:48:19,120
19:48:24,124
19:48:29,127
19:48:39,126
19:48:44,125
19:48:54,124
19:48:59,121
19:49:04,120
19:49:09,116
19:49:19,115
19:49:24,116
19:49:29,121
19:49:34,123
19:49:44,125
19:49:49,127
19:49:54,126
19:49:59,123
19:50:04,120
19:50:09,119
19:50:14,118
19:50:24,117
19:50:34,115
19:50:39,107
19:50:44,106
19:50:54,103
19:51:04,105
19:51:14,106
19:51:29,106
19:51:34,100
19:51:44,101
19:51:49,102
19:51:59,101
19:52:04,100
19:52:09,96
19:52:14,92
19:52:19,89
19:52:24,84
19:52:31,81
19:52:36,79
19:52:41,72
19:52:46,68
19:52:56,68
19:53:01,70
19:53:06,77
19:53:11,81
19:53:21,82
19:53:26,88
19:53:31,90
19:53:36,92
19:53:46,90
19:53:51,89
19:53:56,90
19:54:01,94
19:54:06,104
19:54:16,103
19:54:21,104
19:54:26,105
19:54:31,108
19:54:36,107
19:54:41,106
19:54:46,105
19:54:51,103
19:54:56,102
19:55:01,100
19:55:06,99
19:55:11,98
19:55:26,98
19:55:31,96
19:55:36,95
19:55:46,96
19:55:56,95
19:56:01,93
19:56:11,92
19:56:26,93
19:56:31,91
19:56:36,90
19:56:41,89
19:56:51,90
19:56:56,87
19:57:01,88
19:57:06,89
19:57:16,87
19:57:31,88
19:57:36,88
19:57:41,90
19:57:51,88
19:57:56,87
19:58:06,84
19:58:11,82
19:58:16,83
19:58:21,85
19:58:26,86
19:58:41,87
19:58:56,87
19:59:01,88
19:59:11,90
19:59:16,88
19:59:21,87
19:59:26,86
19:59:36,84
19:59:41,82
19:59:46,82
20:00:01,82
20:00:11,83
20:00:26,84
20:00:31,83
20:00:36,82
20:00:51,84
20:01:01,85
20:01:06,86
20:01:16,87
20:01:21,88
20:01:36,87
20:01:41,85
20:01:46,84
20:01:56,83
20:02:06,82
20:02:11,81
20:02:16,83
20:02:21,85
20:02:31,86
20:02:46,89
20:02:51,92
20:02:56,90
20:03:01,89
20:03:11,88
20:03:16,87
20:03:21,86
20:03:26,85
20:03:31,86
20:03:36,87
20:03:41,89
20:03:46,90
20:03:51,86
20:03:56,84
20:04:01,83
20:04:06,82
20:04:11,83
20:04:21,76
20:04:26,71
20:04:36,70
20:04:46,71
20:04:56,72
20:05:06,74
20:05:11,73
20:05:26,72
20:05:31,73
20:05:41,72
20:05:51,71
20:05:56,70
20:06:11,70
20:06:16,68
20:06:21,67
20:06:31,69
20:06:36,71
20:06:51,71
20:06:56,75
20:07:01,76
20:07:06,75
20:07:16,76
20:07:21,76
20:07:36,76
20:07:41,75
20:07:46,76
20:07:51,78
20:08:06,78
20:08:16,78
20:08:31,78
20:08:37,79
20:08:47,78
20:08:57,79
20:09:02,80
20:09:07,78
20:09:12,76
20:09:17,75
20:09:32,75
20:09:42,77
20:09:57,77
20:10:02,78
20:10:07,76
20:10:12,77
20:10:27,77
20:10:32,74
20:10:37,73
20:10:52,73
20:11:07,73
20:11:22,73
20:11:27,77
20:11:42,77
20:11:47,79
20:11:52,80
20:12:07,80
20:12:08,80
20:12:23,80
20:12:28,81
20:12:33,84
20:12:48,84
20:12:53,83
20:13:03,82
20:13:13,83
20:13:23,82
20:13:33,77
20:13:38,74
20:13:43,75
20:13:48,75
20:13:58,76
20:14:03,78
20:14:08,79
20:14:18,78
20:14:23,77
20:14:38,78
20:14:43,79
20:14:48,80
20:14:53,81
20:14:58,80
20:15:03,79
20:15:08,80
20:15:13,77
20:15:23,78
20:15:28,78
20:15:33,76
20:15:48,76
20:16:03,76
20:16:08,75
20:16:13,73
20:16:28,74
20:16:33,76
20:16:38,78
20:16:53,78
20:16:58,78
20:17:03,79
20:17:13,78
20:17:28,80
20:17:33,81
20:17:38,85
20:17:43,89
20:17:53,88
20:18:08,87
20:18:13,84
20:18:23,83
20:18:28,82
20:18:33,81
20:18:38,80
20:18:48,79
20:18:53,78
20:19:08,78
20:19:13,78
20:19:28,78
20:19:33,79
20:19:43,78
20:19:48,77
20:19:53,76
20:19:58,78
20:20:03,78
20:20:08,77
20:20:13,76
20:20:23,74
20:20:28,72
20:20:33,70
20:20:38,68
20:20:43,68
20:20:48,67
20:20:53,65
20:20:58,64
20:21:13,65
20:21:18,67
20:21:23,68
20:21:28,69
20:21:33,71
20:21:38,69
20:21:43,66
20:21:48,67
20:21:53,67
20:21:58,66
20:22:03,65
20:22:13,64
20:22:28,63
20:22:38,62
20:22:43,63
20:22:53,64
20:22:58,65
20:23:03,66
20:23:08,67
20:23:13,67
20:23:18,66
20:23:33,65
20:23:48,65
20:23:58,67
20:24:03,69
20:24:08,73
20:24:13,75
20:24:18,76
20:24:33,78
20:24:38,77
20:24:48,78
20:25:03,77
20:25:08,76
20:25:13,77
20:25:18,78
20:25:23,77
20:25:28,75
20:25:38,74
20:25:48,73
20:25:53,72
20:25:58,71
20:26:08,70
20:26:23,70
20:26:28,71
20:26:33,69
20:26:38,68
20:26:43,69
20:26:48,72
20:27:03,72
20:27:08,71
20:27:13,70
20:27:18,73
20:27:23,78
20:27:38,78
20:27:43,83
20:27:48,82
20:27:53,81
20:28:08,81
20:28:18,83
20:28:33,83
20:28:34,81
20:28:49,82
20:28:54,81
20:29:09,81
20:29:14,82
20:29:19,79
20:29:34,79
20:29:44,80
20:29:49,79
20:29:54,78
20:30:04,77
20:30:09,78
20:30:14,77
20:30:29,76
20:30:44,76
20:30:59,76
20:31:09,77
20:31:14,76
20:31:19,77
20:31:24,79
20:31:29,83
20:31:39,81
20:31:44,79
20:31:49,78
20:32:04,77
20:32:14,79
20:32:19,80
20:32:24,80
20:32:39,81
20:32:49,80
20:32:54,79
20:32:59,79
20:33:04,78
20:33:09,74
20:33:14,73
20:33:24,74
20:33:29,75
20:33:44,75
20:33:59,74
20:34:04,73
20:34:14,76
20:34:19,75
20:34:24,76
20:34:34,77
20:34:39,78
20:34:54,78
20:35:09,78
20:35:19,79
20:35:24,78
20:35:29,76
20:35:34,75
20:35:39,73
20:35:44,71
20:35:59,72
20:36:04,72
20:36:14,73
20:36:19,75
20:36:24,76
20:36:29,74
20:36:34,74
20:36:49,75
20:37:04,75
20:37:14,74
20:37:19,74
20:37:24,73
20:37:34,72
20:37:39,71
20:37:44,70
20:37:49,69
20:37:54,68
20:37:59,67
20:38:04,67
20:38:09,64
20:38:19,66
20:38:24,68
20:38:29,69
20:38:34,66
20:38:44,62
20:38:49,59
20:38:54,60
20:38:59,59
20:39:04,60
20:39:09,61
20:39:14,66
20:39:19,72
20:39:24,74
20:39:29,75
20:39:34,72
20:39:39,73
20:39:49,75
20:40:04,75
20:40:19,75
20:40:24,74
20:40:29,75
20:40:34,73
20:40:44,72
20:40:54,69
20:40:59,70
20:41:04,69
20:41:09,68
20:41:19,69
20:41:24,68
20:41:34,69
20:41:39,70
20:41:49,71
20:41:54,73
20:42:04,72
20:42:14,71
20:42:19,71
20:42:29,75
20:42:34,77
20:42:44,77
20:42:49,78
20:42:54,77
20:42:59,76
20:43:09,77
20:43:24,77
20:43:34,78
20:43:39,79
20:43:44,78
20:43:59,78
20:44:09,75
20:44:14,74
20:44:29,74
20:44:34,73
20:44:39,72
20:44:54,72
20:44:59,76
20:45:14,76
20:45:19,73
20:45:24,72
20:45:29,71
20:45:34,70
20:45:40,70
20:45:45,71
20:45:50,72
20:45:55,73
20:46:00,74
20:46:05,75
20:46:10,76
20:46:15,73
20:46:20,71
20:46:25,69
20:46:30,68
20:46:35,67
20:46:40,66
20:46:50,67
20:47:05,66
20:47:20,67
20:47:25,74
20:47:30,75
20:47:45,73
20:47:50,72
20:47:55,73
20:48:05,74
20:48:15,73
20:48:30,73
20:48:40,71
20:48:45,73
20:48:50,72
20:48:55,72
20:49:05,70
20:49:10,69
20:49:20,67
20:49:30,66
20:49:35,67
20:49:40,68
20:49:55,68
20:50:00,71
20:50:15,71
20:50:30,71
20:50:45,70
20:50:55,71
20:51:10,72
20:51:20,73
20:51:30,71
20:51:35,70
20:51:50,70
20:51:55,71
20:52:10,70
20:52:15,69
20:52:20,71
20:52:30,72
20:52:35,73
20:52:40,72
20:52:55,71
20:53:00,72
20:53:05,74
20:53:10,76
20:53:15,77
20:53:25,75
20:53:30,72
20:53:35,73
20:53:45,74
20:53:50,75
20:54:05,74
20:54:10,75
20:54:15,74
20:54:20,73
20:54:35,73
20:54:40,72
20:54:45,68
20:54:50,66
20:54:55,67
20:55:10,67
20:55:15,68
20:55:25,70
20:55:30,72
20:55:35,75
20:55:40,77
20:55:45,75
20:55:50,74
20:55:55,72
20:56:00,67
20:56:05,70
20:56:10,71
20:56:20,72
20:56:25,73
20:56:30,72
20:56:35,71
20:56:40,72
20:56:45,73
20:57:00,75
20:57:10,76
20:57:15,78
20:57:20,76
20:57:30,78
20:57:35,79
20:57:40,79
20:57:45,76
20:57:50,72
20:57:55,73
20:58:00,73
20:58:05,72
20:58:20,71
20:58:35,71
20:58:45,70
20:58:50,69
20:58:55,70
20:59:05,68
20:59:20,68
20:59:26,68
20:59:31,71
20:59:36,72
20:59:46,73
21:00:01,76
21:00:06,77
21:00:11,77
21:00:26,78
21:00:41,77
21:00:46,74
21:01:01,70
21:01:06,71
21:01:11,72
21:01:16,72
21:01:21,72
21:01:26,75
21:01:31,77
21:01:36,78
21:01:46,77
21:02:01,75
21:02:06,73
21:02:11,72
21:02:16,67
21:02:21,66
21:02:26,65
21:02:41,67
21:02:51,67
21:03:01,69
21:03:06,71
21:03:16,70
21:03:31,70
21:03:46,70
21:03:51,71
21:03:56,72
21:04:01,73
21:04:06,75
21:04:11,77
21:04:16,76
21:04:31,76
21:04:46,75
21:04:56,74
21:05:06,73
21:05:11,72
21:05:16,73
21:05:31,73
21:05:41,74
21:05:46,73
21:05:51,74
21:06:01,72
21:06:06,70
21:06:11,70
21:06:21,69
21:06:26,70
21:06:41,70
21:06:51,71
21:07:01,72
21:07:16,72
21:07:21,73
21:07:36,73
21:07:41,74
21:07:46,73
21:08:01,73
21:08:06,74
21:08:21,71
21:08:26,69
21:08:31,68
21:08:36,69
21:08:41,70
21:08:46,71
21:08:56,70
21:09:06,66
21:09:11,63
21:09:21,62
21:09:26,63
21:09:36,64
21:09:51,66
21:10:06,66
21:10:11,64
21:10:16,63
21:10:21,64
21:10:26,65
21:10:31,66
21:10:41,65
21:10:46,64
21:10:56,65
21:11:11,65
21:11:16,66
21:11:26,67
21:11:31,68
21:11:41,69
21:11:46,67
21:11:51,66
21:12:01,67
21:12:11,66
21:12:16,65
21:12:21,64
21:12:36,64
21:12:51,63
21:12:56,64
21:13:01,65
21:13:16,67
21:13:26,65
21:13:36,66
21:13:41,67
21:13:46,68
21:13:51,69
21:13:56,70
21:14:06,68
21:14:21,70
21:14:26,71
21:14:31,69
21:14:36,68
21:14:41,69
21:14:46,70
21:14:51,71
21:15:01,70
21:15:11,68
21:15:16,67
21:15:21,67
21:15:26,66
21:15:31,64
21:15:36,62
21:15:41,63
21:15:51,62
21:15:56,63
21:16:11,63
21:16:16,64
21:16:26,65
21:16:41,66
21:16:46,71
21:16:51,70
21:16:56,70
21:17:06,69
21:17:11,68
21:17:16,70
21:17:21,73
21:17:26,70
21:17:31,63
21:17:36,57
21:17:41,56
21:17:51,60
21:17:56,65
21:18:06,66
21:18:16,67
21:18:26,66
21:18:31,67
21:18:41,68
21:18:56,68
21:19:06,71
21:19:11,72
21:19:16,73
21:19:21,70
21:19:26,68
21:19:36,67
21:19:41,63
21:19:46,61
21:19:51,62
21:19:57,61
21:20:02,62
21:20:07,65
21:20:12,67
21:20:22,63
21:20:27,59
21:20:42,59
21:20:47,61
21:20:52,62
21:21:02,65
21:21:07,66
21:21:12,68
21:21:17,70
21:21:22,71
21:21:27,68
21:21:32,64
21:21:37,62
21:21:52,63
21:21:57,64
21:22:02,65
21:22:07,66
21:22:12,67
21:22:17,65
21:22:22,64
21:22:27,65
21:22:32,66
21:22:42,67
21:22:47,67
21:22:52,61
21:22:57,60
21:23:12,65
21:23:17,68
21:23:32,68
21:23:47,69
21:23:52,72
21:23:57,75
21:24:02,74
21:24:07,68
21:24:12,66
21:24:17,67
21:24:27,68
21:24:32,69
21:24:37,70
21:24:42,71
21:24:47,70
21:24:52,67
21:24:57,65
21:25:02,65
21:25:17,65
21:25:22,63
21:25:27,62
21:25:32,65
21:25:37,69
21:25:42,71
21:25:47,70
21:25:52,66
21:25:57,62
21:26:02,61
21:26:12,63
21:26:17,65
21:26:22,66
21:26:27,68
21:26:37,69
21:26:42,73
21:26:47,76
21:26:52,74
21:26:57,68
21:27:02,65
21:27:07,64
21:27:12,62
21:27:17,60
21:27:22,59
21:27:27,58
21:27:32,58
21:27:37,62
21:27:47,64
21:27:52,66
21:27:57,69
21:28:07,67
21:28:12,62
21:28:17,58
21:28:22,56
21:28:32,58
21:28:37,61
21:28:42,60
21:28:47,60
21:28:57,62
21:29:12,62
21:29:17,65
21:29:22,66
21:29:27,65
21:29:32,64
21:29:37,62
21:29:42,62
21:29:52,63
21:29:57,62
21:30:02,63
21:30:12,65
21:30:17,68
21:30:32,69
21:30:37,68
21:30:42,66
21:30:47,63
21:30:52,59
21:30:57,60
21:31:02,61
21:31:07,62
21:31:12,63
21:31:17,63
21:31:27,65
21:31:32,72
21:31:37,72
21:31:42,70
21:31:47,62
21:31:52,59
21:31:57,58
21:32:02,58
21:32:12,59
21:32:17,60
21:32:22,62
21:32:27,72
21:32:42,66
21:32:47,64
21:32:52,62
21:32:57,63
21:33:02,64
21:33:07,68
21:33:12,69
21:33:27,68
21:33:42,66
21:33:47,64
21:33:52,64
21:33:57,65
21:34:02,65
21:34:07,64
21:34:12,64
21:34:17,66
21:34:22,65
21:34:37,65
21:34:42,67
21:34:52,69
21:34:57,71
21:35:12,71
21:35:17,72
21:35:27,71
21:35:32,69
21:35:37,67
21:35:47,68
21:35:52,69
21:36:02,70
21:36:07,68
21:36:12,65
21:36:17,64
21:36:32,64
21:36:42,65
21:36:47,66
21:36:52,67
21:36:57,71
21:37:07,70
21:37:22,70
21:37:23,71
21:37:28,70
21:37:38,66
21:37:43,63
21:37:58,63
21:38:08,64
21:38:13,63
21:38:18,62
21:38:23,63
21:38:38,63
21:38:48,64
21:38:53,63
21:38:58,59
21:39:03,58
21:39:08,57
21:39:13,59
21:39:18,63
21:39:23,66
21:39:33,63
21:39:38,65
21:39:43,68
21:39:48,65
21:39:53,63
21:39:58,62
21:40:03,60
21:40:13,61
21:40:18,63
21:40:23,63
21:40:33,64
21:40:43,65
21:40:58,65
21:41:03,64
21:41:13,66
21:41:23,68
21:41:33,63
21:41:38,62
21:41:43,62
21:41:48,62
21:41:53,63
21:42:08,63
21:42:13,64
21:42:23,63
21:42:38,64
21:42:43,66
21:42:48,63
21:42:53,59
21:42:58,56
21:43:03,59
21:43:08,65
21:43:13,64
21:43:18,63
21:43:23,61
21:43:28,59
21:43:43,60
21:43:48,63
21:43:53,61
21:43:58,61
21:44:03,63
21:44:08,64
21:44:23,65
21:44:38,59
21:44:43,56
21:44:53,57
21:44:58,58
21:45:08,59
21:45:18,58
21:45:33,56
21:45:48,56
21:46:03,56
21:46:08,58
21:46:23,59
21:46:33,60
21:46:38,64
21:46:48,65
21:47:03,65
21:47:08,63
21:47:18,62
21:47:23,63
21:47:28,62
21:47:43,58
21:47:48,57
21:47:53,58
21:47:58,59
21:48:08,60
21:48:13,61
21:48:18,62
21:48:33,62
21:48:38,63
21:48:53,64
21:48:58,63
21:49:08,62
21:49:23,61
21:49:38,61
21:49:43,62
21:49:53,63
21:50:03,60
21:50:08,57
21:50:13,58
21:50:23,59
21:50:38,60
21:50:43,58
21:50:58,59
21:51:08,60
21:51:13,62
21:51:18,62
21:51:23,63
21:51:38,65
21:51:48,62
21:51:53,60
21:51:58,59
21:52:03,58
21:52:13,60
21:52:28,60
21:52:33,70
21:52:38,70
21:52:43,69
21:52:48,68
21:52:58,72
21:53:03,74
21:53:18,74
21:53:23,74
21:53:28,74
21:53:33,73
21:53:38,70
21:53:43,69
21:53:58,69
21:54:03,69
21:54:08,70
21:54:13,71
21:54:28,71
21:54:33,71
21:54:38,70
21:54:53,70
21:54:54,71
21:54:59,70
21:55:09,69
21:55:14,66
21:55:19,64
21:55:34,66
21:55:44,65
21:55:49,64
21:55:54,65
21:55:59,64
21:56:14,63
21:56:19,62
21:56:29,63
21:56:39,62
21:56:44,58
21:57:31,70
21:57:36,70
21:57:41,57
21:57:46,59
21:57:51,57
21:57:56,58
21:58:01,60
21:58:16,60
21:58:21,65
21:58:26,67
21:58:36,67
21:58:46,67
21:59:01,67
21:59:06,68
21:59:11,67
21:59:16,63
21:59:26,64
21:59:31,62
21:59:41,63
21:59:56,62
22:00:01,60
22:00:16,60
22:00:31,60
22:00:46,60
22:01:01,60
22:01:06,61
22:01:11,61
22:01:16,62
22:01:26,61
22:01:31,60
22:01:36,58
22:01:41,57
22:01:46,56
22:01:51,56
22:01:56,55
22:02:06,57
22:02:11,58
22:02:26,58
22:02:31,59
22:02:36,60
22:02:41,61
22:02:51,62
22:02:56,63
22:03:01,64
22:03:11,64
22:03:16,64
22:03:26,65
22:03:36,67
22:03:41,70
22:03:56,68
22:04:01,65
22:04:06,62
22:04:16,63
22:04:21,65
22:04:26,63
22:04:31,60
22:04:36,59
22:04:41,60
22:04:46,61
22:04:56,63
22:05:06,65
22:05:11,68
22:05:26,69
22:05:31,70
22:05:36,72
22:05:51,72
22:06:01,70
22:06:06,71
22:06:21,71
22:06:26,69
22:06:31,67
22:06:41,64
22:06:46,58
22:07:01,58
22:07:11,59
22:07:26,59
22:07:31,61
22:07:36,62
22:07:42,63
22:07:47,64
22:07:52,63
22:07:57,64
22:08:02,65
22:08:07,63
22:08:12,65
22:08:17,67
22:08:22,65
22:08:32,63
22:08:37,60
22:08:42,58
22:08:47,61
22:08:52,63
22:08:57,62
22:09:02,61
22:09:07,62
22:09:12,64
22:09:17,66
22:09:22,66
22:09:37,66
22:09:42,67
22:09:57,67
22:10:12,67
22:10:17,67
22:10:32,67
22:10:42,69
22:10:47,68
22:11:02,67
22:11:07,66
22:11:12,65
22:11:27,66
22:11:37,65
22:11:42,66
22:11:47,66
22:11:52,71
22:11:57,78
22:12:02,79
22:12:07,78
22:12:12,67
22:12:17,63
22:12:32,63
22:12:47,63
22:12:57,63
22:13:12,64
22:13:17,65
22:13:22,65
22:13:27,65
22:13:32,60
22:13:37,59
22:13:42,61
22:13:47,66
22:13:52,68
22:13:57,65
22:14:07,61
22:14:12,64
22:14:22,58
22:14:27,54
22:14:37,58
22:14:42,60
22:14:52,59
22:14:57,57
22:15:07,60
22:15:12,61
22:15:17,57
22:15:22,55
22:15:27,55
22:15:37,55
22:15:52,54
22:15:57,56
22:16:07,57
22:16:12,59
22:16:22,56
22:16:32,60
22:16:37,61
22:16:42,60
22:16:47,58
22:16:52,57
22:17:02,59
22:17:07,60
22:17:12,61
22:17:17,60
22:17:32,60
22:17:47,59
22:18:02,58
22:18:17,57
22:18:27,56
22:18:32,55
22:18:47,55
22:19:02,55
22:19:07,55
22:19:12,55
22:19:17,56
22:19:22,57
22:19:37,57
22:19:52,57
22:19:57,56
22:20:02,54
22:20:07,55
22:20:22,55
22:20:37,54
22:20:42,53
22:20:57,54
22:21:07,55
22:21:12,56
22:21:22,57
22:21:32,58
22:21:37,58
22:21:42,59
22:21:47,60
22:21:52,63
22:21:57,64
22:22:07,63
22:22:12,61
22:22:27,61
22:22:42,61
22:22:47,60
22:23:02,60
22:23:12,60
22:23:17,61
22:23:22,60
22:23:27,61
22:23:32,60
22:23:42,59
22:23:57,59
22:24:02,60
22:24:07,62
22:24:12,63
22:24:17,64
22:24:22,62
22:24:27,61
22:24:37,59
22:24:42,57
22:24:48,57
22:24:53,58
22:24:58,60
22:25:08,63
22:25:18,61
22:25:23,60
22:25:28,59
22:25:33,60
22:25:43,61
22:25:48,62
22:25:53,63
22:25:58,64
22:26:13,65
22:26:18,67
22:26:23,66
22:26:33,67
22:26:43,70
22:26:48,74
22:26:58,67
22:27:03,64
22:27:08,61
22:27:13,62
22:27:18,61
22:27:23,59
22:27:28,57
22:27:38,58
22:27:53,58
22:27:58,60
22:28:08,63
22:28:13,62
22:28:18,61
22:28:33,62
22:28:48,63
22:28:58,62
22:29:08,64
22:29:13,63
22:29:23,62
22:29:28,60
22:29:33,57
22:29:38,56
22:29:43,55
22:29:53,56
22:30:03,57
22:30:08,58
22:30:18,59
22:30:23,60
22:30:28,61
22:30:43,61
22:30:48,62
22:31:03,61
22:31:08,58
22:31:23,61
22:31:28,60
22:31:33,62
22:31:38,64
22:31:43,63
22:31:48,61
22:31:53,64
22:31:58,61
22:32:03,59
22:32:08,57
22:32:18,60
22:32:23,57
22:32:28,55
22:32:33,55
22:32:38,59
22:32:43,63
22:32:53,64
22:32:58,61
22:33:03,61
22:33:18,65
22:33:23,66
22:33:38,67
22:33:53,66
22:34:03,65
22:34:08,63
22:34:13,61
22:34:18,58
22:34:23,56
22:34:33,55
22:34:38,54
22:34:43,54
22:34:53,55
22:35:03,56
22:35:13,57
22:35:18,60
22:35:23,61
22:35:28,62
22:35:38,63
22:35:43,64
22:35:58,65
22:36:08,66
22:36:13,65
22:36:18,66
22:36:23,64
22:36:28,63
22:36:33,64
22:36:38,65
22:36:43,67
22:36:48,65
22:36:53,61
22:37:03,63
22:37:08,62
22:37:13,64
22:37:18,65
22:37:33,66
22:37:38,65
22:37:53,66
22:37:58,67
22:38:03,66
22:38:08,67
22:38:13,65
22:38:18,63
22:38:23,62
22:38:28,63
22:38:38,64
22:38:43,65
22:38:48,63
22:38:53,60
22:38:58,57
22:39:13,57
22:39:23,59
22:39:28,60
22:39:43,60
22:39:53,61
22:40:03,62
22:40:13,64
22:40:18,65
22:40:28,64
22:40:38,63
22:40:43,62
22:40:53,54
22:41:08,54
22:41:18,55
22:41:28,56
22:41:34,56
22:41:44,57
22:41:49,58
22:42:04,59
22:42:09,60
22:42:14,61
22:42:19,62
22:42:34,63
22:42:39,65
22:42:44,64
22:42:59,64
22:43:09,65
22:43:24,66
22:43:34,62
22:43:39,63
22:43:49,64
22:43:54,65
22:44:09,65
22:44:14,66
22:44:19,67
22:44:24,68
22:44:29,69
22:44:34,71
22:44:39,72
22:44:49,73
22:44:54,75
22:44:59,77
22:45:06,79
22:45:11,81
22:45:16,83
22:45:21,82
22:45:26,81
22:45:41,87
22:45:46,93
22:45:51,96
22:45:56,98
22:46:01,96
22:46:06,95
22:46:11,99
22:46:16,100
22:46:21,101
22:46:26,105
22:46:36,108
22:46:41,110
22:46:46,113
22:46:51,112
22:46:56,111
22:47:01,110
22:47:06,112
22:47:11,113
22:47:16,111
22:47:21,110
22:47:31,108
22:47:36,103
22:47:41,100
22:47:46,96
22:47:51,92
22:47:56,89
22:48:06,85
22:48:11,81
22:48:16,79
22:48:31,78
22:48:36,79
22:48:51,80
22:49:01,75
22:49:11,74
22:49:16,73
22:49:21,74
22:49:26,71
22:49:36,72
22:49:41,74
22:49:46,75
22:49:56,73
22:50:11,73
22:50:16,72
22:50:21,70
22:50:26,66
22:50:31,64
22:50:36,60
22:50:41,58
22:50:46,56
22:50:51,55
22:51:01,54
22:51:16,54
22:51:26,56
22:51:36,57
22:51:51,57
22:51:56,59
22:52:01,60
22:52:06,61
22:52:11,62
22:52:16,63
22:52:21,62
22:52:26,61
22:52:36,60
22:52:41,61
22:52:46,63
22:52:51,62
22:53:01,60
22:53:11,59
22:53:16,58
22:53:21,57
22:53:26,55
22:53:31,56
22:53:36,55
22:53:46,56
22:53:51,57
22:53:56,58
22:54:01,58
22:54:06,56
22:54:11,55
22:54:21,56
22:54:26,57
22:54:36,58
22:54:51,56
22:55:06,56
22:55:21,57
22:55:26,58
22:55:41,58
22:55:51,59
22:56:06,59
22:56:11,61
22:56:26,62
22:56:31,64
22:56:46,64
22:56:56,62
22:57:01,61
22:57:06,60
22:57:11,61
22:57:26,61
22:57:31,59
22:57:36,57
22:57:41,56
22:57:47,56
22:57:52,57
22:58:07,57
22:58:12,58
22:58:22,59
22:58:27,58
22:58:42,59
22:58:47,60
22:58:52,61
22:58:57,62
22:59:12,62
22:59:22,63
22:59:37,63
22:59:42,62
22:59:47,60
23:00:02,59
23:00:07,58
23:00:12,57
23:00:27,57
23:00:32,59
23:00:37,60
23:00:42,61
23:00:47,60
23:00:57,61
23:01:02,63
23:01:07,65
23:01:12,64
23:01:17,64
23:01:27,60
23:01:32,58
23:01:37,56
23:01:42,58
23:01:47,59
23:02:02,58
23:02:12,56
23:02:22,57
23:02:27,56
23:02:42,55
23:02:52,56
23:02:57,57
23:03:02,59
23:03:07,61
23:03:17,62
23:03:22,63
23:03:37,63
23:03:42,64
23:03:47,65
23:04:02,66
23:04:12,67
23:04:27,66
23:04:37,65
23:04:42,64
23:04:47,61
23:04:52,62
23:04:57,63
23:05:02,65
23:05:12,66
23:05:17,67
23:05:32,66
23:05:42,65
23:05:57,65
23:06:07,64
23:06:12,65
23:06:17,66
23:06:22,65
23:06:27,67
23:06:32,68
23:06:37,66
23:06:47,67
23:06:57,68
23:07:12,69
23:07:17,70
23:07:32,70
23:07:37,69
23:07:47,68
23:08:02,67
23:08:17,69
23:08:32,69
23:08:42,70
23:08:47,71
23:08:52,69
23:08:57,69
23:09:02,68
23:09:07,67
23:09:22,67
23:09:27,68
23:09:32,67
23:09:37,66
23:09:47,65
23:09:52,64
23:09:57,65
23:10:02,66
23:10:07,68
23:10:12,69
23:10:17,68
23:10:27,69
23:10:32,67
23:10:47,65
23:10:52,66
23:10:57,64
23:11:12,64
23:11:22,65
23:11:32,64
23:11:37,63
23:11:42,61
23:11:47,62
23:11:52,61
23:12:02,62
23:12:07,61
23:12:22,60
23:12:27,61
23:12:37,63
23:12:47,62
23:12:57,61
23:13:02,58
23:13:07,56
23:13:17,57
23:13:22,58
23:13:27,59
23:13:42,59
23:13:57,60
23:14:02,59
23:14:07,58
23:14:22,58
23:14:27,60
23:14:32,62
23:14:37,63
23:14:42,62
23:14:57,62
23:15:12,63
23:15:17,62
23:15:32,62
23:15:33,63
23:15:43,62
23:15:48,58
23:16:03,59
23:16:08,60
23:16:13,61
23:16:28,61
23:16:33,62
23:16:38,65
23:16:48,64
23:16:53,62
23:17:08,62
23:17:13,63
23:17:23,62
23:17:28,57
23:17:38,58
23:17:53,58
23:18:08,58
23:18:23,58
23:18:28,59
23:18:43,59
23:18:53,60
23:19:08,60
23:19:23,61
23:19:38,62
23:19:48,63
23:20:03,64
23:20:08,64
23:20:18,63
23:20:28,65
23:20:33,67
23:20:38,76
23:20:43,83
23:20:48,82
23:20:53,80
23:20:58,79
23:21:13,77
23:21:23,76
23:21:28,74
23:21:38,70
23:21:43,69
23:21:48,70
23:22:03,70
23:22:13,71
23:22:18,70
23:22:23,71
23:22:28,72
23:22:33,71
23:22:43,72
23:22:58,71
23:23:03,70
23:23:08,69
23:23:13,68
23:23:18,68
23:23:23,69
23:23:28,67
23:23:33,62
23:23:38,58
23:23:43,59
23:23:48,60
23:23:53,63
23:23:58,64
23:24:03,66
23:24:08,68
23:24:13,69
23:24:23,69
23:24:28,70
23:24:38,69
23:24:48,70
23:25:03,70
23:25:08,67
23:25:13,66
23:25:28,67
23:25:33,65
23:25:38,66
23:25:48,65
23:25:58,67
23:26:03,68
23:26:13,67
23:26:18,68
23:26:23,68
23:26:38,68
23:26:43,69
23:26:48,70
23:26:53,69
23:26:58,70
23:27:13,69
23:27:23,67
23:27:28,66
23:27:33,65
23:27:48,65
23:27:58,63
23:28:13,64
23:28:18,63
23:28:28,62
23:28:33,61
23:28:43,60
23:28:48,59
23:28:53,60
23:29:03,61
23:29:08,63
23:29:13,65
23:29:18,67
23:29:23,69
23:29:28,70
23:29:33,72
23:29:43,72
23:29:48,72
23:29:58,73
23:30:08,72
23:30:18,73
23:30:33,73
23:30:48,73
23:30:53,75
23:30:58,77
23:31:03,79
23:31:08,80
23:31:13,76
23:31:18,74
23:31:23,73
23:31:28,72
23:31:43,72
23:31:53,75
23:32:08,75
23:32:13,74
23:32:28,74
23:32:33,74
23:32:43,75
23:32:48,76
23:33:03,76
23:33:08,75
23:33:18,76
23:33:24,76
23:33:29,77
23:33:34,78
23:33:44,76
23:33:49,74
23:33:59,80
23:34:09,78
23:34:14,76
23:34:19,75
23:34:24,74
23:34:39,73
23:34:49,74
23:34:59,73
23:35:04,72
23:35:09,71
23:35:14,70
23:35:29,70
23:35:44,69
23:35:49,68
23:36:04,67
23:36:14,69
23:36:40,69
23:36:50,70
23:36:55,69
23:37:05,70
23:37:15,71
23:37:30,72
23:37:40,71
23:37:45,69
23:38:00,70
23:38:05,71
23:38:10,70
23:38:15,69
23:38:20,68
23:38:25,67
23:38:40,67
23:38:45,68
23:38:50,68
23:38:55,67
23:39:00,68
23:39:05,69
23:39:20,69
23:39:35,69
23:39:50,69
23:40:00,70
23:40:10,71
23:40:20,72
23:40:25,72
23:40:30,74
23:40:45,74
23:40:50,72
23:41:00,72
23:41:15,73
23:41:30,73
23:41:35,72
23:41:50,70
23:41:55,69
23:42:00,68
23:42:05,67
23:42:10,67
23:42:20,66
23:42:25,67
23:42:30,68
23:42:35,67
23:42:40,67
23:42:55,67
23:43:05,68
23:43:10,73
23:43:15,74
23:43:30,74
23:43:45,75
23:43:50,77
23:43:55,78
23:44:05,76
23:44:10,74
23:44:15,73
23:44:25,72
23:44:30,71
23:44:40,70
23:44:45,69
23:45:00,69
23:45:05,71
23:45:15,72
23:45:30,72
23:45:45,72
23:45:50,74
23:46:00,73
23:46:05,72
23:46:10,73
23:46:15,74
23:46:25,73
23:46:35,71
23:46:45,70
23:46:50,69
23:47:00,68
23:47:10,69
23:47:20,70
23:47:25,69
23:47:30,68
23:47:40,66
23:47:46,64
23:47:51,65
23:48:01,64
23:48:16,65
23:48:21,66
23:48:26,67
23:48:31,66
23:48:36,65
23:48:51,64
23:49:06,64
23:49:11,65
23:49:21,64
23:49:26,65
23:49:31,67
23:49:46,66
23:49:51,62
23:49:56,59
23:50:01,55
23:50:16,55
23:50:31,55
23:50:36,55
23:50:51,55
23:50:56,56
23:51:01,56
23:51:16,56
23:51:21,57
23:51:26,60
23:51:32,61
23:51:37,62
23:51:52,63
23:51:57,63
23:52:02,64
23:52:07,65
23:52:12,66
23:52:22,68
23:52:27,67
23:52:37,68
23:52:42,69
23:52:57,69
23:53:07,71
23:53:22,72
23:53:32,73
23:53:37,74
23:53:52,74
23:54:07,75
23:54:12,74
23:54:17,73
23:54:22,72
23:54:32,71
23:54:37,70
23:54:42,69
23:54:47,69
23:54:52,68
23:55:07,69
23:55:12,69
23:55:27,70
23:55:32,70
23:55:42,71
23:55:52,70
23:55:57,71
23:56:07,73
23:56:22,73
23:56:37,73
23:56:47,74
23:57:02,72
23:57:07,71
23:57:12,72
23:57:17,71
23:57:22,70
23:57:32,71
23:57:37,72
23:57:42,71
23:57:47,72
23:57:57,71
23:58:02,72
23:58:17,72
23:58:27,71
23:58:42,71
23:58:52,70
