Time,Heart Rate
00:00:03,71
00:00:08,72
00:00:13,72
00:00:18,73
00:00:23,72
00:00:28,72
00:00:38,71
00:00:43,71
00:00:58,64
00:01:03,62
00:01:18,61
00:01:23,59
00:01:28,57
00:01:38,58
00:01:43,58
00:01:48,57
00:02:03,57
00:02:18,57
00:02:33,57
00:02:38,56
00:02:43,56
00:02:48,57
00:02:58,58
00:03:03,59
00:03:08,60
00:03:23,60
00:03:28,61
00:03:33,62
00:03:38,64
00:03:43,65
00:03:48,68
00:03:53,70
00:03:58,72
00:04:08,71
00:04:13,70
00:04:23,71
00:04:28,70
00:04:33,67
00:04:38,60
00:04:43,58
00:04:53,57
00:04:58,56
00:05:03,55
00:05:13,56
00:05:23,55
00:05:28,56
00:05:33,56
00:05:43,57
00:05:48,57
00:06:03,57
00:06:08,59
00:06:13,60
00:06:24,71
00:06:29,74
00:06:34,73
00:06:39,72
00:06:44,73
00:06:49,75
00:07:04,75
00:07:09,76
00:07:19,74
00:07:29,75
00:07:34,77
00:07:39,73
00:07:44,69
00:07:59,69
00:08:09,68
00:08:14,69
00:08:19,70
00:08:24,71
00:08:34,68
00:08:39,69
00:08:49,70
00:08:54,71
00:09:04,70
00:09:09,69
00:09:19,70
00:09:24,71
00:09:29,72
00:09:34,72
00:09:39,74
00:09:44,75
00:09:49,73
00:09:54,72
00:09:59,70
00:10:04,69
00:10:09,66
00:10:14,63
00:10:19,66
00:10:29,67
00:10:39,66
00:10:44,65
00:10:49,63
00:10:54,60
00:10:59,59
00:11:04,59
00:11:14,58
00:11:29,58
00:11:44,58
00:11:49,59
00:11:54,58
00:12:04,59
00:12:09,60
00:12:24,60
00:12:34,61
00:12:44,62
00:12:49,64
00:12:54,66
00:13:09,68
00:13:14,69
00:13:24,70
00:13:29,68
00:13:34,62
00:13:39,61
00:13:54,60
00:14:09,59
00:14:14,57
00:14:19,56
00:14:24,55
00:14:34,56
00:14:39,59
00:14:44,62
00:14:49,67
00:14:54,72
00:15:09,72
00:15:24,71
00:15:29,62
00:15:34,59
00:15:39,58
00:15:44,58
00:15:54,57
00:15:59,57
00:16:04,56
00:16:09,56
00:16:14,57
00:16:19,58
00:16:24,58
00:16:39,58
00:16:44,59
00:16:49,60
00:16:54,61
00:16:59,62
00:17:09,71
00:17:14,73
00:17:19,70
00:17:24,69
00:17:34,71
00:17:39,66
00:17:44,64
00:17:49,64
00:17:59,65
00:18:09,64
00:18:24,64
00:18:34,65
00:18:39,64
00:18:44,62
00:18:49,61
00:18:54,59
00:18:59,59
00:19:09,58
00:19:24,59
00:19:39,59
00:19:44,57
00:19:49,56
00:20:04,56
00:20:19,56
00:20:24,57
00:20:34,56
00:20:39,55
00:20:54,55
00:21:04,55
00:21:14,54
00:21:19,53
00:21:29,52
00:21:34,51
00:21:49,51
00:22:04,52
00:22:09,65
00:22:19,59
00:22:24,57
00:22:29,56
00:22:34,55
00:22:39,53
00:22:44,51
00:22:50,50
00:23:00,51
00:23:10,53
00:23:15,55
00:23:30,54
00:23:40,51
00:23:45,49
00:23:50,51
00:23:55,51
00:24:05,52
00:24:20,51
00:24:35,50
00:24:40,50
00:24:55,49
00:25:05,48
00:25:10,49
00:25:25,50
00:25:30,51
00:25:40,51
00:25:45,51
00:26:00,50
00:26:15,51
00:26:30,52
00:26:35,51
00:26:45,52
00:26:55,51
00:27:10,51
00:27:15,51
00:27:25,52
00:27:30,53
00:27:35,52
00:27:50,52
00:28:05,51
00:28:20,52
00:28:25,53
00:28:40,53
00:28:55,53
00:29:10,53
00:29:25,52
00:29:30,51
00:29:45,52
00:29:55,51
00:30:10,52
00:30:15,53
00:30:30,53
00:30:45,52
00:31:00,52
00:31:15,53
00:31:30,53
00:31:40,52
00:31:50,53
00:31:55,54
00:32:10,54
00:32:25,53
00:32:30,52
00:32:45,53
00:32:50,54
00:32:55,53
00:33:10,53
00:33:25,53
00:33:35,54
00:33:50,55
00:33:55,54
00:34:00,53
00:34:15,53
00:34:20,54
00:34:25,55
00:34:40,55
00:34:55,54
00:35:10,54
00:35:20,55
00:35:30,54
00:35:45,54
00:35:50,55
00:35:55,56
00:36:10,55
00:36:15,54
00:36:20,55
00:36:30,56
00:36:35,55
00:36:50,55
00:36:55,54
00:37:10,54
00:37:15,55
00:37:20,56
00:37:35,55
00:37:50,56
00:38:05,56
00:38:10,55
00:38:20,54
00:38:25,55
00:38:35,56
00:38:45,55
00:39:00,56
00:39:10,55
00:39:15,54
00:39:30,55
00:39:35,56
00:39:50,56
00:40:05,56
00:40:10,55
00:40:15,54
00:40:25,55
00:40:30,56
00:40:40,55
00:40:55,55
00:41:10,55
00:41:16,56
00:41:21,57
00:41:31,56
00:41:46,55
00:42:01,56
00:42:06,57
00:42:11,56
00:42:21,57
00:42:36,57
00:42:41,58
00:42:46,57
00:43:01,57
00:43:16,57
00:43:26,58
00:43:31,57
00:43:46,56
00:44:01,56
00:44:16,56
00:44:31,56
00:44:46,56
00:44:56,57
00:45:11,56
00:45:26,56
00:45:31,57
00:45:36,58
00:45:51,57
00:46:06,56
00:46:11,56
00:46:26,57
00:46:31,58
00:46:36,57
00:46:46,56
00:46:56,57
00:47:06,58
00:47:11,57
00:47:26,57
00:47:41,58
00:47:51,57
00:48:06,56
00:48:16,57
00:48:21,56
00:48:36,56
00:48:41,57
00:48:46,58
00:48:51,57
00:48:56,56
00:49:11,57
00:49:21,56
00:49:31,57
00:49:41,58
00:49:46,57
00:50:01,57
00:50:16,57
00:50:31,57
00:50:36,57
00:50:51,57
00:51:06,56
00:51:16,57
00:51:26,56
00:51:41,56
00:51:51,57
00:51:56,58
00:52:11,58
00:52:16,57
00:52:31,58
00:52:46,57
00:52:51,56
00:53:06,57
00:53:21,57
00:53:36,57
00:53:51,57
00:54:06,57
00:54:21,57
00:54:36,57
00:54:46,56
00:55:01,56
00:55:11,57
00:55:21,58
00:55:31,56
00:55:46,57
00:56:01,57
00:56:06,57
00:56:11,58
00:56:26,58
00:56:41,59
00:56:46,61
00:56:51,59
00:56:56,56
00:57:01,55
00:57:06,56
00:57:21,56
00:57:36,56
00:57:41,55
00:57:56,55
00:58:01,56
00:58:06,57
00:58:21,57
00:58:26,55
00:58:36,54
00:58:46,55
00:58:51,56
00:59:01,57
00:59:16,57
00:59:21,55
00:59:26,55
00:59:31,56
00:59:37,68
00:59:42,82
00:59:47,84
00:59:52,76
00:59:57,69
01:00:02,65
01:00:07,64
01:00:12,57
01:00:17,53
01:00:32,54
01:00:37,53
01:00:42,54
01:00:52,54
01:01:07,54
01:01:12,55
01:01:17,56
01:01:22,55
01:01:32,54
01:01:47,54
01:01:52,55
01:01:57,56
01:02:02,56
01:02:07,54
01:02:17,55
01:02:22,54
01:02:27,53
01:02:32,53
01:02:47,53
01:03:02,54
01:03:07,53
01:03:12,54
01:03:22,57
01:03:27,72
01:03:32,72
01:03:37,67
01:03:42,60
01:03:47,56
01:03:52,55
01:03:57,54
01:04:07,53
01:04:17,54
01:04:22,53
01:04:37,53
01:04:52,53
01:05:02,52
01:05:07,53
01:05:17,54
01:05:32,54
01:05:42,55
01:05:47,54
01:05:57,53
01:06:02,52
01:06:17,53
01:06:32,54
01:06:47,53
01:06:52,52
01:07:02,51
01:07:12,52
01:07:27,52
01:07:42,52
01:07:52,53
01:08:02,52
01:08:12,51
01:08:27,52
01:08:37,53
01:08:42,52
01:08:47,51
01:08:52,53
01:08:57,51
01:09:12,51
01:09:27,52
01:09:32,51
01:09:37,52
01:09:47,52
01:09:52,53
01:09:57,61
01:10:07,58
01:10:12,53
01:10:17,51
01:10:32,50
01:10:42,51
01:10:57,52
01:11:07,51
01:11:22,52
01:11:37,52
01:11:52,52
01:12:07,52
01:12:17,51
01:12:22,50
01:12:27,51
01:12:42,51
01:12:47,52
01:12:52,51
01:13:07,51
01:13:17,52
01:13:32,52
01:13:47,51
01:13:57,52
01:14:12,51
01:14:17,50
01:14:22,49
01:14:32,50
01:14:42,51
01:14:48,51
01:14:53,50
01:14:58,51
01:15:03,52
01:15:13,53
01:15:23,52
01:15:38,52
01:15:48,51
01:16:03,52
01:16:18,52
01:16:23,51
01:16:28,51
01:16:33,51
01:16:48,51
01:16:53,52
01:16:58,53
01:17:08,54
01:17:13,53
01:17:18,51
01:17:33,51
01:17:38,52
01:17:43,52
01:17:48,52
01:18:03,51
01:18:18,51
01:18:33,52
01:18:38,51
01:18:43,51
01:18:58,52
01:19:13,52
01:19:28,52
01:19:33,51
01:19:43,50
01:19:53,51
01:19:58,52
01:20:03,53
01:20:08,52
01:20:23,52
01:20:28,51
01:20:38,52
01:20:53,52
01:21:08,52
01:21:23,52
01:21:28,51
01:21:38,52
01:21:43,51
01:21:58,52
01:22:03,53
01:22:18,52
01:22:23,51
01:22:38,51
01:22:43,52
01:22:53,53
01:22:58,52
01:23:03,52
01:23:18,51
01:23:28,52
01:23:38,53
01:23:53,53
01:24:08,53
01:24:23,52
01:24:28,53
01:24:38,54
01:24:43,53
01:24:53,52
01:25:03,53
01:25:08,53
01:25:18,55
01:25:23,66
01:25:28,65
01:25:33,63
01:25:43,66
01:25:48,64
01:25:53,61
01:25:58,59
01:26:03,56
01:26:08,53
01:26:13,52
01:26:28,54
01:26:38,53
01:26:43,54
01:26:48,53
01:26:58,54
01:27:03,53
01:27:13,54
01:27:18,53
01:27:33,53
01:27:38,54
01:27:53,54
01:28:08,53
01:28:18,54
01:28:33,54
01:28:48,54
01:28:53,55
01:29:08,54
01:29:23,53
01:29:28,55
01:29:38,54
01:29:43,53
01:29:53,54
01:30:08,54
01:30:13,53
01:30:28,53
01:30:43,53
01:30:48,54
01:30:58,56
01:31:08,55
01:31:14,55
01:31:19,54
01:31:24,53
01:31:29,54
01:31:34,55
01:31:49,55
01:31:54,56
01:31:59,55
01:32:04,54
01:32:19,54
01:32:34,55
01:32:49,56
01:32:54,56
01:32:59,54
01:33:04,53
01:33:09,54
01:33:19,55
01:33:34,55
01:33:49,55
01:34:04,55
01:34:09,56
01:34:19,55
01:34:29,55
01:34:34,55
01:34:49,56
01:34:59,55
01:35:04,56
01:35:09,56
01:35:14,55
01:35:29,55
01:35:44,59
01:35:49,59
01:35:54,57
01:35:59,56
01:36:04,55
01:36:09,54
01:36:19,53
01:36:34,54
01:36:49,55
01:36:54,54
01:37:09,56
01:37:14,58
01:37:19,61
01:37:24,60
01:37:29,58
01:37:39,57
01:37:54,59
01:37:59,62
01:38:04,63
01:38:19,65
01:38:24,66
01:38:29,68
01:38:34,69
01:38:39,70
01:38:44,71
01:38:49,72
01:38:54,71
01:38:59,67
01:39:04,66
01:39:14,68
01:39:19,69
01:39:24,71
01:39:29,73
01:39:34,76
01:39:39,72
01:39:44,63
01:39:49,62
01:39:54,62
01:39:59,64
01:40:04,65
01:40:09,67
01:40:14,70
01:40:19,67
01:40:24,63
01:40:29,62
01:40:39,65
01:40:44,67
01:40:59,61
01:41:04,59
01:41:19,60
01:41:24,62
01:41:29,64
01:41:34,66
01:41:39,67
01:41:44,68
01:41:49,69
01:41:54,70
01:42:04,71
01:42:09,71
01:42:14,68
01:42:19,67
01:42:24,66
01:42:39,66
01:42:44,67
01:42:49,68
01:42:54,70
01:42:59,67
01:43:04,62
01:43:09,60
01:43:24,62
01:43:29,64
01:43:34,65
01:43:39,67
01:43:44,68
01:43:49,69
01:43:54,66
01:43:59,61
01:44:04,60
01:44:09,61
01:44:14,62
01:44:19,64
01:44:34,64
01:44:39,66
01:44:44,67
01:44:49,69
01:44:59,67
01:45:04,65
01:45:14,66
01:45:19,67
01:45:29,68
01:45:34,67
01:45:44,69
01:45:49,68
01:45:54,67
01:45:59,68
01:46:14,68
01:46:24,69
01:46:29,79
01:46:34,90
01:46:39,85
01:46:44,80
01:46:49,78
01:46:54,74
01:46:59,64
01:47:04,61
01:47:14,62
01:47:19,63
01:47:29,64
01:47:34,66
01:47:44,72
01:47:49,73
01:48:04,73
01:48:09,69
01:48:14,65
01:48:19,64
01:48:29,65
01:48:34,63
01:48:44,65
01:48:49,67
01:48:54,68
01:48:59,67
01:49:04,65
01:49:09,64
01:49:19,61
01:49:24,60
01:49:29,59
01:49:34,60
01:49:39,62
01:49:45,62
01:49:55,64
01:50:00,65
01:50:05,67
01:50:15,68
01:50:20,69
01:50:35,66
01:50:40,64
01:50:45,63
01:50:50,62
01:50:55,63
01:51:00,64
01:51:05,65
01:51:10,66
01:51:15,61
01:51:20,59
01:51:25,59
01:51:40,57
01:51:55,59
01:52:00,60
01:52:05,59
01:52:20,61
01:52:25,65
01:52:30,68
01:52:35,69
01:52:40,70
01:52:45,71
01:52:50,71
01:52:55,65
01:53:00,64
01:53:10,63
01:53:15,62
01:53:20,61
01:53:25,60
01:53:30,62
01:53:35,63
01:53:40,61
01:53:45,60
01:53:50,61
01:53:55,64
01:54:00,67
01:54:05,68
01:54:10,70
01:54:15,73
01:54:20,74
01:54:30,73
01:54:35,69
01:54:40,66
01:54:45,64
01:54:50,65
01:54:55,64
01:55:00,62
01:55:05,63
01:55:10,65
01:55:15,66
01:55:20,68
01:55:25,69
01:55:35,68
01:55:40,63
01:55:45,61
01:55:50,60
01:56:00,62
01:56:05,61
01:56:10,60
01:56:15,61
01:56:20,63
01:56:25,66
01:56:30,65
01:56:35,59
01:56:45,61
01:56:50,63
01:56:55,65
01:57:00,66
01:57:05,64
01:57:10,63
01:57:15,62
01:57:20,61
01:57:25,62
01:57:30,63
01:57:35,62
01:57:40,63
01:57:45,63
01:57:50,62
01:57:55,63
01:58:10,63
01:58:15,61
01:58:30,62
01:58:35,64
01:58:40,66
01:58:45,67
01:58:55,68
01:59:00,65
01:59:05,61
01:59:15,60
01:59:25,62
01:59:30,59
01:59:40,60
01:59:45,61
01:59:50,62
01:59:55,63
02:00:00,64
02:00:05,63
02:00:10,62
02:00:20,64
02:00:30,63
02:00:45,63
02:01:00,64
02:01:05,62
02:01:10,62
02:01:25,62
02:01:40,62
02:01:50,64
02:01:55,65
02:02:05,64
02:02:20,64
02:02:25,65
02:02:40,64
02:02:55,63
02:03:05,64
02:03:15,63
02:03:20,61
02:03:25,62
02:03:30,66
02:03:35,64
02:03:40,62
02:03:50,63
02:04:00,64
02:04:15,64
02:04:20,63
02:04:35,63
02:04:40,64
02:04:45,65
02:04:50,66
02:04:55,65
02:05:05,66
02:05:11,66
02:05:21,65
02:05:31,64
02:05:46,65
02:05:56,64
02:06:01,63
02:06:16,64
02:06:21,65
02:06:31,64
02:06:46,65
02:06:51,63
02:07:06,63
02:07:11,64
02:07:16,65
02:07:31,65
02:07:36,64
02:07:51,64
02:08:06,65
02:08:11,66
02:08:21,65
02:08:26,64
02:08:41,65
02:08:56,64
02:09:01,63
02:09:16,64
02:09:31,64
02:09:36,63
02:09:41,62
02:09:51,64
02:09:56,63
02:10:01,62
02:10:06,63
02:10:11,64
02:10:21,63
02:10:36,64
02:10:41,63
02:10:51,62
02:10:56,60
02:11:11,59
02:11:21,60
02:11:26,62
02:11:31,63
02:11:36,62
02:11:46,63
02:11:56,64
02:12:06,63
02:12:11,62
02:12:21,63
02:12:36,62
02:12:51,62
02:13:06,61
02:13:11,59
02:13:16,60
02:13:21,61
02:13:26,61
02:13:31,62
02:13:46,63
02:14:01,64
02:14:06,63
02:14:11,62
02:14:21,61
02:14:26,60
02:14:36,63
02:14:41,65
02:14:46,64
02:14:51,62
02:14:56,60
02:15:06,61
02:15:11,62
02:15:16,63
02:15:21,64
02:15:31,63
02:15:36,62
02:15:41,63
02:15:56,63
02:16:01,64
02:16:16,64
02:16:31,63
02:16:36,62
02:16:41,63
02:16:46,62
02:16:51,61
02:16:56,62
02:17:11,63
02:17:26,63
02:17:36,64
02:17:51,64
02:18:06,64
02:18:11,63
02:18:16,62
02:18:31,62
02:18:36,64
02:18:41,63
02:18:46,61
02:18:51,60
02:18:56,62
02:19:11,61
02:19:26,61
02:19:36,62
02:19:51,62
02:20:06,61
02:20:16,63
02:20:31,62
02:20:36,63
02:20:41,62
02:20:51,61
02:21:06,62
02:21:11,63
02:21:16,61
02:21:31,63
02:21:46,63
02:22:01,63
02:22:11,64
02:22:26,63
02:22:36,61
02:22:46,60
02:22:51,59
02:22:56,60
02:23:01,62
02:23:16,62
02:23:21,63
02:23:26,62
02:23:31,61
02:23:36,60
02:23:46,62
02:23:51,63
02:23:56,64
02:24:01,63
02:24:16,63
02:24:21,62
02:24:36,62
02:24:41,61
02:24:51,62
02:24:56,63
02:25:01,64
02:25:07,63
02:25:17,62
02:25:32,63
02:25:37,62
02:25:52,62
02:25:57,63
02:26:12,62
02:26:27,62
02:26:32,60
02:26:42,61
02:26:47,60
02:26:52,61
02:27:02,62
02:27:17,61
02:27:32,61
02:27:37,62
02:27:42,61
02:27:47,62
02:27:57,63
02:28:02,62
02:28:07,61
02:28:12,60
02:28:22,61
02:28:27,62
02:28:32,63
02:28:47,63
02:28:57,62
02:29:02,62
02:29:17,63
02:29:32,62
02:29:37,61
02:29:52,61
02:30:02,62
02:30:07,63
02:30:22,63
02:30:27,62
02:30:37,63
02:30:42,62
02:30:52,61
02:31:07,61
02:31:12,62
02:31:17,63
02:31:27,64
02:31:37,63
02:31:47,62
02:32:02,62
02:32:12,63
02:32:27,60
02:32:42,61
02:32:47,62
02:32:52,63
02:33:07,63
02:33:17,64
02:33:22,63
02:33:27,63
02:33:32,62
02:33:47,61
02:33:57,62
02:34:02,63
02:34:07,62
02:34:17,63
02:34:32,63
02:34:47,63
02:35:02,63
02:35:07,65
02:35:12,63
02:35:27,63
02:35:42,63
02:35:47,62
02:36:02,63
02:36:07,62
02:36:22,62
02:36:32,63
02:36:37,62
02:36:52,63
02:36:57,62
02:37:07,63
02:37:22,63
02:37:27,64
02:37:32,63
02:37:47,63
02:37:52,61
02:38:07,62
02:38:12,63
02:38:27,63
02:38:37,61
02:38:52,62
02:39:07,62
02:39:17,64
02:39:22,63
02:39:27,61
02:39:42,61
02:39:52,61
02:40:02,62
02:40:07,61
02:40:17,62
02:40:32,62
02:40:42,63
02:40:57,63
02:41:02,62
02:41:07,61
02:41:17,62
02:41:32,62
02:41:37,60
02:41:47,61
02:42:02,61
02:42:03,62
02:42:18,62
02:42:23,61
02:42:28,59
02:42:38,60
02:42:43,62
02:42:53,60
02:43:03,61
02:43:18,62
02:43:28,64
02:43:38,63
02:43:43,62
02:43:58,61
02:44:13,62
02:44:28,62
02:44:43,63
02:44:48,62
02:44:58,63
02:45:03,62
02:45:18,63
02:45:23,62
02:45:28,60
02:45:33,59
02:45:43,60
02:45:48,61
02:45:53,62
02:46:08,62
02:46:13,62
02:46:28,62
02:46:33,63
02:46:38,62
02:46:43,61
02:46:58,61
02:47:13,62
02:47:28,63
02:47:33,62
02:47:48,62
02:47:53,61
02:47:58,60
02:48:08,61
02:48:23,61
02:48:28,62
02:48:43,62
02:48:58,63
02:49:08,62
02:49:23,63
02:49:28,62
02:49:43,62
02:49:53,61
02:49:58,59
02:50:08,61
02:50:18,62
02:50:23,63
02:50:28,62
02:50:33,61
02:50:48,61
02:50:53,59
02:51:03,60
02:51:08,61
02:51:13,62
02:51:18,61
02:51:33,61
02:51:48,60
02:52:03,60
02:52:18,61
02:52:23,62
02:52:33,63
02:52:38,62
02:52:43,61
02:52:53,60
02:52:58,58
02:53:08,59
02:53:13,60
02:53:18,61
02:53:33,61
02:53:48,61
02:53:53,60
02:53:58,59
02:54:08,60
02:54:13,61
02:54:18,67
02:54:23,80
02:54:28,85
02:54:33,93
02:54:38,96
02:54:43,90
02:54:48,79
02:54:53,68
02:54:58,63
02:55:03,62
02:55:08,61
02:55:23,61
02:55:28,62
02:55:33,63
02:55:43,64
02:55:58,63
02:56:13,63
02:56:18,65
02:56:33,64
02:56:43,65
02:56:53,66
02:57:08,66
02:57:13,64
02:57:23,65
02:57:29,65
02:57:39,63
02:57:44,62
02:57:59,62
02:58:04,63
02:58:14,61
02:58:24,62
02:58:34,63
02:58:44,64
02:58:59,63
02:59:04,64
02:59:09,63
02:59:14,64
02:59:19,69
02:59:24,70
02:59:29,66
02:59:34,63
02:59:44,64
02:59:59,64
03:00:14,64
03:00:19,65
03:00:34,65
03:00:44,64
03:00:59,65
03:01:04,64
03:01:19,65
03:01:29,64
03:01:34,62
03:01:49,63
03:01:59,64
03:02:04,65
03:02:09,64
03:02:24,64
03:02:29,65
03:02:34,64
03:02:49,63
03:02:54,62
03:03:04,63
03:03:19,63
03:03:29,62
03:03:39,64
03:03:54,64
03:04:04,65
03:04:19,63
03:04:34,61
03:04:44,62
03:04:49,63
03:04:54,61
03:05:04,63
03:05:09,64
03:05:14,65
03:05:24,64
03:05:34,63
03:05:39,61
03:05:44,61
03:05:49,62
03:05:54,63
03:05:59,64
03:06:04,63
03:06:09,60
03:06:14,59
03:06:24,60
03:06:29,61
03:06:39,62
03:06:44,63
03:06:54,64
03:06:59,63
03:07:09,64
03:07:24,64
03:07:39,64
03:07:54,63
03:08:09,63
03:08:24,63
03:08:29,64
03:08:34,63
03:08:39,64
03:08:49,63
03:08:59,62
03:09:09,64
03:09:14,65
03:09:19,64
03:09:24,63
03:09:34,62
03:09:39,63
03:09:44,64
03:09:59,65
03:10:04,64
03:10:09,63
03:10:24,63
03:10:29,64
03:10:34,65
03:10:49,65
03:10:59,63
03:11:09,64
03:11:24,64
03:11:29,63
03:11:44,63
03:11:49,64
03:12:04,63
03:12:19,63
03:12:34,62
03:12:49,62
03:12:54,63
03:13:09,63
03:13:24,62
03:13:29,63
03:13:44,63
03:13:54,64
03:14:00,64
03:14:05,63
03:14:20,64
03:14:35,64
03:14:50,63
03:14:55,62
03:15:00,63
03:15:15,63
03:15:25,64
03:15:35,65
03:15:40,64
03:15:55,65
03:16:10,65
03:16:15,64
03:16:30,64
03:16:35,63
03:16:40,64
03:16:45,65
03:16:50,64
03:17:00,64
03:17:10,65
03:17:15,71
03:17:20,87
03:17:25,94
03:17:30,89
03:17:35,81
03:17:40,80
03:17:45,81
03:17:50,81
03:18:05,81
03:18:10,74
03:18:15,65
03:18:20,62
03:18:25,60
03:18:40,60
03:18:50,61
03:18:55,60
03:19:10,61
03:19:15,62
03:19:20,63
03:19:25,62
03:19:35,61
03:19:45,62
03:19:50,63
03:19:55,65
03:20:00,67
03:20:15,67
03:20:20,68
03:20:35,68
03:20:50,68
03:20:55,69
03:21:00,69
03:21:05,66
03:21:10,64
03:21:20,65
03:21:25,66
03:21:30,67
03:21:45,67
03:22:00,67
03:22:05,66
03:22:20,67
03:22:25,68
03:22:30,69
03:22:35,70
03:22:40,68
03:22:45,67
03:22:50,68
03:23:00,69
03:23:05,71
03:23:10,67
03:23:15,64
03:23:20,63
03:23:25,65
03:23:30,67
03:23:35,68
03:23:40,69
03:23:45,67
03:23:50,64
03:23:55,65
03:24:05,66
03:24:20,68
03:24:25,69
03:24:30,65
03:24:35,62
03:24:50,63
03:24:55,65
03:25:05,64
03:25:10,63
03:25:15,65
03:25:20,67
03:25:25,68
03:25:40,69
03:25:45,68
03:26:00,69
03:26:05,70
03:26:10,71
03:26:15,71
03:26:20,73
03:26:25,76
03:26:35,72
03:26:40,67
03:26:45,66
03:26:55,67
03:27:00,68
03:27:15,67
03:27:20,67
03:27:25,69
03:27:30,72
03:27:40,67
03:27:45,65
03:27:50,66
03:28:00,65
03:28:15,65
03:28:20,66
03:28:25,67
03:28:30,69
03:28:35,67
03:28:40,64
03:28:45,63
03:28:50,64
03:28:55,65
03:29:05,76
03:29:10,89
03:29:15,91
03:29:20,87
03:29:25,80
03:29:30,66
03:29:40,68
03:29:50,67
03:29:55,66
03:30:10,66
03:30:20,67
03:30:30,66
03:30:35,65
03:30:40,66
03:30:50,69
03:30:55,67
03:31:00,62
03:31:05,63
03:31:10,64
03:31:15,65
03:31:25,67
03:31:30,64
03:31:40,65
03:31:45,66
03:31:50,65
03:31:55,66
03:32:00,67
03:32:05,66
03:32:10,67
03:32:15,69
03:32:20,68
03:32:25,69
03:32:40,69
03:32:45,67
03:32:51,67
03:32:56,70
03:33:01,71
03:33:16,72
03:33:21,75
03:33:26,77
03:33:31,76
03:33:36,75
03:33:41,76
03:33:46,77
03:33:51,78
03:34:06,77
03:34:16,75
03:34:21,72
03:34:26,71
03:34:31,71
03:34:46,80
03:34:51,81
03:34:56,77
03:35:01,74
03:35:06,71
03:35:11,70
03:35:16,72
03:35:21,74
03:35:26,76
03:35:31,77
03:35:36,77
03:35:41,78
03:35:46,77
03:35:51,72
03:35:56,68
03:36:06,69
03:36:11,70
03:36:16,71
03:36:21,72
03:36:31,71
03:36:46,70
03:36:56,72
03:37:01,71
03:37:06,67
03:37:16,68
03:37:21,69
03:37:26,71
03:37:31,72
03:37:36,73
03:37:41,74
03:37:46,75
03:37:51,76
03:37:56,74
03:38:11,75
03:38:16,73
03:38:21,72
03:38:31,74
03:38:36,76
03:38:41,77
03:38:46,78
03:38:56,76
03:39:01,75
03:39:11,74
03:39:16,72
03:39:21,71
03:39:31,72
03:39:36,73
03:39:41,72
03:39:56,70
03:40:01,69
03:40:11,68
03:40:16,69
03:40:21,70
03:40:26,67
03:40:31,64
03:40:36,60
03:40:51,62
03:40:56,66
03:41:01,68
03:41:06,64
03:41:11,64
03:41:16,65
03:41:21,67
03:41:26,68
03:41:31,70
03:41:36,73
03:41:41,74
03:41:56,73
03:42:01,68
03:42:06,65
03:42:11,64
03:42:16,64
03:42:31,64
03:42:36,65
03:42:41,67
03:42:46,68
03:42:51,69
03:42:56,70
03:43:01,71
03:43:11,69
03:43:21,71
03:43:26,72
03:43:41,72
03:43:51,71
03:43:56,70
03:44:06,71
03:44:11,73
03:44:16,74
03:44:26,71
03:44:41,71
03:44:46,72
03:44:51,73
03:45:01,74
03:45:16,75
03:45:21,76
03:45:26,76
03:45:31,71
03:45:36,67
03:45:46,69
03:45:51,71
03:45:56,72
03:46:01,73
03:46:06,75
03:46:11,69
03:46:16,66
03:46:21,65
03:46:26,68
03:46:41,68
03:46:51,70
03:47:01,71
03:47:06,69
03:47:11,68
03:47:26,68
03:47:31,70
03:47:36,71
03:47:46,70
03:47:56,68
03:48:01,67
03:48:07,65
03:48:12,62
03:48:17,63
03:48:22,64
03:48:37,63
03:48:47,64
03:48:52,65
03:48:57,67
03:49:07,61
03:49:22,62
03:49:27,61
03:49:32,62
03:49:37,64
03:49:52,64
03:49:57,63
03:50:07,64
03:50:17,65
03:50:22,64
03:50:27,62
03:50:37,64
03:50:42,65
03:50:47,67
03:50:52,65
03:51:02,67
03:51:07,68
03:51:12,69
03:51:22,70
03:51:27,70
03:51:42,70
03:51:47,69
03:51:52,68
03:52:07,69
03:52:12,70
03:52:17,69
03:52:22,68
03:52:27,66
03:52:32,66
03:52:42,65
03:52:47,64
03:52:52,64
03:52:57,63
03:53:12,64
03:53:17,65
03:53:22,66
03:53:27,67
03:53:37,68
03:53:42,69
03:53:47,70
03:53:52,71
03:54:02,65
03:54:07,63
03:54:17,64
03:54:22,65
03:54:27,66
03:54:32,68
03:54:37,86
03:54:42,93
03:54:47,89
03:54:52,78
03:54:57,73
03:55:02,67
03:55:07,68
03:55:12,67
03:55:17,66
03:55:22,64
03:55:32,63
03:55:37,64
03:55:42,65
03:55:52,66
03:55:57,67
03:56:02,65
03:56:07,63
03:56:17,64
03:56:22,65
03:56:32,66
03:56:37,65
03:56:42,63
03:56:52,64
03:56:57,63
03:57:02,61
03:57:07,60
03:57:22,61
03:57:37,61
03:57:42,62
03:57:57,61
03:58:07,62
03:58:17,61
03:58:27,60
03:58:37,58
03:58:42,57
03:58:47,56
03:58:52,57
03:58:57,58
03:59:02,59
03:59:07,61
03:59:12,62
03:59:27,62
03:59:37,61
03:59:52,61
04:00:07,60
04:00:17,61
04:00:22,60
04:00:37,60
04:00:52,61
04:01:07,61
04:01:12,61
04:01:27,61
04:01:37,62
04:01:52,61
04:02:07,61
04:02:22,61
04:02:27,60
04:02:37,61
04:02:52,61
04:03:02,62
04:03:07,60
04:03:17,61
04:03:22,62
04:03:32,61
04:03:47,60
04:03:57,61
04:04:07,62
04:04:17,63
04:04:22,62
04:04:32,61
04:04:47,61
04:04:52,60
04:05:02,61
04:05:17,61
04:05:27,62
04:05:32,61
04:05:42,60
04:05:48,60
04:05:58,61
04:06:08,62
04:06:18,61
04:06:23,60
04:06:38,61
04:06:43,60
04:06:48,61
04:06:53,62
04:07:08,62
04:07:18,61
04:07:23,60
04:07:28,59
04:07:38,60
04:07:43,63
04:07:48,64
04:07:58,63
04:08:03,62
04:08:08,60
04:08:13,59
04:08:28,59
04:08:33,60
04:08:48,60
04:08:53,62
04:08:58,61
04:09:13,61
04:09:28,61
04:09:33,60
04:09:38,58
04:09:43,59
04:09:48,60
04:09:53,61
04:09:58,60
04:10:13,61
04:10:18,62
04:10:23,61
04:10:28,63
04:10:38,60
04:10:48,61
04:10:53,60
04:11:08,60
04:11:23,60
04:11:28,61
04:11:38,60
04:11:48,59
04:12:03,60
04:12:08,61
04:12:23,61
04:12:38,61
04:12:43,60
04:12:58,60
04:13:13,60
04:13:18,61
04:13:28,60
04:13:33,60
04:13:38,59
04:13:48,60
04:14:03,59
04:14:18,59
04:14:28,60
04:14:43,61
04:14:48,60
04:14:53,59
04:15:08,59
04:15:13,60
04:15:18,61
04:15:28,62
04:15:43,59
04:15:53,60
04:15:58,59
04:16:13,59
04:16:18,60
04:16:23,61
04:16:38,61
04:16:48,62
04:16:53,61
04:16:58,60
04:17:13,61
04:17:18,62
04:17:33,61
04:17:38,60
04:17:43,59
04:17:48,60
04:18:03,60
04:18:13,61
04:18:23,62
04:18:33,61
04:18:38,60
04:18:43,59
04:18:48,58
04:18:58,61
04:19:03,59
04:19:18,60
04:19:28,61
04:19:43,61
04:19:58,61
04:20:13,59
04:20:18,58
04:20:23,59
04:20:28,60
04:20:33,61
04:20:48,60
04:20:58,61
04:21:03,60
04:21:13,61
04:21:23,62
04:21:33,61
04:21:38,59
04:21:44,59
04:21:54,60
04:21:59,61
04:22:04,60
04:22:09,58
04:22:24,58
04:22:34,59
04:22:49,60
04:22:54,61
04:22:59,60
04:23:04,58
04:23:14,59
04:23:19,58
04:23:29,60
04:23:34,61
04:23:49,61
04:23:59,62
04:24:09,59
04:24:24,60
04:24:34,61
04:24:49,61
04:24:59,58
04:25:04,57
04:25:14,59
04:25:19,61
04:25:24,59
04:25:39,58
04:25:44,57
04:25:49,58
04:26:04,57
04:26:09,58
04:26:14,59
04:26:19,60
04:26:29,61
04:26:44,60
04:26:54,62
04:26:59,61
04:27:04,58
04:27:09,59
04:27:14,60
04:27:19,61
04:27:24,60
04:27:39,61
04:27:49,60
04:27:54,58
04:28:09,59
04:28:14,60
04:28:29,60
04:28:44,61
04:28:54,59
04:29:04,60
04:29:09,62
04:29:14,61
04:29:19,57
04:29:24,57
04:29:34,58
04:29:39,59
04:29:44,61
04:29:59,61
04:30:14,61
04:30:19,60
04:30:24,61
04:30:29,60
04:30:44,58
04:30:49,57
04:30:54,58
04:30:59,59
04:31:09,58
04:31:19,60
04:31:24,61
04:31:29,59
04:31:34,57
04:31:44,59
04:31:54,60
04:32:09,59
04:32:24,60
04:32:29,59
04:32:39,60
04:32:49,59
04:32:59,60
04:33:09,59
04:33:14,58
04:33:29,59
04:33:34,60
04:33:44,59
04:33:49,58
04:34:04,59
04:34:09,60
04:34:14,61
04:34:19,60
04:34:34,60
04:34:49,60
04:34:59,61
04:35:09,60
04:35:14,59
04:35:24,60
04:35:29,61
04:35:34,59
04:35:44,58
04:35:54,59
04:35:59,60
04:36:14,60
04:36:24,59
04:36:34,60
04:36:39,62
04:36:54,63
04:36:59,62
04:37:14,60
04:37:19,60
04:37:29,61
04:37:34,62
04:37:39,60
04:37:44,58
04:37:59,60
04:38:04,61
04:38:19,61
04:38:29,60
04:38:34,59
04:38:44,60
04:38:49,61
04:38:59,60
04:39:04,61
04:39:14,60
04:39:19,58
04:39:29,59
04:39:34,60
04:39:39,61
04:39:54,61
04:40:09,60
04:40:19,60
04:40:34,60
04:40:49,61
04:40:50,61
04:40:55,60
04:41:10,61
04:41:15,62
04:41:30,62
04:41:40,61
04:41:45,60
04:41:55,62
04:42:00,80
04:42:05,85
04:42:10,91
04:42:15,87
04:42:20,83
04:42:25,83
04:42:30,79
04:42:35,68
04:42:40,62
04:42:45,61
04:42:55,62
04:43:00,65
04:43:05,66
04:43:10,67
04:43:20,66
04:43:25,65
04:43:30,64
04:43:35,63
04:43:45,64
04:43:50,65
04:44:00,64
04:44:10,65
04:44:15,66
04:44:25,65
04:44:35,66
04:44:45,65
04:44:50,64
04:45:05,64
04:45:10,65
04:45:20,68
04:45:25,68
04:45:30,64
04:45:35,61
04:45:40,62
04:45:55,63
04:46:00,64
04:46:05,65
04:46:20,67
04:46:25,67
04:46:30,64
04:46:35,63
04:46:50,64
04:46:55,65
04:47:00,66
04:47:05,65
04:47:20,65
04:47:25,63
04:47:30,62
04:47:35,61
04:47:40,60
04:47:45,61
04:47:50,63
04:47:55,64
04:48:05,61
04:48:15,62
04:48:30,63
04:48:35,64
04:48:50,64
04:48:55,65
04:49:05,63
04:49:15,64
04:49:30,64
04:49:45,63
04:50:00,63
04:50:10,62
04:50:20,63
04:50:35,64
04:50:40,65
04:50:45,63
04:50:50,60
04:50:55,60
04:51:00,61
04:51:05,63
04:51:10,64
04:51:15,63
04:51:20,62
04:51:30,63
04:51:40,64
04:51:55,65
04:52:00,64
04:52:15,65
04:52:30,65
04:52:35,66
04:52:40,67
04:52:45,80
04:52:50,88
04:53:00,82
04:53:05,77
04:53:10,66
04:53:15,61
04:53:20,58
04:53:25,57
04:53:30,56
04:53:35,56
04:53:40,55
04:53:45,56
04:53:55,58
04:54:00,57
04:54:05,56
04:54:20,57
04:54:35,58
04:54:40,57
04:54:45,56
04:55:00,56
04:55:10,57
04:55:15,61
04:55:20,60
04:55:25,58
04:55:30,55
04:55:40,58
04:55:45,59
04:55:50,57
04:55:55,56
04:56:10,57
04:56:15,58
04:56:20,59
04:56:30,60
04:56:40,58
04:56:45,59
04:56:55,56
04:57:00,55
04:57:06,55
04:57:16,57
04:57:21,58
04:57:26,59
04:57:31,60
04:57:36,61
04:57:51,62
04:58:06,63
04:58:11,61
04:58:21,62
04:58:26,64
04:58:31,65
04:58:36,64
04:58:41,63
04:58:46,63
04:58:51,64
04:58:56,65
04:59:01,67
04:59:06,83
04:59:11,90
04:59:16,87
04:59:21,85
04:59:26,84
04:59:31,83
04:59:36,75
04:59:41,66
04:59:46,63
05:00:01,63
05:00:06,64
05:00:11,66
05:00:16,67
05:00:21,66
05:00:31,65
05:00:41,66
05:00:46,65
05:01:01,65
05:01:11,66
05:01:16,67
05:01:21,65
05:01:26,63
05:01:31,64
05:01:36,65
05:01:41,66
05:01:46,68
05:01:51,69
05:01:56,68
05:02:01,64
05:02:06,60
05:02:21,61
05:02:26,62
05:02:31,63
05:02:36,65
05:02:41,70
05:02:46,69
05:02:51,65
05:02:56,64
05:03:11,64
05:03:16,65
05:03:21,66
05:03:26,65
05:03:31,64
05:03:36,64
05:03:41,65
05:03:46,77
05:03:51,82
05:03:56,79
05:04:01,74
05:04:06,69
05:04:11,64
05:04:26,64
05:04:36,65
05:04:41,66
05:04:46,61
05:04:51,59
05:04:56,58
05:05:06,59
05:05:21,61
05:05:31,62
05:05:36,64
05:05:41,65
05:05:46,67
05:05:51,67
05:05:56,63
05:06:01,64
05:06:06,66
05:06:11,67
05:06:21,68
05:06:26,64
05:06:31,61
05:06:36,59
05:06:51,59
05:07:01,60
05:07:11,61
05:07:16,60
05:07:21,61
05:07:26,62
05:07:41,63
05:07:51,61
05:08:01,64
05:08:06,66
05:08:11,67
05:08:16,70
05:08:21,69
05:08:26,66
05:08:31,63
05:08:36,63
05:08:46,65
05:09:01,66
05:09:06,67
05:09:11,69
05:09:26,69
05:09:31,68
05:09:36,65
05:09:41,64
05:09:46,63
05:09:51,63
05:09:56,64
05:10:01,69
05:10:16,69
05:10:21,67
05:10:26,66
05:10:36,66
05:10:46,67
05:10:51,63
05:10:56,60
05:11:11,61
05:11:16,64
05:11:21,65
05:11:26,66
05:11:31,68
05:11:36,67
05:11:41,66
05:11:46,62
05:11:51,61
05:11:56,63
05:12:01,65
05:12:06,70
05:12:11,71
05:12:16,68
05:12:26,67
05:12:31,62
05:12:41,63
05:12:46,64
05:12:51,66
05:12:56,67
05:13:01,66
05:13:06,64
05:13:11,62
05:13:16,61
05:13:26,62
05:13:31,65
05:13:36,68
05:13:41,68
05:13:46,71
05:13:51,67
05:13:56,63
05:14:01,59
05:14:06,58
05:14:11,59
05:14:17,61
05:14:22,62
05:14:32,63
05:14:37,64
05:14:42,65
05:14:47,64
05:14:52,63
05:14:57,62
05:15:02,63
05:15:07,65
05:15:12,66
05:15:22,67
05:15:27,66
05:15:32,64
05:15:37,63
05:15:47,62
05:15:52,59
05:16:02,62
05:16:07,63
05:16:12,64
05:16:17,66
05:16:22,68
05:16:27,69
05:16:32,69
05:16:37,70
05:16:42,71
05:16:47,73
05:16:52,74
05:17:02,73
05:17:07,73
05:17:17,76
05:17:22,88
05:17:27,90
05:17:32,82
05:17:37,77
05:17:42,75
05:17:47,64
05:17:52,64
05:17:57,64
05:18:07,65
05:18:12,66
05:18:22,67
05:18:27,68
05:18:32,70
05:18:37,71
05:18:42,72
05:18:52,75
05:18:57,74
05:19:02,68
05:19:07,64
05:19:12,63
05:19:17,64
05:19:22,65
05:19:27,66
05:19:32,64
05:19:42,64
05:19:52,65
05:19:57,67
05:20:07,66
05:20:12,67
05:20:17,67
05:20:32,66
05:20:37,65
05:20:47,69
05:20:52,64
05:21:07,65
05:21:12,65
05:21:17,66
05:21:27,68
05:21:32,67
05:21:37,69
05:21:42,75
05:21:47,69
05:21:57,67
05:22:07,67
05:22:17,68
05:22:22,67
05:22:27,66
05:22:32,65
05:22:37,66
05:22:42,68
05:22:47,68
05:22:52,67
05:22:57,68
05:23:02,67
05:23:17,67
05:23:22,69
05:23:27,72
05:23:42,72
05:23:47,71
05:23:57,72
05:24:02,72
05:24:07,73
05:24:17,72
05:24:22,69
05:24:27,65
05:24:32,65
05:24:37,63
05:24:42,60
05:24:47,61
05:24:52,63
05:25:02,65
05:25:07,67
05:25:17,65
05:25:22,62
05:25:27,64
05:25:32,65
05:25:37,66
05:25:42,67
05:25:47,62
05:25:52,60
05:26:02,61
05:26:07,63
05:26:12,60
05:26:17,59
05:26:22,60
05:26:27,62
05:26:32,63
05:26:37,65
05:26:42,67
05:26:47,69
05:26:52,68
05:26:57,65
05:27:02,62
05:27:07,64
05:27:12,66
05:27:17,67
05:27:27,66
05:27:32,65
05:27:42,67
05:27:47,69
05:27:52,72
05:27:57,73
05:28:02,73
05:28:07,74
05:28:17,73
05:28:27,71
05:28:32,70
05:28:37,67
05:28:42,65
05:28:57,65
05:29:02,67
05:29:12,65
05:29:22,63
05:29:27,64
05:29:32,65
05:29:37,64
05:29:42,62
05:29:47,63
05:29:52,65
05:29:57,66
05:30:02,67
05:30:07,66
05:30:12,68
05:30:27,70
05:30:32,69
05:30:37,68
05:30:42,65
05:30:52,66
05:31:02,65
05:31:08,66
05:31:13,67
05:31:18,67
05:31:28,70
05:31:33,70
05:31:38,69
05:31:43,68
05:31:48,66
05:31:53,66
05:32:08,69
05:32:13,85
05:32:18,92
05:32:23,91
05:32:28,89
05:32:33,81
05:32:38,68
05:32:43,67
05:32:58,67
05:33:03,66
05:33:13,64
05:33:23,66
05:33:38,66
05:33:43,64
05:33:48,63
05:33:53,64
05:33:58,66
05:34:03,67
05:34:08,68
05:34:13,67
05:34:18,66
05:34:23,64
05:34:28,67
05:34:33,66
05:34:38,61
05:34:48,62
05:34:53,63
05:34:58,61
05:35:08,63
05:35:13,65
05:35:28,65
05:35:33,66
05:35:38,65
05:35:43,65
05:35:48,62
05:35:53,60
05:35:58,61
05:36:03,63
05:36:08,62
05:36:13,57
05:36:28,57
05:36:38,59
05:36:43,58
05:36:48,57
05:36:53,59
05:36:58,61
05:37:03,60
05:37:08,59
05:37:18,60
05:37:23,61
05:37:28,61
05:37:43,61
05:37:48,64
05:37:53,62
05:37:58,60
05:38:03,59
05:38:08,58
05:38:13,57
05:38:28,57
05:38:38,58
05:38:53,58
05:38:58,60
05:39:03,63
05:39:08,66
05:39:13,68
05:39:28,68
05:39:43,69
05:39:48,70
05:39:53,71
05:39:58,72
05:40:03,74
05:40:18,76
05:40:23,78
05:40:28,79
05:40:33,81
05:40:38,84
05:40:43,83
05:40:48,82
05:40:53,79
05:40:58,78
05:41:03,79
05:41:08,77
05:41:13,74
05:41:23,73
05:41:33,75
05:41:38,77
05:41:43,83
05:41:53,78
05:41:58,74
05:42:03,67
05:42:08,64
05:42:13,63
05:42:23,64
05:42:28,69
05:42:33,81
05:42:38,85
05:42:43,83
05:42:53,81
05:42:58,74
05:43:03,68
05:43:08,63
05:43:13,60
05:43:23,62
05:43:28,65
05:43:33,67
05:43:38,68
05:43:43,68
05:43:48,67
05:43:53,66
05:44:03,68
05:44:08,69
05:44:23,70
05:44:28,69
05:44:33,68
05:44:38,66
05:44:43,64
05:44:48,62
05:44:53,61
05:45:03,62
05:45:08,64
05:45:13,65
05:45:18,66
05:45:23,65
05:45:38,66
05:45:53,67
05:45:58,68
05:46:03,69
05:46:13,67
05:46:18,65
05:46:23,63
05:46:33,64
05:46:43,65
05:46:53,64
05:47:03,63
05:47:08,64
05:47:13,63
05:47:18,62
05:47:23,63
05:47:28,65
05:47:33,66
05:47:38,67
05:47:43,69
05:47:48,65
05:47:53,62
05:47:58,61
05:48:08,63
05:48:13,64
05:48:18,65
05:48:23,64
05:48:29,62
05:48:44,63
05:48:49,64
05:48:54,65
05:49:09,67
05:49:14,66
05:49:19,65
05:49:29,66
05:49:39,63
05:49:44,62
05:49:49,62
05:49:54,60
05:49:59,61
05:50:04,62
05:50:09,61
05:50:14,60
05:50:24,59
05:50:29,58
05:50:34,60
05:50:39,62
05:50:44,64
05:50:49,65
05:50:59,64
05:51:09,66
05:51:14,67
05:51:19,66
05:51:24,62
05:51:29,61
05:51:34,62
05:51:39,61
05:51:44,60
05:51:54,61
05:51:59,60
05:52:09,61
05:52:14,60
05:52:19,58
05:52:24,60
05:52:29,61
05:52:34,60
05:52:39,59
05:52:44,60
05:52:49,61
05:52:54,62
05:52:59,60
05:53:14,59
05:53:19,60
05:53:29,61
05:53:39,63
05:53:44,65
05:53:49,64
05:53:54,61
05:54:04,62
05:54:14,62
05:54:19,61
05:54:24,59
05:54:29,59
05:54:39,60
05:54:44,60
05:54:49,61
05:55:04,63
05:55:14,62
05:55:29,62
05:55:34,63
05:55:49,63
05:55:54,61
05:56:09,60
05:56:19,61
05:56:24,62
05:56:29,64
05:56:39,66
05:56:49,65
05:56:54,64
05:57:04,62
05:57:09,60
05:57:14,61
05:57:19,62
05:57:24,64
05:57:29,66
05:57:34,69
05:57:39,68
05:57:44,63
05:57:49,59
05:57:59,60
05:58:04,61
05:58:09,62
05:58:14,64
05:58:29,63
05:58:44,64
05:58:49,65
05:58:54,66
05:58:59,68
05:59:04,67
05:59:09,68
05:59:14,65
05:59:19,62
05:59:24,63
05:59:29,64
05:59:34,66
05:59:39,65
05:59:44,64
05:59:54,65
06:00:09,65
06:00:14,64
06:00:24,63
06:00:34,64
06:00:39,63
06:00:49,61
06:00:59,62
06:01:04,64
06:01:09,65
06:01:14,66
06:01:24,67
06:01:29,63
06:01:34,62
06:01:44,64
06:01:49,63
06:01:54,61
06:01:59,62
06:02:14,64
06:02:19,63
06:02:24,64
06:02:29,65
06:02:34,66
06:02:49,64
06:02:59,65
06:03:14,65
06:03:19,66
06:03:24,65
06:03:39,64
06:03:44,65
06:03:59,65
06:04:04,66
06:04:14,67
06:04:24,65
06:04:29,64
06:04:34,64
06:04:44,67
06:04:49,64
06:04:54,62
06:05:04,59
06:05:14,60
06:05:19,62
06:05:24,64
06:05:29,65
06:05:34,66
06:05:49,66
06:07:30,65
06:07:45,65
06:07:55,66
06:08:05,64
06:08:20,64
06:08:30,65
06:08:35,64
06:08:50,64
06:09:00,65
06:09:05,63
06:09:10,61
06:09:20,61
06:09:25,64
06:09:30,65
06:09:35,66
06:09:45,64
06:09:50,63
06:09:55,64
06:10:05,63
06:10:15,64
06:10:20,65
06:10:25,67
06:10:30,68
06:10:35,64
06:10:45,64
06:10:50,62
06:11:05,65
06:11:10,65
06:11:15,63
06:11:20,61
06:11:30,59
06:11:35,60
06:11:40,61
06:11:45,62
06:11:50,64
06:11:55,65
06:12:00,63
06:12:05,62
06:12:20,62
06:12:30,63
06:12:35,65
06:12:40,64
06:12:45,63
06:12:50,64
06:12:55,65
06:13:05,64
06:13:20,63
06:13:35,65
06:13:40,67
06:13:45,66
06:14:00,64
06:14:10,65
06:14:15,66
06:14:25,67
06:14:30,66
06:14:35,64
06:14:40,60
06:14:50,61
06:15:00,63
06:15:05,65
06:15:10,67
06:15:15,66
06:15:20,65
06:15:35,66
06:15:40,65
06:15:45,66
06:15:55,66
06:16:00,68
06:16:05,64
06:16:10,63
06:16:20,73
06:16:25,83
06:16:30,82
06:16:35,77
06:16:40,72
06:16:45,69
06:16:50,68
06:16:55,66
06:17:00,63
06:17:05,63
06:17:15,64
06:17:25,65
06:17:30,67
06:17:45,67
06:17:50,68
06:17:55,67
06:18:00,70
06:18:05,68
06:18:10,64
06:18:15,63
06:18:20,64
06:18:30,65
06:18:35,66
06:18:50,67
06:18:55,65
06:19:05,66
06:19:15,65
06:19:20,66
06:19:25,65
06:19:30,64
06:19:40,65
06:19:45,66
06:19:50,67
06:20:00,67
06:20:05,68
06:20:10,70
06:20:15,78
06:20:20,76
06:20:25,74
06:20:30,69
06:20:35,65
06:20:40,64
06:20:45,64
06:21:00,64
06:21:05,66
06:21:10,69
06:21:15,64
06:21:20,63
06:21:25,64
06:21:30,66
06:21:35,67
06:21:40,66
06:21:55,66
06:22:00,65
06:22:05,64
06:22:15,65
06:22:25,64
06:22:30,63
06:22:40,65
06:22:45,66
06:22:50,65
06:23:00,64
06:23:06,62
06:23:11,61
06:23:26,64
06:23:31,65
06:23:36,66
06:23:41,65
06:23:56,64
06:24:01,65
06:24:06,66
06:24:11,64
06:24:26,65
06:24:31,67
06:24:36,68
06:24:41,67
06:24:51,66
06:25:06,64
06:25:11,63
06:25:16,64
06:25:21,65
06:25:26,66
06:25:31,68
06:25:36,68
06:25:41,66
06:25:51,67
06:26:01,68
06:26:06,67
06:26:11,66
06:26:16,64
06:26:21,63
06:26:26,64
06:26:36,63
06:26:46,62
06:26:51,63
06:26:56,64
06:27:06,66
06:27:16,63
06:27:26,64
06:27:31,65
06:27:36,67
06:27:46,68
06:27:51,69
06:27:56,66
06:28:01,65
06:28:16,67
06:28:21,66
06:28:26,63
06:28:36,62
06:28:46,64
06:28:51,66
06:28:56,63
06:29:06,64
06:29:11,65
06:29:26,64
06:29:31,63
06:29:36,64
06:29:41,65
06:29:56,66
06:30:06,65
06:30:11,66
06:30:21,65
06:30:31,64
06:30:46,63
06:30:51,64
06:30:56,65
06:31:01,66
06:31:06,68
06:31:11,65
06:31:26,65
06:31:41,65
06:31:51,66
06:31:56,67
06:32:01,69
06:32:11,70
06:32:16,65
06:32:26,66
06:32:31,70
06:32:36,67
06:32:41,64
06:32:46,65
06:32:51,66
06:33:01,69
06:33:06,68
06:33:11,69
06:33:16,68
06:33:26,67
06:33:41,67
06:33:46,68
06:33:56,69
06:34:01,65
06:34:11,67
06:34:26,68
06:34:31,67
06:34:36,62
06:34:46,61
06:34:51,59
06:34:56,60
06:35:01,63
06:35:06,64
06:35:11,65
06:35:16,66
06:35:26,65
06:35:31,64
06:35:36,65
06:35:41,66
06:35:46,65
06:35:56,64
06:36:06,65
06:36:11,68
06:36:16,66
06:36:21,64
06:36:31,66
06:36:36,68
06:36:46,67
06:36:56,65
06:37:01,62
06:37:16,63
06:37:21,64
06:37:26,65
06:37:36,67
06:37:41,68
06:37:51,68
06:38:06,69
06:38:16,70
06:38:21,74
06:38:26,73
06:38:31,72
06:38:36,71
06:38:41,70
06:38:46,69
06:38:51,67
06:38:56,65
06:39:01,64
06:39:06,63
06:39:11,64
06:39:21,65
06:39:27,66
06:39:32,67
06:39:37,68
06:39:42,71
06:39:47,70
06:39:52,69
06:39:57,66
06:40:07,67
06:40:22,67
06:40:32,69
06:40:37,68
06:40:42,69
06:40:47,70
06:40:52,72
06:41:02,67
06:41:07,65
06:41:17,64
06:41:27,65
06:41:37,64
06:41:47,65
06:41:52,68
06:42:02,68
06:42:07,71
06:42:17,68
06:42:22,67
06:42:27,68
06:42:32,68
06:42:37,68
06:42:47,74
06:42:52,82
06:42:57,78
06:43:02,72
06:43:07,65
06:43:12,62
06:43:22,64
06:43:27,66
06:43:32,68
06:43:37,69
06:43:42,68
06:43:47,67
06:43:57,68
06:44:02,69
06:44:17,70
06:44:22,69
06:44:27,66
06:44:32,63
06:44:37,62
06:44:47,63
06:44:52,66
06:44:57,67
06:45:02,72
06:45:07,80
06:45:12,74
06:45:17,70
06:45:22,63
06:45:27,60
06:45:32,59
06:45:37,59
06:45:42,61
06:45:47,63
06:45:52,64
06:45:57,66
06:46:02,70
06:46:07,69
06:46:12,71
06:46:17,71
06:46:22,72
06:46:27,73
06:46:32,71
06:46:37,67
06:46:42,65
06:46:47,67
06:46:52,69
06:46:57,67
06:47:02,66
06:47:17,67
06:47:32,68
06:47:42,67
06:47:57,68
06:48:02,69
06:48:07,72
06:48:12,64
06:48:17,61
06:48:22,60
06:48:32,61
06:48:42,62
06:48:57,63
06:49:02,65
06:49:12,66
06:49:17,67
06:49:22,66
06:49:32,65
06:49:37,62
06:49:42,60
06:49:52,61
06:49:57,65
06:50:02,67
06:50:07,68
06:50:12,69
06:50:17,68
06:50:22,68
06:50:32,70
06:50:37,71
06:50:42,73
06:50:47,74
06:50:52,75
06:50:57,75
06:51:02,76
06:51:12,75
06:51:27,78
06:51:32,79
06:51:47,78
06:51:52,79
06:51:57,80
06:52:02,81
06:52:07,80
06:52:12,79
06:52:22,78
06:52:27,76
06:52:37,77
06:52:42,78
06:52:47,75
06:52:52,74
06:52:57,73
06:53:02,72
06:53:07,73
06:53:12,72
06:53:17,73
06:53:22,72
06:53:27,73
06:53:37,75
06:53:42,76
06:53:47,77
06:53:52,78
06:53:57,79
06:54:12,79
06:54:27,78
06:54:32,76
06:54:37,71
06:54:42,70
06:54:52,69
06:55:02,68
06:55:07,68
06:55:12,68
06:55:17,67
06:55:27,68
06:55:37,71
06:55:42,70
06:55:47,69
06:55:52,67
06:55:57,65
06:56:02,65
06:56:07,68
06:56:12,71
06:56:17,70
06:56:22,68
06:56:27,65
06:56:37,63
06:56:42,63
06:56:47,64
06:56:53,68
06:56:58,76
06:57:03,80
06:57:08,78
06:57:13,73
06:57:18,70
06:57:23,65
06:57:28,64
06:57:38,66
06:57:43,68
06:57:48,70
06:58:03,69
06:58:13,67
06:58:18,66
06:58:23,66
06:58:28,68
06:58:43,69
06:58:48,70
06:58:53,73
06:58:58,75
06:59:03,73
06:59:08,68
06:59:13,65
06:59:18,66
06:59:23,67
06:59:33,69
06:59:38,69
06:59:43,68
06:59:48,67
06:59:53,65
07:00:08,66
07:00:13,67
07:00:23,68
07:00:28,69
07:00:33,67
07:00:38,61
07:00:43,60
07:00:48,59
07:00:58,62
07:01:03,64
07:01:08,66
07:01:18,65
07:01:28,64
07:01:38,66
07:01:43,67
07:01:48,67
07:01:53,65
07:01:58,63
07:02:13,60
07:02:23,61
07:02:28,62
07:02:33,61
07:02:38,62
07:02:43,62
07:02:48,65
07:02:53,68
07:03:03,65
07:03:08,63
07:03:13,62
07:03:18,63
07:03:28,64
07:03:33,65
07:03:43,66
07:03:48,65
07:03:53,62
07:03:58,63
07:04:03,62
07:04:08,59
07:04:18,61
07:04:23,63
07:04:28,65
07:04:38,63
07:04:48,64
07:04:53,65
07:04:58,66
07:05:03,68
07:05:08,69
07:05:18,70
07:05:23,69
07:05:28,67
07:05:33,66
07:05:43,67
07:05:48,70
07:05:53,69
07:05:58,66
07:06:03,65
07:06:18,65
07:06:23,66
07:06:28,67
07:06:33,66
07:06:48,66
07:07:03,67
07:07:08,66
07:07:13,64
07:07:18,63
07:07:23,62
07:07:28,63
07:07:33,61
07:07:38,60
07:07:43,61
07:07:48,62
07:07:53,63
07:08:03,65
07:08:08,66
07:08:13,67
07:08:28,65
07:08:33,61
07:08:38,60
07:08:43,62
07:08:48,65
07:08:58,65
07:09:03,66
07:09:08,83
07:09:13,88
07:09:18,85
07:09:23,79
07:09:28,76
07:09:33,73
07:09:38,69
07:09:43,67
07:09:48,65
07:09:53,62
07:09:58,60
07:10:03,61
07:10:08,62
07:10:13,63
07:10:18,61
07:10:33,62
07:10:38,63
07:10:48,62
07:10:53,64
07:11:03,64
07:11:08,64
07:11:13,63
07:11:18,59
07:11:23,60
07:11:28,61
07:11:33,64
07:11:38,69
07:11:43,65
07:11:48,60
07:11:58,61
07:12:13,59
07:12:28,59
07:12:33,60
07:12:38,58
07:12:48,60
07:12:53,63
07:12:58,65
07:13:08,62
07:13:13,63
07:13:28,63
07:13:59,69
07:14:04,67
07:14:09,62
07:14:14,61
07:14:19,62
07:14:24,61
07:14:34,63
07:14:39,62
07:14:44,61
07:14:49,63
07:14:54,65
07:14:59,67
07:15:14,66
07:15:19,65
07:15:24,64
07:15:39,67
07:15:44,69
07:15:49,67
07:15:54,63
07:16:09,63
07:16:14,64
07:16:24,63
07:16:29,64
07:16:34,65
07:16:39,66
07:16:44,65
07:16:59,66
07:17:04,64
07:17:09,63
07:17:19,64
07:17:24,64
07:17:29,63
07:17:44,62
07:17:49,60
07:17:54,61
07:17:59,63
07:18:04,64
07:18:09,65
07:18:14,65
07:18:19,62
07:18:24,60
07:18:29,59
07:18:34,58
07:18:44,60
07:18:49,62
07:18:54,63
07:18:59,62
07:19:09,60
07:19:14,58
07:19:24,59
07:19:29,61
07:19:34,64
07:19:39,66
07:19:44,67
07:19:49,68
07:19:54,64
07:19:59,62
07:20:04,62
07:20:09,60
07:20:14,59
07:20:19,60
07:20:24,62
07:20:29,63
07:20:39,64
07:20:44,65
07:20:49,64
07:20:59,63
07:21:04,62
07:21:14,64
07:21:19,65
07:21:24,64
07:21:29,63
07:21:39,61
07:21:44,60
07:21:49,63
07:21:59,59
07:22:14,61
07:22:19,62
07:22:24,64
07:22:29,65
07:22:34,64
07:22:39,64
07:22:49,65
07:22:54,64
07:22:59,63
07:23:04,64
07:23:09,65
07:23:19,63
07:23:24,61
07:23:29,60
07:23:39,59
07:23:49,60
07:23:54,62
07:23:59,65
07:24:04,67
07:24:09,68
07:24:14,65
07:24:19,61
07:24:24,60
07:24:34,62
07:24:39,63
07:24:44,64
07:24:49,65
07:25:04,66
07:25:09,63
07:25:14,61
07:25:19,60
07:25:24,59
07:25:29,61
07:25:39,62
07:25:44,68
07:25:49,88
07:25:54,90
07:25:59,84
07:26:04,78
07:26:09,75
07:26:14,70
07:26:19,67
07:26:24,63
07:26:34,62
07:26:44,62
07:26:54,61
07:26:59,60
07:27:04,61
07:27:09,63
07:27:14,59
07:27:19,60
07:27:24,62
07:27:34,64
07:27:39,71
07:27:44,72
07:27:49,71
07:27:54,65
07:27:59,62
07:28:04,63
07:28:09,64
07:28:14,62
07:28:19,60
07:28:29,59
07:28:39,62
07:28:54,63
07:29:04,64
07:29:09,63
07:29:19,64
07:29:24,62
07:29:29,61
07:29:34,62
07:29:44,64
07:29:59,64
07:30:09,58
07:30:19,62
07:30:24,63
07:30:29,62
07:30:34,59
07:30:49,59
07:30:54,58
07:31:04,60
07:31:09,61
07:31:14,62
07:31:19,63
07:31:25,63
07:31:30,61
07:31:35,60
07:31:40,59
07:31:50,58
07:31:55,57
07:32:00,58
07:32:05,59
07:32:10,60
07:32:15,63
07:32:25,60
07:32:30,61
07:32:45,59
07:32:55,60
07:33:00,60
07:33:05,58
07:33:10,57
07:33:15,58
07:33:20,59
07:33:25,58
07:33:30,57
07:33:35,58
07:33:40,59
07:33:55,61
07:34:00,63
07:34:10,62
07:34:15,60
07:34:20,59
07:34:30,60
07:34:40,61
07:34:45,63
07:35:00,62
07:35:05,60
07:35:10,59
07:35:15,62
07:35:20,62
07:35:25,59
07:35:30,60
07:35:35,62
07:35:40,63
07:35:45,64
07:35:55,64
07:36:00,65
07:36:10,62
07:36:15,59
07:36:20,62
07:36:25,66
07:36:30,62
07:36:35,61
07:36:40,59
07:36:45,60
07:36:50,61
07:36:55,63
07:37:05,64
07:37:10,64
07:37:20,63
07:37:25,62
07:37:35,63
07:37:40,62
07:37:45,60
07:37:55,62
07:38:00,60
07:38:15,58
07:38:20,57
07:38:25,58
07:38:30,57
07:38:40,58
07:38:45,59
07:38:50,61
07:38:55,60
07:39:00,58
07:39:05,57
07:39:15,58
07:39:20,59
07:39:25,60
07:39:30,62
07:39:40,61
07:39:55,62
07:40:00,61
07:40:15,62
07:40:20,61
07:40:25,61
07:40:30,62
07:40:35,61
07:40:40,60
07:40:50,59
07:40:55,58
07:41:00,59
07:41:05,61
07:41:10,63
07:41:20,64
07:41:30,62
07:41:35,61
07:41:45,62
07:41:50,63
07:41:55,62
07:42:10,62
07:42:25,62
07:42:30,61
07:42:35,62
07:42:45,63
07:43:00,64
07:43:05,61
07:43:10,59
07:43:15,58
07:43:25,60
07:43:30,62
07:43:35,63
07:43:40,63
07:43:50,64
07:43:55,61
07:44:00,59
07:44:05,60
07:44:20,61
07:44:25,62
07:44:40,62
07:44:50,61
07:44:55,60
07:45:05,62
07:45:10,63
07:45:25,63
07:45:30,61
07:45:45,60
07:45:55,61
07:46:00,62
07:46:10,63
07:46:15,63
07:46:20,60
07:46:25,58
07:46:35,59
07:46:40,61
07:46:45,63
07:46:50,64
07:47:00,63
07:47:05,62
07:47:11,61
07:47:16,63
07:47:21,62
07:47:26,61
07:47:41,62
07:47:46,63
07:47:51,62
07:47:56,59
07:48:11,59
07:48:16,60
07:48:21,61
07:48:26,62
07:48:36,63
07:48:46,64
07:48:56,62
07:49:01,61
07:49:16,63
07:49:21,65
07:49:31,66
07:49:46,66
07:49:51,64
07:49:56,62
07:50:01,61
07:50:06,62
07:50:16,64
07:50:21,65
07:50:26,64
07:50:36,62
07:50:41,61
07:50:56,63
07:51:01,65
07:51:11,64
07:51:16,63
07:51:21,62
07:51:26,61
07:51:31,63
07:51:36,68
07:51:41,69
07:51:46,67
07:51:51,67
07:52:01,68
07:52:06,79
07:52:11,94
07:52:16,93
07:52:21,85
07:52:26,79
07:52:31,76
07:52:36,71
07:52:41,68
07:52:46,67
07:52:51,66
07:52:56,65
07:53:01,63
07:53:06,62
07:53:11,64
07:53:16,65
07:53:21,63
07:53:26,64
07:53:31,69
07:53:36,65
07:53:41,64
07:53:46,65
07:53:51,66
07:53:56,66
07:54:11,65
07:54:16,66
07:54:21,65
07:54:26,62
07:54:31,62
07:54:41,64
07:54:46,66
07:54:51,69
07:54:56,67
07:55:01,65
07:55:06,63
07:55:11,62
07:55:21,64
07:55:26,66
07:55:31,65
07:55:36,65
07:55:46,74
07:55:51,79
07:55:56,77
07:56:01,71
07:56:06,73
07:56:11,74
07:56:16,69
07:56:21,65
07:56:26,64
07:56:31,60
07:56:36,61
07:56:41,61
07:56:46,63
07:56:51,63
07:56:56,60
07:57:01,58
07:57:06,58
07:57:11,61
07:57:16,60
07:57:21,57
07:57:26,58
07:57:31,60
07:57:36,59
07:57:41,60
07:57:46,61
07:57:56,62
07:58:01,64
07:58:06,69
07:58:11,73
07:58:16,71
07:58:31,71
07:58:46,70
07:58:51,69
07:58:56,67
07:59:06,66
07:59:11,66
07:59:16,67
07:59:26,66
07:59:31,65
07:59:41,64
07:59:46,66
07:59:51,65
07:59:56,63
08:00:11,62
08:00:21,63
08:00:26,62
08:00:36,63
08:00:41,65
08:00:46,63
08:01:01,66
08:01:06,68
08:01:11,72
08:01:16,74
08:01:21,71
08:01:26,68
08:01:31,70
08:01:36,67
08:01:41,66
08:01:46,65
08:02:01,64
08:02:06,63
08:02:11,64
08:02:16,66
08:02:21,67
08:02:26,66
08:02:31,66
08:02:36,67
08:02:46,68
08:02:51,69
08:02:56,68
08:03:01,67
08:03:11,64
08:03:16,60
08:03:21,58
08:03:26,57
08:03:31,57
08:03:36,60
08:03:42,60
08:03:47,61
08:03:52,63
08:03:57,65
08:04:07,68
08:04:17,67
08:04:22,65
08:04:32,61
08:04:37,60
08:04:42,58
08:04:47,59
08:04:52,62
08:04:57,65
08:05:02,69
08:05:12,70
08:05:27,72
08:05:32,70
08:05:37,68
08:05:42,64
08:05:47,65
08:05:52,66
08:06:02,67
08:06:17,65
08:06:22,61
08:06:27,60
08:06:32,62
08:06:42,63
08:06:47,64
08:06:52,65
08:07:02,66
08:07:07,66
08:07:12,61
08:07:22,62
08:07:27,65
08:07:32,64
08:07:37,66
08:07:42,63
08:07:47,62
08:07:52,64
08:07:57,65
08:08:07,66
08:08:12,66
08:08:17,65
08:08:22,65
08:08:27,68
08:08:32,69
08:08:37,66
08:08:42,63
08:08:52,64
08:08:57,65
08:09:02,64
08:09:07,63
08:09:12,67
08:09:22,65
08:09:27,66
08:09:32,67
08:09:37,66
08:09:42,68
08:09:47,69
08:09:52,68
08:09:57,69
08:10:02,68
08:10:07,66
08:10:12,64
08:10:17,64
08:10:27,74
08:10:32,84
08:10:42,80
08:10:47,76
08:10:52,72
08:10:57,68
08:11:02,66
08:11:07,66
08:11:12,66
08:11:22,67
08:11:27,65
08:11:42,66
08:11:47,65
08:12:02,65
08:12:07,66
08:12:12,67
08:12:27,66
08:12:32,67
08:12:37,69
08:12:42,72
08:12:47,69
08:12:52,67
08:12:57,69
08:13:02,67
08:13:07,66
08:13:17,67
08:13:22,68
08:13:27,67
08:13:32,66
08:13:42,65
08:13:52,64
08:14:02,66
08:14:07,65
08:14:12,66
08:14:27,66
08:14:37,67
08:14:42,68
08:14:52,69
08:15:07,69
08:15:12,70
08:15:17,71
08:15:22,71
08:15:32,70
08:15:37,67
08:15:52,68
08:15:57,70
08:16:12,71
08:16:22,72
08:16:37,72
08:16:42,91
08:16:47,94
08:16:52,89
08:16:57,83
08:17:02,79
08:17:07,72
08:17:12,67
08:17:17,64
08:17:22,62
08:17:27,60
08:17:37,60
08:17:42,58
08:17:47,60
08:17:57,58
08:18:12,58
08:18:18,60
08:18:23,58
08:18:28,58
08:18:33,59
08:18:38,64
08:18:43,80
08:18:48,81
08:18:53,77
08:18:58,71
08:19:03,67
08:19:08,65
08:19:13,63
08:19:18,60
08:19:23,59
08:19:38,61
08:19:43,63
08:19:48,64
08:19:53,66
08:20:03,65
08:20:13,64
08:20:18,62
08:20:33,60
08:20:43,61
08:20:58,63
08:21:03,66
08:21:09,67
08:21:14,68
08:21:24,70
08:21:34,66
08:21:39,64
08:21:44,63
08:21:49,64
08:21:54,65
08:21:59,67
08:22:04,66
08:22:09,64
08:22:19,65
08:22:24,67
08:22:29,69
08:22:34,67
08:22:39,69
08:22:44,68
08:22:49,65
08:22:54,64
08:22:59,65
08:23:14,64
08:23:24,65
08:23:34,67
08:23:39,68
08:23:44,70
08:23:49,72
08:23:54,70
08:23:59,66
08:24:14,66
08:24:19,68
08:24:24,65
08:24:34,66
08:24:39,64
08:24:49,65
08:24:54,66
08:24:59,69
08:25:04,70
08:25:09,72
08:25:19,67
08:25:24,62
08:25:29,59
08:25:44,60
08:25:49,61
08:25:59,62
08:26:04,63
08:26:19,64
08:26:24,62
08:26:29,61
08:26:39,63
08:26:44,65
08:26:49,64
08:26:59,65
08:27:04,83
08:27:09,92
08:27:14,93
08:27:19,91
08:27:24,88
08:27:29,83
08:27:34,78
08:27:39,71
08:27:44,69
08:27:59,69
08:28:04,65
08:28:09,68
08:28:14,68
08:28:19,65
08:28:24,64
08:28:29,62
08:28:34,62
08:28:39,68
08:28:44,72
08:28:49,86
08:28:54,93
08:29:09,93
08:29:14,91
08:29:19,88
08:29:24,84
08:29:29,79
08:29:34,77
08:29:39,72
08:29:44,70
08:29:54,77
08:29:59,81
08:30:04,79
08:30:09,75
08:30:14,71
08:30:19,67
08:30:24,66
08:30:34,67
08:30:44,69
08:30:49,75
08:30:59,72
08:31:04,68
08:31:09,65
08:31:24,66
08:31:29,64
08:31:34,67
08:31:39,67
08:31:44,69
08:31:49,71
08:31:54,73
08:32:04,74
08:32:09,75
08:32:14,75
08:32:19,75
08:32:24,77
08:32:29,87
08:32:39,83
08:32:44,79
08:32:54,76
08:32:59,74
08:33:04,74
08:33:09,72
08:33:19,72
08:33:29,74
08:33:34,78
08:33:39,78
08:33:44,77
08:33:59,77
08:34:09,93
08:34:14,101
08:34:19,102
08:34:24,98
08:34:29,93
08:34:34,92
08:34:49,92
08:34:54,93
08:34:59,94
08:35:09,94
08:35:24,95
08:35:29,97
08:35:34,101
08:35:39,102
08:35:54,105
08:35:59,106
08:36:14,105
08:36:29,106
08:36:39,104
08:36:44,97
08:36:59,98
08:37:04,99
08:37:09,100
08:37:14,97
08:37:19,96
08:37:24,98
08:37:29,100
08:37:34,101
08:37:39,102
08:37:44,101
08:37:54,102
08:37:59,104
08:38:09,101
08:38:14,96
08:38:19,93
08:38:24,91
08:38:29,89
08:38:34,88
08:38:49,88
08:38:54,87
08:38:59,91
08:39:04,89
08:39:09,85
08:39:14,82
08:39:19,81
08:39:24,81
08:39:34,80
08:39:39,80
08:39:54,80
08:39:59,83
08:40:04,87
08:40:09,90
08:40:19,92
08:40:24,93
08:40:29,94
08:40:34,95
08:40:49,95
08:40:54,97
08:40:59,99
08:41:09,102
08:41:15,101
08:41:20,99
08:41:25,100
08:41:30,102
08:41:40,103
08:41:50,92
08:41:55,90
08:42:00,98
08:42:05,100
08:42:10,92
08:42:15,91
08:42:20,94
08:42:25,99
08:42:30,100
08:42:45,100
08:42:55,99
08:43:00,98
08:43:10,99
08:43:15,98
08:43:20,97
08:43:25,99
08:43:30,104
08:43:35,106
08:43:45,108
08:43:50,110
08:43:55,111
08:44:00,112
08:44:05,110
08:44:10,95
08:44:15,87
08:44:25,90
08:44:35,89
08:44:50,89
08:45:00,86
08:45:05,85
08:45:10,82
08:45:15,78
08:45:20,76
08:45:35,77
08:45:45,76
08:45:50,75
08:45:55,72
08:46:00,71
08:46:15,74
08:46:20,76
08:46:25,75
08:46:35,75
08:46:45,73
08:46:50,72
08:46:55,71
08:47:05,73
08:47:10,75
08:47:15,76
08:47:20,76
08:47:30,75
08:47:35,74
08:47:50,75
08:48:05,76
08:48:15,77
08:48:20,76
08:48:25,75
08:48:30,74
08:48:45,75
08:48:50,76
08:48:55,77
08:49:00,76
08:49:05,76
08:49:20,75
08:49:30,76
08:49:40,77
08:49:55,77
08:50:00,76
08:50:10,75
08:50:15,76
08:50:20,77
08:50:25,81
08:50:30,84
08:50:35,83
08:50:40,80
08:50:45,75
08:50:50,74
08:50:55,73
08:51:00,73
08:51:05,75
08:51:10,77
08:51:20,78
08:51:30,77
08:51:35,73
08:51:45,72
08:51:50,71
08:52:00,70
08:52:05,68
08:52:10,68
08:52:20,68
08:52:25,69
08:52:30,71
08:52:35,72
08:52:40,73
08:52:50,72
08:53:00,72
08:53:10,73
08:53:15,74
08:53:25,73
08:53:30,74
08:53:35,75
08:53:41,74
08:53:46,72
08:53:51,72
08:53:56,71
08:54:06,72
08:54:11,74
08:54:16,75
08:54:21,73
08:54:26,72
08:54:31,70
08:54:36,70
08:54:46,72
08:54:51,71
08:55:01,72
08:55:11,73
08:55:26,73
08:55:31,75
08:55:36,78
08:55:51,79
08:55:56,78
08:56:11,79
08:56:16,79
08:56:21,80
08:56:26,79
08:56:31,78
08:56:36,76
08:56:41,76
08:56:46,76
08:57:01,77
08:57:06,77
08:57:11,76
08:57:16,75
08:57:21,74
08:57:36,74
08:57:46,73
08:58:01,74
08:58:06,73
08:58:21,75
08:58:26,76
08:58:31,77
08:58:41,76
08:58:46,74
08:58:51,73
08:58:56,71
08:59:11,72
08:59:16,73
08:59:21,72
08:59:26,73
08:59:36,74
08:59:41,73
08:59:46,74
08:59:51,74
09:00:01,75
09:00:06,77
09:00:11,77
09:00:21,78
09:00:26,80
09:00:36,79
09:00:41,78
09:00:56,77
09:01:11,78
09:01:21,79
09:01:31,80
09:01:36,81
09:01:41,82
09:01:51,83
09:02:06,83
09:02:21,82
09:02:26,83
09:02:36,82
09:02:46,82
09:02:51,81
09:02:56,80
09:03:06,81
09:03:11,83
09:03:16,81
09:03:21,78
09:03:26,74
09:03:31,72
09:03:36,71
09:03:51,71
09:03:56,70
09:04:01,70
09:04:06,69
09:04:11,68
09:04:16,67
09:04:21,65
09:04:36,63
09:04:41,62
09:04:46,63
09:04:51,64
09:04:56,65
09:05:01,64
09:05:06,63
09:05:16,62
09:05:26,65
09:05:31,67
09:05:36,68
09:05:46,67
09:05:51,66
09:05:56,64
09:06:06,63
09:06:11,64
09:06:21,65
09:06:26,66
09:06:31,62
09:06:36,59
09:06:51,59
09:06:52,59
09:07:02,61
09:07:07,63
09:07:12,63
09:07:22,62
09:07:27,61
09:07:42,61
09:07:47,62
09:07:52,63
09:08:02,63
09:08:12,65
09:08:22,64
09:08:27,63
09:08:37,62
09:08:42,61
09:08:52,60
09:09:02,61
09:09:07,62
09:09:12,63
09:09:17,65
09:09:22,66
09:09:27,65
09:09:37,64
09:09:42,63
09:09:47,64
09:10:02,64
09:10:12,63
09:10:17,62
09:10:27,64
09:10:32,65
09:10:42,64
09:10:52,64
09:11:07,64
09:11:22,64
09:11:32,63
09:11:47,63
09:11:52,62
09:11:57,63
09:12:02,64
09:12:07,66
09:12:12,68
09:12:22,67
09:12:27,65
09:12:32,66
09:12:37,67
09:12:42,68
09:12:47,69
09:12:52,71
09:12:57,72
09:13:02,71
09:13:07,69
09:13:12,67
09:13:17,65
09:13:22,66
09:13:27,67
09:13:42,67
09:13:47,67
09:13:52,66
09:14:02,68
09:14:07,70
09:14:22,71
09:14:27,72
09:14:37,68
09:14:42,66
09:14:47,63
09:14:52,62
09:14:57,63
09:15:02,65
09:15:07,64
09:15:17,65
09:15:32,66
09:15:37,66
09:15:42,65
09:15:47,64
09:15:52,66
09:15:57,68
09:16:02,70
09:16:12,68
09:16:17,67
09:16:22,64
09:16:27,65
09:16:32,65
09:16:37,64
09:16:42,63
09:16:52,64
09:16:57,63
09:17:07,64
09:17:12,65
09:17:17,66
09:17:27,67
09:17:32,68
09:17:47,68
09:17:57,69
09:18:07,68
09:18:12,69
09:18:22,68
09:18:37,69
09:18:42,70
09:18:47,71
09:18:52,72
09:18:57,71
09:19:02,71
09:19:07,70
09:19:12,69
09:19:22,71
09:19:27,70
09:19:32,69
09:19:37,68
09:19:42,68
09:19:47,67
09:19:52,67
09:19:57,68
09:20:07,69
09:20:17,67
09:20:22,68
09:20:27,69
09:20:32,68
09:20:37,67
09:20:42,66
09:20:47,65
09:21:02,66
09:21:07,67
09:21:12,68
09:21:17,70
09:21:22,69
09:21:27,68
09:21:32,67
09:21:37,67
09:21:47,68
09:21:52,72
09:22:02,69
09:22:07,66
09:22:12,64
09:22:17,63
09:22:27,65
09:22:32,66
09:22:42,66
09:22:47,67
09:22:52,66
09:22:57,65
09:23:07,66
09:23:12,67
09:23:17,69
09:23:22,68
09:23:27,67
09:23:32,66
09:23:37,67
09:23:52,67
09:23:57,73
09:24:02,72
09:24:07,71
09:24:12,70
09:24:22,69
09:24:27,68
09:24:32,67
09:24:37,68
09:24:42,67
09:24:57,67
09:25:02,66
09:25:12,65
09:25:22,68
09:25:28,73
09:25:33,74
09:25:38,77
09:25:43,73
09:25:48,71
09:25:53,72
09:26:08,78
09:26:13,81
09:26:18,77
09:26:23,73
09:26:28,69
09:26:33,66
09:26:38,65
09:26:43,64
09:26:48,65
09:26:53,68
09:26:58,70
09:27:03,71
09:27:08,71
09:27:23,71
09:27:28,69
09:27:38,71
09:27:43,72
09:27:53,70
09:27:58,68
09:28:03,67
09:28:08,66
09:28:13,65
09:28:18,66
09:28:28,65
09:28:33,67
09:28:48,68
09:28:58,69
09:29:13,71
09:29:18,73
09:29:23,71
09:29:28,70
09:29:33,68
09:29:38,66
09:29:53,67
09:29:58,68
09:30:03,69
09:30:08,71
09:30:13,74
09:30:18,72
09:30:23,70
09:30:38,70
09:30:53,71
09:30:58,70
09:31:13,70
09:31:18,71
09:31:23,71
09:31:33,72
09:31:38,73
09:31:43,72
09:31:48,73
09:31:58,72
09:32:03,71
09:32:08,69
09:32:18,70
09:32:33,71
09:32:38,70
09:32:43,69
09:32:53,70
09:32:58,71
09:33:03,72
09:33:08,73
09:33:18,71
09:33:23,70
09:33:28,69
09:33:38,70
09:33:48,77
09:33:53,85
09:33:58,87
09:34:03,86
09:34:18,87
09:34:28,88
09:34:38,89
09:34:43,88
09:34:48,75
09:34:53,71
09:34:58,73
09:35:03,71
09:35:08,68
09:35:13,65
09:35:18,66
09:35:28,67
09:35:43,66
09:35:48,65
09:35:58,66
09:36:03,67
09:36:13,68
09:36:23,67
09:36:28,67
09:36:38,65
09:36:48,66
09:36:58,65
09:37:03,66
09:37:08,67
09:37:13,68
09:37:18,69
09:37:23,70
09:37:28,71
09:37:33,71
09:37:43,71
09:37:48,70
09:37:53,70
09:38:08,71
09:38:18,72
09:38:28,73
09:38:33,74
09:38:43,75
09:38:48,76
09:38:53,77
09:38:58,78
09:39:08,76
09:39:13,74
09:39:18,71
09:39:23,70
09:39:38,70
09:39:53,70
09:39:58,71
09:40:03,70
09:40:18,69
09:40:23,69
09:40:38,69
09:40:48,69
09:40:53,68
09:41:03,69
09:41:08,70
09:41:23,70
09:41:29,68
09:41:34,67
09:41:39,69
09:41:44,72
09:41:49,74
09:41:54,75
09:42:04,76
09:42:09,79
09:42:14,81
09:42:19,84
09:42:29,83
09:42:39,82
09:42:44,82
09:42:59,84
09:43:04,85
09:43:14,86
09:43:19,87
09:43:24,85
09:43:29,84
09:43:34,83
09:43:39,84
09:43:44,85
09:43:49,82
09:43:54,80
09:43:59,77
09:44:04,76
09:44:09,77
09:44:14,77
09:44:19,84
09:44:24,86
09:44:29,83
09:44:34,80
09:44:39,79
09:44:44,77
09:44:49,76
09:44:54,76
09:44:59,77
09:45:09,81
09:45:14,84
09:45:19,84
09:45:29,87
09:45:39,90
09:45:44,91
09:45:49,92
09:45:54,97
09:45:59,95
09:46:14,95
09:46:24,95
09:46:29,100
09:46:34,98
09:46:39,97
09:46:44,93
09:46:49,86
09:46:54,81
09:46:59,79
09:47:04,77
09:47:14,78
09:47:19,79
09:47:24,77
09:47:29,75
09:47:34,74
09:47:49,74
09:47:59,81
09:48:04,84
09:48:19,82
09:48:24,81
09:48:29,78
09:48:34,76
09:48:39,74
09:48:49,77
09:48:54,82
09:48:59,90
09:49:04,91
09:49:09,90
09:49:14,88
09:49:24,87
09:49:29,83
09:49:34,80
09:49:39,79
09:49:49,80
09:49:54,79
09:49:59,78
09:50:04,76
09:50:14,73
09:50:19,69
09:50:24,67
09:50:29,68
09:50:39,69
09:50:44,71
09:50:54,72
09:51:09,72
09:51:19,70
09:51:24,71
09:51:29,70
09:51:34,68
09:51:39,69
09:51:44,69
09:51:49,71
09:51:59,69
09:52:04,67
09:52:14,68
09:52:19,69
09:52:24,70
09:52:29,69
09:52:39,68
09:52:54,68
09:53:09,69
09:53:14,69
09:53:29,69
09:53:34,71
09:53:44,71
09:53:49,72
09:53:54,69
09:53:59,68
09:54:04,67
09:54:14,68
09:54:24,69
09:54:29,70
09:54:34,69
09:54:39,68
09:54:49,70
09:54:54,72
09:54:59,74
09:55:14,74
09:55:24,75
09:55:29,77
09:55:34,78
09:55:39,79
09:55:44,80
09:55:59,78
09:56:04,77
09:56:14,76
09:56:19,75
09:56:34,75
09:56:39,75
09:56:49,74
09:56:54,73
09:57:04,78
09:57:09,80
09:57:14,79
09:57:19,78
09:57:24,76
09:57:39,77
09:57:44,76
09:57:49,73
09:57:54,73
09:57:59,71
09:58:04,70
09:58:09,71
09:58:14,72
09:58:19,75
09:58:24,77
09:58:39,77
09:58:49,75
09:59:04,75
09:59:09,75
09:59:14,74
09:59:19,75
09:59:29,74
09:59:39,72
09:59:45,69
09:59:50,68
09:59:55,66
10:00:05,64
10:00:10,62
10:00:15,62
10:00:20,63
10:00:25,64
10:00:35,65
10:00:40,67
10:00:45,74
10:00:50,75
10:00:55,77
10:01:00,78
10:01:10,77
10:01:15,75
10:01:20,74
10:01:25,74
10:01:35,72
10:01:40,71
10:01:45,70
10:01:55,71
10:02:00,73
10:02:10,72
10:02:15,71
10:02:20,69
10:02:35,69
10:02:40,69
10:02:50,70
10:03:00,71
10:03:05,71
10:03:10,70
10:03:15,69
10:03:20,68
10:03:25,66
10:03:35,66
10:03:40,67
10:03:50,69
10:04:00,70
10:04:10,69
10:04:15,67
10:04:20,66
10:04:35,66
10:04:40,67
10:04:50,69
10:04:55,72
10:05:00,75
10:05:10,74
10:05:25,74
10:05:30,75
10:05:35,74
10:05:40,72
10:05:45,71
10:06:00,72
10:06:05,74
10:06:10,73
10:06:20,75
10:06:25,77
10:06:30,76
10:06:35,74
10:06:40,72
10:06:55,68
10:07:05,67
10:07:15,65
10:07:20,66
10:07:25,68
10:07:30,69
10:07:35,70
10:07:40,69
10:07:45,71
10:07:50,74
10:07:55,75
10:08:00,73
10:08:10,74
10:08:15,73
10:08:20,72
10:08:30,73
10:08:35,72
10:08:40,71
10:08:50,70
10:08:55,71
10:09:00,71
10:09:05,70
10:09:10,68
10:09:15,69
10:09:20,71
10:09:25,70
10:09:40,69
10:09:55,68
10:10:00,71
10:10:10,73
10:10:15,75
10:10:30,78
10:10:35,92
10:10:40,97
10:10:45,90
10:10:50,81
10:10:55,79
10:11:05,80
10:11:15,74
10:11:20,68
10:11:25,64
10:11:30,63
10:11:35,63
10:11:45,64
10:11:50,65
10:11:55,65
10:12:10,65
10:12:15,64
10:12:20,66
10:12:25,67
10:12:40,68
10:12:45,66
10:12:50,64
10:13:00,63
10:13:05,62
10:13:10,63
10:13:15,62
10:13:20,63
10:13:35,61
10:13:40,60
10:13:45,59
10:13:55,61
10:14:00,63
10:14:05,64
10:14:10,66
10:14:15,67
10:14:25,72
10:14:30,81
10:14:35,79
10:14:40,74
10:14:45,67
10:14:50,66
10:14:55,66
10:15:10,66
10:15:15,64
10:15:20,63
10:15:30,62
10:15:35,63
10:15:40,64
10:15:50,71
10:16:00,76
10:16:05,75
10:16:10,73
10:16:15,69
10:16:25,70
10:16:30,69
10:16:35,69
10:16:45,69
10:16:50,73
10:16:55,76
10:17:00,72
10:17:05,69
10:17:10,69
10:17:20,72
10:17:25,75
10:17:30,76
10:17:40,74
10:17:45,71
10:17:51,69
10:17:56,69
10:18:01,67
10:18:11,68
10:18:21,67
10:18:31,66
10:18:41,68
10:18:46,69
10:18:51,71
10:19:01,71
10:19:11,70
10:19:16,69
10:19:31,70
10:19:46,70
10:19:56,71
10:20:11,71
10:20:16,72
10:20:21,75
10:20:26,79
10:20:31,81
10:20:41,80
10:20:46,78
10:20:51,74
10:20:56,73
10:21:01,70
10:21:11,69
10:21:21,69
10:21:26,69
10:21:36,69
10:21:41,70
10:21:56,71
10:22:06,77
10:22:11,80
10:22:16,84
10:22:21,80
10:22:26,73
10:22:31,69
10:22:41,70
10:22:46,72
10:22:51,73
10:22:56,72
10:23:01,70
10:23:06,68
10:23:11,67
10:23:16,68
10:23:26,67
10:23:31,68
10:23:36,69
10:23:41,71
10:23:46,78
10:23:51,75
10:23:56,72
10:24:06,73
10:24:11,74
10:24:16,74
10:24:31,74
10:24:36,75
10:24:41,80
10:24:46,81
10:24:51,82
10:25:01,83
10:25:06,84
10:25:11,78
10:25:16,77
10:25:31,77
10:25:36,76
10:25:46,76
10:25:56,76
10:26:01,75
10:26:06,76
10:26:11,74
10:26:16,71
10:26:21,70
10:26:26,70
10:26:31,72
10:26:36,75
10:26:41,76
10:26:56,76
10:27:06,75
10:27:21,75
10:27:36,75
10:27:41,75
10:27:46,76
10:27:51,75
10:27:56,76
10:28:01,77
10:28:06,80
10:28:11,80
10:28:16,77
10:28:21,76
10:28:26,75
10:28:31,74
10:28:36,74
10:28:51,75
10:29:01,76
10:29:06,75
10:29:21,74
10:29:26,73
10:29:41,73
10:29:51,72
10:29:56,69
10:30:01,69
10:30:11,70
10:30:21,71
10:30:36,72
10:30:46,73
10:30:51,77
10:30:56,91
10:31:01,92
10:31:11,91
10:31:16,92
10:31:31,93
10:31:36,94
10:31:41,95
10:31:46,94
10:31:56,91
10:32:11,91
10:32:21,90
10:32:31,89
10:32:36,89
10:32:46,89
10:33:01,89
10:33:16,90
10:33:21,90
10:33:36,90
10:33:41,88
10:33:46,87
10:33:56,89
10:34:01,91
10:34:06,90
10:34:11,89
10:34:17,88
10:34:32,89
10:34:37,90
10:34:52,90
10:35:02,88
10:35:07,85
10:35:22,85
10:35:32,82
10:35:37,80
10:35:52,81
10:36:02,80
10:36:07,79
10:36:22,79
10:36:27,81
10:36:32,82
10:36:47,82
10:36:57,83
10:37:12,83
10:37:17,84
10:37:27,85
10:37:42,83
10:37:57,84
10:38:07,83
10:38:12,82
10:38:17,80
10:38:22,78
10:38:27,77
10:38:32,78
10:38:37,81
10:38:42,85
10:38:47,87
10:38:52,86
10:38:57,85
10:39:02,84
10:39:07,82
10:39:12,81
10:39:17,83
10:39:22,87
10:39:27,88
10:39:32,89
10:39:47,90
10:39:57,91
10:40:02,93
10:40:07,94
10:40:12,93
10:40:17,94
10:40:22,95
10:40:27,97
10:40:32,95
10:40:37,93
10:40:52,93
10:40:57,92
10:41:12,92
10:41:17,91
10:41:22,91
10:41:32,90
10:41:37,88
10:41:47,91
10:41:52,93
10:42:02,94
10:42:07,95
10:42:22,95
10:42:32,94
10:42:37,93
10:42:42,92
10:42:57,94
10:43:12,93
10:43:17,87
10:43:22,81
10:43:27,78
10:43:32,77
10:43:37,76
10:43:42,74
10:43:47,71
10:43:57,70
10:44:07,71
10:44:12,73
10:44:17,73
10:44:27,74
10:44:32,75
10:44:37,74
10:44:42,71
10:44:47,68
10:44:52,67
10:45:02,68
10:45:07,69
10:45:12,70
10:45:22,69
10:45:37,70
10:45:52,68
10:45:57,66
10:46:02,67
10:46:07,70
10:46:12,71
10:46:17,72
10:46:22,70
10:46:27,69
10:46:42,69
10:46:47,73
10:46:57,72
10:47:02,71
10:47:07,70
10:47:12,70
10:47:27,71
10:47:42,72
10:47:57,73
10:48:07,74
10:48:12,76
10:48:17,78
10:48:22,77
10:48:27,75
10:48:32,71
10:48:42,72
10:48:47,74
10:48:52,74
10:49:07,74
10:49:12,76
10:49:22,77
10:49:27,78
10:49:32,80
10:49:47,80
10:49:57,80
10:50:02,84
10:50:07,88
10:50:12,92
10:50:17,94
10:50:22,95
10:50:27,98
10:50:32,99
10:50:42,102
10:50:47,101
10:50:57,102
10:51:07,101
10:51:17,106
10:51:22,107
10:51:28,105
10:51:43,105
10:51:48,107
10:51:53,108
10:51:58,109
10:52:13,113
10:52:18,116
10:52:23,118
10:52:38,121
10:52:43,124
10:52:48,122
10:52:53,120
10:52:58,118
10:53:03,114
10:53:08,113
10:53:13,112
10:53:18,110
10:53:23,111
10:53:28,110
10:53:33,108
10:53:38,103
10:53:43,101
10:53:48,100
10:53:58,99
10:54:03,96
10:54:08,97
10:54:13,96
10:54:18,95
10:54:23,96
10:54:28,98
10:54:33,99
10:54:38,101
10:54:43,102
10:54:53,103
10:54:58,107
10:55:03,112
10:55:08,116
10:55:13,115
10:55:18,109
10:55:23,106
10:55:28,111
10:55:33,104
10:55:38,97
10:55:43,93
10:55:48,95
10:55:53,96
10:55:58,95
10:56:13,95
10:56:18,94
10:56:23,92
10:56:38,96
10:56:43,98
10:56:48,95
10:56:53,94
10:56:58,93
10:57:03,94
10:57:13,95
10:57:23,96
10:57:28,94
10:57:38,93
10:57:48,95
10:57:53,96
10:57:58,97
10:58:13,97
10:58:18,98
10:58:28,96
10:58:38,97
10:58:43,99
10:58:48,98
10:58:53,97
10:58:58,94
10:59:03,93
10:59:13,91
10:59:18,93
10:59:23,95
10:59:28,94
10:59:33,95
10:59:43,96
10:59:58,95
11:00:08,98
11:00:13,101
11:00:18,103
11:00:23,102
11:00:28,100
11:00:33,99
11:00:38,98
11:00:43,100
11:00:48,102
11:00:53,105
11:00:58,103
11:01:03,99
11:01:08,101
11:01:13,105
11:01:18,107
11:01:28,104
11:01:33,106
11:01:38,109
11:01:43,111
11:01:48,113
11:01:53,116
11:02:03,117
11:02:08,119
11:02:13,120
11:02:18,121
11:02:23,122
11:02:28,121
11:02:33,119
11:02:38,115
11:02:43,113
11:02:48,110
11:02:53,109
11:02:58,108
11:03:03,109
11:03:08,111
11:03:18,112
11:03:23,111
11:03:28,107
11:03:33,104
11:03:38,105
11:03:48,106
11:03:58,107
11:04:13,108
11:04:18,108
11:04:23,109
11:04:28,110
11:04:38,109
11:04:43,111
11:04:48,114
11:05:03,114
11:05:08,115
11:05:13,112
11:05:18,110
11:05:23,109
11:05:28,110
11:05:33,114
11:05:39,116
11:05:44,115
11:05:49,111
11:05:54,110
11:05:59,108
11:06:04,107
11:06:09,108
11:06:19,109
11:06:24,110
11:06:39,110
11:06:49,112
11:06:54,111
11:06:59,106
11:07:04,108
11:07:09,105
11:07:14,101
11:07:19,104
11:07:24,107
11:07:29,110
11:07:34,111
11:07:39,112
11:07:44,111
11:07:49,109
11:07:59,107
11:08:14,104
11:08:19,103
11:08:24,101
11:08:39,101
11:08:44,99
11:08:49,98
11:08:54,96
11:09:04,97
11:09:09,99
11:09:14,100
11:09:19,99
11:09:29,98
11:09:34,97
11:09:39,95
11:09:44,94
11:09:49,96
11:09:54,95
11:10:04,100
11:10:09,101
11:10:14,103
11:10:29,103
11:10:44,101
11:10:49,99
11:10:54,96
11:10:59,95
11:11:04,94
11:11:19,96
11:11:24,99
11:11:34,97
11:11:39,99
11:11:49,98
11:11:59,97
11:12:09,98
11:12:14,99
11:12:29,98
11:12:34,97
11:12:39,95
11:12:44,96
11:12:49,99
11:12:54,100
11:12:59,97
11:13:04,95
11:13:14,96
11:13:24,95
11:13:29,94
11:13:34,96
11:13:39,98
11:13:44,99
11:13:49,98
11:13:54,94
11:13:59,93
11:14:09,92
11:14:19,90
11:14:24,88
11:14:34,89
11:14:39,91
11:14:44,94
11:14:59,95
11:15:14,95
11:15:19,96
11:15:34,96
11:15:44,96
11:15:49,100
11:15:59,99
11:16:04,101
11:16:09,100
11:16:14,97
11:16:19,93
11:16:24,95
11:16:29,98
11:16:34,100
11:16:39,101
11:16:44,100
11:16:49,101
11:16:54,99
11:17:04,102
11:17:09,103
11:17:24,102
11:17:29,101
11:17:39,100
11:17:54,98
11:18:09,97
11:18:14,98
11:18:19,98
11:18:24,99
11:18:34,98
11:18:39,101
11:18:49,100
11:18:54,99
11:18:59,97
11:19:04,99
11:19:14,100
11:19:24,99
11:19:29,98
11:19:34,96
11:19:39,95
11:19:44,97
11:19:49,101
11:19:54,100
11:19:59,99
11:20:04,100
11:20:09,101
11:20:14,101
11:20:19,100
11:20:24,101
11:20:29,100
11:20:34,101
11:20:44,100
11:20:49,103
11:20:54,105
11:20:59,104
11:21:04,102
11:21:09,103
11:21:14,101
11:21:24,103
11:21:29,104
11:21:34,103
11:21:39,100
11:21:49,101
11:21:59,99
11:22:04,103
11:22:09,106
11:22:24,101
11:22:34,99
11:22:39,94
11:22:44,86
11:22:49,83
11:22:59,97
11:23:04,99
11:23:14,100
11:23:29,100
11:23:39,99
11:23:49,100
11:23:54,101
11:24:04,102
11:24:10,102
11:24:20,100
11:24:25,102
11:24:30,103
11:24:35,100
11:24:40,96
11:24:45,97
11:24:50,98
11:24:55,99
11:25:00,98
11:25:15,99
11:25:20,103
11:25:25,104
11:25:30,106
11:25:35,104
11:25:45,105
11:25:55,106
11:26:00,109
11:26:05,108
11:26:10,107
11:26:15,106
11:26:20,107
11:26:25,105
11:26:30,104
11:26:35,106
11:26:40,106
11:26:55,104
11:27:00,105
11:27:05,103
11:27:10,103
11:27:15,104
11:27:20,105
11:27:25,107
11:27:30,107
11:27:45,107
11:28:00,107
11:28:10,106
11:28:25,104
11:28:30,102
11:28:35,101
11:28:50,102
11:29:05,100
11:29:15,101
11:29:20,98
11:29:25,99
11:29:30,97
11:29:35,93
11:29:40,94
11:29:45,96
11:29:55,97
11:30:00,98
11:30:10,100
11:30:25,99
11:30:30,98
11:30:35,99
11:30:40,102
11:30:45,105
11:30:50,107
11:30:55,105
11:31:00,106
11:31:05,107
11:31:10,108
11:31:15,109
11:31:30,110
11:31:45,109
11:31:50,110
11:32:00,112
11:32:05,110
11:32:10,107
11:32:15,108
11:32:20,111
11:32:25,113
11:32:30,116
11:32:35,117
11:32:40,116
11:32:50,117
11:33:05,118
11:33:10,119
11:33:20,120
11:33:30,119
11:33:35,120
11:33:40,121
11:33:45,119
11:33:50,118
11:33:55,119
11:34:00,118
11:34:05,117
11:34:10,116
11:34:25,116
11:34:40,116
11:34:45,116
11:35:00,116
11:35:05,119
11:35:10,121
11:35:15,125
11:35:20,122
11:35:25,120
11:35:30,116
11:35:35,112
11:35:40,110
11:35:45,108
11:35:50,109
11:35:55,110
11:36:00,111
11:36:05,109
11:36:10,106
11:36:15,104
11:36:25,103
11:36:30,101
11:36:35,100
11:36:45,102
11:36:50,106
11:36:55,102
11:37:00,98
11:37:05,97
11:37:20,98
11:37:30,97
11:37:45,98
11:38:00,99
11:38:05,100
11:38:10,98
11:38:15,97
11:38:25,98
11:38:30,99
11:38:45,100
11:38:50,101
11:39:00,100
11:39:10,102
11:39:15,100
11:39:20,99
11:39:25,96
11:39:30,95
11:39:35,96
11:39:40,95
11:39:45,96
11:39:50,99
11:39:55,103
11:40:00,105
11:40:05,103
11:40:10,101
11:40:15,100
11:40:20,99
11:40:35,99
11:40:40,101
11:40:55,101
11:41:00,101
11:41:15,101
11:41:20,97
11:41:25,98
11:41:30,99
11:41:35,98
11:41:40,99
11:41:45,101
11:42:00,101
11:42:05,98
11:42:10,99
11:42:20,97
11:42:25,98
11:42:35,97
11:42:41,97
11:42:51,96
11:42:56,95
11:43:01,96
11:43:06,97
11:43:11,96
11:43:16,94
11:43:31,94
11:43:36,95
11:43:46,94
11:44:01,97
11:44:06,98
11:44:21,98
11:44:26,99
11:44:31,101
11:44:41,100
11:44:46,97
11:45:01,96
11:45:06,95
11:45:11,99
11:45:16,100
11:45:21,97
11:45:26,96
11:45:36,97
11:45:46,99
11:45:51,101
11:45:56,100
11:46:01,98
11:46:11,95
11:46:26,94
11:46:31,95
11:46:36,96
11:46:41,94
11:46:46,91
11:46:56,91
11:47:11,91
11:47:16,93
11:47:21,95
11:47:26,96
11:47:36,97
11:47:51,97
11:47:56,98
11:48:01,100
11:48:06,101
11:48:11,103
11:48:16,104
11:48:21,102
11:48:26,98
11:48:36,99
11:48:41,103
11:48:46,105
11:48:56,103
11:49:01,102
11:49:06,102
11:49:11,102
11:49:16,105
11:49:21,108
11:49:26,110
11:49:31,112
11:49:36,114
11:49:41,118
11:49:51,120
11:49:56,119
11:50:01,117
11:50:06,114
11:50:11,116
11:50:16,117
11:50:21,115
11:50:31,116
11:50:36,117
11:50:51,115
11:50:56,112
11:51:01,111
11:51:11,109
11:51:16,108
11:51:21,109
11:51:26,111
11:51:36,112
11:51:41,114
11:51:46,115
11:51:51,117
11:51:56,116
11:52:11,115
11:52:16,114
11:52:21,111
11:52:26,112
11:52:31,113
11:52:36,115
11:52:41,116
11:52:46,118
11:52:56,119
11:53:01,121
11:53:06,119
11:53:11,118
11:53:16,117
11:53:26,118
11:53:31,119
11:53:36,118
11:53:41,119
11:53:46,118
11:53:56,117
11:54:01,116
11:54:11,113
11:54:16,111
11:54:21,110
11:54:26,108
11:54:36,107
11:54:41,104
11:54:46,101
11:54:51,98
11:55:06,99
11:55:21,101
11:55:26,100
11:55:31,98
11:55:36,97
11:55:46,99
11:55:51,100
11:55:56,102
11:56:01,103
11:56:06,104
11:56:16,102
11:56:21,100
11:56:26,98
11:56:31,99
11:56:46,99
11:56:51,103
11:56:56,104
11:57:01,103
11:57:06,99
11:57:11,94
11:57:16,94
11:57:21,96
11:57:26,98
11:57:41,98
11:57:42,98
11:57:47,97
11:57:57,95
11:58:02,94
11:58:07,97
11:58:12,98
11:58:17,95
11:58:22,94
11:58:27,92
11:58:32,91
11:58:47,96
11:58:52,95
11:58:57,94
11:59:07,92
11:59:12,89
11:59:17,87
11:59:22,89
11:59:27,91
11:59:37,92
11:59:47,91
11:59:57,90
12:00:02,89
12:00:07,91
12:00:12,92
12:00:17,93
12:00:22,95
12:00:32,94
12:00:37,93
12:00:52,93
12:01:02,95
12:01:07,97
12:01:12,93
12:01:27,94
12:01:32,96
12:01:37,97
12:01:52,97
12:01:57,97
12:02:02,96
12:02:12,95
12:02:27,94
12:02:37,93
12:02:42,92
12:02:52,91
12:03:07,92
12:03:12,92
12:03:27,93
12:03:32,95
12:03:47,95
12:03:52,96
12:03:57,97
12:04:02,98
12:04:07,97
12:04:12,95
12:04:17,94
12:04:22,91
12:04:37,91
12:04:52,90
12:04:57,88
12:05:02,87
12:05:07,88
12:05:22,88
12:05:27,89
12:05:42,89
12:05:47,90
12:06:02,90
12:06:12,91
12:06:22,90
12:06:27,91
12:06:37,92
12:06:42,93
12:06:52,94
12:07:02,95
12:07:17,95
12:07:22,96
12:07:27,97
12:07:37,93
12:07:42,85
12:07:47,84
12:07:52,85
12:08:07,86
12:08:12,87
12:08:17,88
12:08:22,89
12:08:27,88
12:08:37,87
12:08:42,88
12:08:47,89
12:09:02,89
12:09:12,90
12:09:17,92
12:09:22,93
12:09:27,92
12:09:32,91
12:09:37,89
12:09:42,88
12:09:57,89
12:10:07,90
12:10:12,87
12:10:17,87
12:10:22,86
12:10:27,86
12:10:37,86
12:10:52,87
12:11:02,88
12:11:17,90
12:11:22,92
12:11:27,93
12:11:32,90
12:11:37,88
12:11:52,88
12:11:57,87
12:12:07,88
12:12:12,89
12:12:22,88
12:12:37,88
12:12:47,87
12:13:02,86
12:13:12,85
12:13:22,86
12:13:32,84
12:13:37,83
12:13:42,82
12:13:47,81
12:13:57,82
12:14:12,82
12:14:22,81
12:14:32,80
12:14:42,81
12:14:47,80
12:14:52,81
12:14:57,83
12:15:02,83
12:15:07,84
12:15:12,83
12:15:22,84
12:15:28,84
12:15:33,86
12:15:38,87
12:15:43,88
12:15:58,87
12:16:08,88
12:16:13,88
12:16:18,89
12:16:23,86
12:16:28,84
12:16:33,85
12:16:43,87
12:16:48,88
12:16:53,89
12:17:03,88
12:17:18,89
12:17:33,89
12:17:48,90
12:17:53,91
12:18:08,90
12:18:23,89
12:18:38,90
12:18:43,89
12:18:48,87
12:19:03,87
12:19:13,88
12:19:18,87
12:19:23,87
12:19:33,86
12:19:48,87
12:19:53,84
12:19:58,81
12:20:08,82
12:20:13,83
12:20:18,84
12:20:23,83
12:20:38,83
12:20:43,88
12:20:48,89
12:21:03,88
12:21:13,87
12:21:18,84
12:21:23,82
12:21:33,83
12:21:38,84
12:21:48,85
12:21:53,87
12:21:58,88
12:22:03,89
12:22:18,88
12:22:33,89
12:22:38,87
12:22:53,87
12:22:58,87
12:23:03,88
12:23:08,88
12:23:18,87
12:23:23,86
12:23:33,85
12:23:48,86
12:23:53,86
12:23:58,87
12:24:13,88
12:24:18,89
12:24:23,89
12:24:28,90
12:24:38,89
12:24:43,91
12:24:48,91
12:24:58,92
12:25:03,93
12:25:08,94
12:25:23,93
12:25:28,92
12:25:33,90
12:25:38,91
12:25:43,90
12:25:48,90
12:25:53,89
12:26:08,90
12:26:18,91
12:26:23,91
12:26:38,91
12:26:43,90
12:26:58,89
12:27:03,88
12:27:18,88
12:27:28,89
12:27:33,88
12:27:43,86
12:27:58,83
12:28:13,84
12:28:23,85
12:28:28,84
12:28:43,84
12:28:58,85
12:29:03,87
12:29:18,86
12:29:33,86
12:29:38,87
12:29:53,83
12:29:58,84
12:30:03,85
12:30:18,85
12:30:28,86
12:30:33,87
12:30:38,89
12:30:43,90
12:30:48,90
12:31:03,90
12:31:18,89
12:31:23,90
12:31:28,91
12:31:43,92
12:31:58,92
12:32:03,93
12:32:18,93
12:32:33,93
12:32:43,93
12:32:48,94
12:32:58,95
12:33:03,94
12:33:08,89
12:33:13,87
12:33:28,87
12:33:38,85
12:33:43,82
12:33:48,81
12:33:53,83
12:33:58,85
12:34:03,86
12:34:08,87
12:34:13,88
12:34:19,88
12:34:29,89
12:34:34,90
12:34:39,91
12:34:49,92
12:34:54,91
12:35:09,91
12:35:14,90
12:35:19,89
12:35:34,87
12:35:39,86
12:35:44,87
12:35:49,88
12:35:54,87
12:35:59,86
12:36:04,84
12:36:09,85
12:36:14,85
12:36:19,86
12:36:24,87
12:36:39,88
12:36:44,87
12:36:59,87
12:37:14,87
12:37:19,88
12:37:24,87
12:37:29,88
12:37:34,88
12:37:44,87
12:37:49,88
12:37:59,89
12:38:04,88
12:38:14,89
12:38:19,88
12:38:34,90
12:38:44,91
12:38:54,90
12:39:04,90
12:39:09,89
12:39:24,89
12:39:39,91
12:39:44,92
12:39:49,93
12:40:04,92
12:40:19,92
12:40:34,92
12:40:49,92
12:40:54,90
12:40:59,88
12:41:04,88
12:41:09,88
12:41:14,88
12:41:24,89
12:41:39,89
12:41:44,88
12:41:49,85
12:42:04,86
12:42:19,88
12:42:24,89
12:42:39,89
12:42:49,88
12:43:04,89
12:43:14,90
12:43:19,91
12:43:24,92
12:43:34,91
12:43:49,91
12:44:04,91
12:44:14,92
12:44:19,93
12:44:34,95
12:44:44,93
12:44:49,94
12:44:54,95
12:44:59,94
12:45:04,93
12:45:14,86
12:45:19,85
12:45:34,85
12:45:39,86
12:45:44,85
12:45:49,85
12:45:54,86
12:46:09,86
12:46:19,87
12:46:24,88
12:46:29,84
12:46:34,76
12:46:39,77
12:46:49,78
12:46:54,79
12:46:59,81
12:47:04,83
12:47:14,84
12:47:29,84
12:47:39,85
12:47:54,85
12:47:59,84
12:48:04,85
12:48:09,86
12:48:14,87
12:48:29,87
12:48:44,88
12:48:59,88
12:49:14,87
12:49:29,87
12:49:30,88
12:49:35,89
12:49:40,88
12:49:55,88
12:50:10,88
12:50:25,89
12:50:30,88
12:50:35,90
12:50:40,90
12:50:55,90
12:51:00,91
12:51:10,92
12:51:25,92
12:51:35,91
12:51:40,90
12:51:50,91
12:51:55,90
12:52:05,88
12:52:20,88
12:52:30,89
12:52:45,91
12:52:50,92
12:53:05,93
12:53:10,96
12:53:15,101
12:53:20,96
12:53:25,87
12:53:35,88
12:53:45,89
12:53:50,90
12:54:05,90
12:54:10,92
12:54:25,92
12:54:30,93
12:54:40,96
12:54:45,95
12:54:50,94
12:55:00,92
12:55:05,87
12:55:10,86
12:55:15,87
12:55:20,89
12:55:25,91
12:55:30,89
12:55:35,88
12:55:45,87
12:56:00,87
12:56:10,86
12:56:20,86
12:56:25,87
12:56:40,86
12:56:45,85
12:57:00,85
12:57:05,90
12:57:10,92
12:57:15,93
12:57:20,94
12:57:25,88
12:57:30,82
12:57:35,81
12:57:40,81
12:57:45,81
12:57:55,80
12:58:00,81
12:58:05,81
12:58:10,82
12:58:15,84
12:58:20,84
12:58:35,86
12:58:40,87
12:58:50,88
12:59:00,89
12:59:05,90
12:59:10,93
12:59:15,96
12:59:20,94
12:59:25,93
12:59:35,92
12:59:40,91
12:59:55,91
13:00:00,91
13:00:05,92
13:00:20,92
13:00:25,93
13:00:40,92
13:00:55,93
13:01:00,90
13:01:05,89
13:01:10,88
13:01:25,89
13:01:30,88
13:01:35,89
13:01:50,90
13:02:00,91
13:02:10,93
13:02:25,93
13:02:30,96
13:02:40,95
13:02:45,94
13:03:00,95
13:03:10,94
13:03:25,94
13:03:30,93
13:03:45,93
13:03:50,94
13:04:05,94
13:04:10,96
13:04:15,96
13:04:30,96
13:04:35,95
13:04:40,92
13:04:45,91
13:04:55,92
13:05:00,93
13:05:10,92
13:05:25,91
13:05:30,90
13:05:35,89
13:05:40,88
13:05:55,88
13:06:05,89
13:06:10,90
13:06:25,90
13:06:30,90
13:06:35,91
13:06:40,92
13:06:55,92
13:07:00,96
13:07:05,97
13:07:10,93
13:07:15,90
13:07:25,89
13:07:40,89
13:07:46,90
13:07:51,91
13:08:01,93
13:08:06,94
13:08:11,92
13:08:16,91
13:08:26,92
13:08:31,91
13:08:36,90
13:08:41,91
13:08:51,93
13:08:56,92
13:09:11,91
13:09:26,91
13:09:36,89
13:09:41,88
13:09:46,89
13:10:01,90
13:10:06,89
13:10:21,89
13:10:26,88
13:10:41,88
13:10:51,87
13:10:56,88
13:11:01,86
13:11:06,85
13:11:11,84
13:11:16,84
13:11:26,83
13:11:36,84
13:11:41,84
13:11:46,84
13:12:01,84
13:12:11,85
13:12:21,86
13:12:36,87
13:12:41,88
13:12:46,89
13:12:51,90
13:12:56,91
13:13:01,89
13:13:16,89
13:13:26,90
13:13:41,89
13:13:46,88
13:14:01,87
13:14:06,88
13:14:21,88
13:14:31,89
13:14:46,89
13:15:01,89
13:15:06,87
13:15:16,88
13:15:31,88
13:15:36,87
13:15:51,87
13:16:06,88
13:16:16,89
13:16:31,89
13:16:36,88
13:16:41,88
13:16:51,89
13:16:56,89
13:17:11,90
13:17:16,91
13:17:21,91
13:17:26,92
13:17:31,92
13:17:41,91
13:17:46,92
13:18:01,89
13:18:16,88
13:18:21,89
13:18:26,90
13:18:31,91
13:18:36,91
13:18:46,93
13:18:51,91
13:18:56,90
13:19:01,89
13:19:16,89
13:19:21,89
13:19:26,90
13:19:41,91
13:19:46,92
13:19:51,94
13:19:56,93
13:20:06,96
13:20:11,98
13:20:26,98
13:20:36,99
13:20:41,100
13:20:56,101
13:21:06,100
13:21:11,99
13:21:16,100
13:21:26,98
13:21:31,97
13:21:36,95
13:21:41,93
13:21:46,92
13:21:51,93
13:21:56,94
13:22:11,93
13:22:16,92
13:22:21,90
13:22:26,89
13:22:31,88
13:22:37,89
13:22:42,90
13:22:57,90
13:23:02,89
13:23:17,89
13:23:22,90
13:23:27,89
13:23:42,89
13:23:57,89
13:24:02,88
13:24:07,89
13:24:12,91
13:24:17,92
13:24:27,91
13:24:42,90
13:24:52,89
13:25:02,90
13:25:07,91
13:25:12,93
13:25:22,92
13:25:32,93
13:25:47,94
13:25:57,95
13:26:02,94
13:26:12,94
13:26:17,93
13:26:22,92
13:26:27,92
13:26:42,92
13:26:47,90
13:26:52,88
13:27:02,89
13:27:07,89
13:27:12,90
13:27:17,91
13:27:22,90
13:27:32,91
13:27:42,90
13:27:47,89
13:27:57,88
13:28:02,85
13:28:12,85
13:28:17,86
13:28:32,86
13:28:42,85
13:28:47,84
13:28:57,85
13:29:07,86
13:29:12,87
13:29:27,86
13:29:37,87
13:29:47,86
13:30:02,87
13:30:07,88
13:30:12,89
13:30:17,88
13:30:22,87
13:30:32,86
13:30:37,87
13:30:42,89
13:30:47,89
13:30:52,90
13:31:07,90
13:31:22,90
13:31:27,89
13:31:32,88
13:31:42,87
13:31:47,88
13:32:02,88
13:32:07,87
13:32:22,87
13:32:27,87
13:32:32,86
13:32:42,84
13:32:47,82
13:32:52,81
13:32:57,80
13:33:07,81
13:33:12,80
13:33:22,77
13:33:27,76
13:33:32,73
13:33:37,74
13:33:42,75
13:33:47,76
13:33:52,78
13:33:57,79
13:34:02,80
13:34:07,81
13:34:12,82
13:34:17,84
13:34:22,86
13:34:27,87
13:34:42,88
13:34:57,89
13:35:07,90
13:35:22,90
13:35:27,89
13:35:37,88
13:35:47,89
13:36:02,89
13:36:07,88
13:36:12,87
13:36:27,87
13:36:37,88
13:36:47,87
13:36:57,88
13:37:02,89
13:37:07,90
13:37:17,89
13:37:32,89
13:37:37,89
13:37:47,88
13:37:57,87
13:38:12,87
13:38:17,88
13:38:27,87
13:38:32,86
13:38:42,87
13:38:47,88
13:39:02,88
13:39:12,87
13:39:22,86
13:39:37,86
13:39:42,85
13:39:47,83
13:39:52,83
13:40:07,83
13:40:12,86
13:40:17,87
13:40:22,88
13:40:37,88
13:40:43,98
13:40:48,99
13:40:53,97
13:41:03,93
13:41:08,88
13:41:13,86
13:41:18,87
13:41:23,88
13:41:28,90
13:41:33,91
13:41:38,90
13:41:43,89
13:41:48,87
13:41:53,86
13:42:08,87
13:42:13,88
13:42:18,98
13:42:23,109
13:42:28,112
13:42:38,111
13:42:43,110
13:42:48,110
13:42:58,111
13:43:03,99
13:43:08,96
13:43:13,92
13:43:18,89
13:43:23,85
13:43:33,86
13:43:38,94
13:43:43,91
13:43:48,88
13:43:53,86
13:43:58,85
13:44:08,86
13:44:13,88
13:44:18,87
13:44:33,87
13:44:43,88
13:44:48,87
13:44:53,86
13:45:03,85
13:45:13,84
13:45:18,83
13:45:33,84
13:45:38,83
13:45:50,84
13:46:05,84
13:46:20,84
13:46:25,85
13:46:30,91
13:46:35,91
13:46:45,92
13:46:55,93
13:47:00,94
13:47:05,93
13:47:10,93
13:47:15,93
13:47:30,93
13:47:35,95
13:47:40,96
13:47:45,97
13:47:50,99
13:47:55,100
13:48:05,103
13:48:10,106
13:48:25,106
13:48:30,107
13:48:35,109
13:48:45,106
13:48:50,104
13:48:55,103
13:49:00,106
13:49:05,119
13:49:10,124
13:49:20,125
13:49:35,125
13:49:40,126
13:49:45,125
13:49:50,126
13:49:55,125
13:50:00,103
13:50:05,98
13:50:10,92
13:50:15,90
13:50:20,87
13:50:30,86
13:50:35,84
13:50:40,79
13:50:45,84
13:50:50,86
13:51:00,87
13:51:05,84
13:51:10,79
13:51:15,78
13:51:25,79
13:51:30,78
13:51:35,77
13:51:40,79
13:51:45,83
13:51:50,86
13:51:55,86
13:52:00,85
13:52:05,84
13:52:15,89
13:52:20,91
13:52:25,86
13:52:30,80
13:52:35,79
13:52:40,79
13:52:50,80
13:53:00,82
13:53:05,97
13:53:10,98
13:53:15,97
13:53:20,95
13:53:25,88
13:53:30,84
13:53:35,83
13:53:40,84
13:53:55,84
13:54:05,85
13:54:10,84
13:54:15,86
13:54:20,89
13:54:30,91
13:54:35,89
13:54:40,88
13:54:45,89
13:54:50,94
13:55:05,95
13:55:10,96
13:55:20,97
13:55:25,95
13:55:30,93
13:55:40,92
13:55:45,91
13:55:50,92
13:56:00,91
13:56:05,88
13:56:15,87
13:56:20,88
13:56:35,88
13:56:40,89
13:56:45,88
13:56:50,86
13:56:55,85
13:57:00,84
13:57:10,85
13:57:16,87
13:57:21,91
13:57:26,93
13:57:31,94
13:57:36,95
13:57:41,96
13:57:56,95
13:58:11,93
13:58:16,93
13:58:21,94
13:58:36,94
13:58:51,93
13:58:56,91
13:59:01,89
13:59:16,89
13:59:21,88
13:59:31,87
13:59:41,88
13:59:46,89
13:59:51,90
14:00:06,89
14:00:11,88
14:00:16,84
14:00:26,87
14:00:31,88
14:00:46,87
14:00:56,86
14:01:01,87
14:01:06,89
14:01:11,89
14:01:16,90
14:01:21,92
14:01:36,89
14:01:46,87
14:01:51,87
14:02:01,88
14:02:06,91
14:02:11,92
14:02:16,92
14:02:21,89
14:02:26,88
14:02:31,87
14:02:36,88
14:02:46,90
14:02:51,91
14:02:56,90
14:03:06,91
14:03:11,93
14:03:16,95
14:03:26,93
14:03:31,91
14:03:36,90
14:03:41,91
14:03:46,90
14:03:51,89
14:03:56,88
14:04:06,89
14:04:11,92
14:04:16,94
14:04:26,93
14:04:31,91
14:04:36,90
14:04:46,90
14:04:51,91
14:04:56,93
14:05:06,91
14:05:11,89
14:05:21,88
14:05:31,90
14:05:36,93
14:05:41,92
14:05:46,91
14:06:01,90
14:06:06,89
14:06:21,89
14:06:26,90
14:06:31,91
14:06:41,91
14:06:46,88
14:06:51,85
14:06:56,81
14:07:01,77
14:07:06,74
14:07:21,75
14:07:26,77
14:07:31,85
14:07:36,86
14:07:46,88
14:07:56,85
14:08:01,84
14:08:06,83
14:08:11,82
14:08:16,82
14:08:21,83
14:08:26,86
14:08:41,85
14:08:46,86
14:08:51,87
14:09:01,88
14:09:06,89
14:09:11,87
14:09:16,85
14:09:26,84
14:09:36,86
14:09:41,87
14:09:51,96
14:09:56,100
14:10:01,100
14:10:11,98
14:10:16,95
14:10:21,93
14:10:26,88
14:10:31,86
14:10:36,85
14:10:41,84
14:10:46,85
14:10:56,86
14:11:01,87
14:11:11,84
14:11:16,84
14:11:21,84
14:11:31,85
14:11:46,85
14:12:01,85
14:12:06,84
14:12:11,82
14:12:21,83
14:12:31,84
14:12:41,83
14:12:46,81
14:12:56,80
14:13:01,78
14:13:06,77
14:13:12,79
14:13:17,81
14:13:32,82
14:13:37,81
14:13:42,80
14:13:47,81
14:13:52,82
14:14:02,83
14:14:07,85
14:14:22,85
14:14:27,84
14:14:32,83
14:14:37,82
14:14:52,82
14:14:57,81
14:15:07,82
14:15:12,80
14:15:17,79
14:15:22,78
14:15:32,82
14:15:37,87
14:15:42,89
14:15:47,85
14:15:52,82
14:15:57,80
14:16:02,80
14:16:12,81
14:16:17,81
14:16:32,81
14:16:42,82
14:16:47,83
14:16:52,82
14:17:07,83
14:17:17,82
14:17:22,83
14:17:27,84
14:17:42,85
14:17:57,85
14:18:02,83
14:18:07,81
14:18:12,80
14:18:17,81
14:18:22,82
14:18:27,83
14:18:32,85
14:18:37,88
14:18:52,88
14:18:57,87
14:19:12,87
14:19:17,86
14:19:27,87
14:19:37,85
14:19:42,84
14:19:47,83
14:19:52,82
14:19:57,81
14:20:02,82
14:20:07,83
14:20:12,82
14:20:27,82
14:20:37,81
14:20:42,79
14:20:57,81
14:21:02,84
14:21:07,83
14:21:17,84
14:21:22,85
14:21:32,84
14:21:37,83
14:21:42,82
14:21:52,83
14:21:57,82
14:22:02,83
14:22:07,85
14:22:17,86
14:22:27,87
14:22:37,85
14:22:42,82
14:22:47,81
14:22:57,80
14:23:12,81
14:23:17,81
14:23:22,81
14:23:37,82
14:23:52,82
14:23:57,82
14:24:07,83
14:24:12,86
14:24:17,87
14:24:22,86
14:24:27,84
14:24:32,83
14:24:37,82
14:24:42,83
14:24:47,85
14:24:52,86
14:24:57,88
14:25:02,89
14:25:12,87
14:25:22,88
14:25:27,89
14:25:32,90
14:25:47,88
14:25:52,85
14:25:57,84
14:26:02,83
14:26:17,84
14:26:27,85
14:26:32,87
14:26:37,86
14:26:42,86
14:26:47,87
14:26:52,86
14:26:57,85
14:27:07,86
14:27:12,88
14:27:17,90
14:27:22,88
14:27:27,87
14:27:32,86
14:27:37,85
14:27:42,84
14:27:57,85
14:28:07,86
14:28:22,85
14:28:27,84
14:28:42,85
14:28:47,84
14:28:57,83
14:29:07,82
14:29:12,82
14:29:27,82
14:29:37,84
14:29:42,85
14:29:48,86
14:29:53,88
14:29:58,85
14:30:03,84
14:30:13,83
14:30:18,82
14:30:33,82
14:30:38,83
14:30:48,84
14:30:53,85
14:31:08,86
14:31:13,85
14:31:18,86
14:31:28,87
14:31:33,84
14:31:38,85
14:31:43,87
14:31:48,91
14:31:53,89
14:31:58,91
14:32:03,89
14:32:08,84
14:32:13,84
14:32:18,83
14:32:23,82
14:32:28,83
14:32:38,84
14:32:43,86
14:32:48,87
14:32:53,88
14:32:58,89
14:33:08,89
14:33:23,89
14:33:38,89
14:33:43,90
14:33:48,91
14:33:53,92
14:34:03,91
14:34:08,90
14:34:18,90
14:34:28,89
14:34:33,89
14:34:38,88
14:34:43,87
14:34:48,85
14:34:53,84
14:34:58,82
14:35:03,84
14:35:08,87
14:35:13,86
14:35:23,85
14:35:38,85
14:35:43,86
14:35:53,90
14:35:58,90
14:36:03,88
14:36:08,87
14:36:13,87
14:36:28,85
14:36:38,85
14:36:43,84
14:36:48,83
14:37:03,83
14:37:13,84
14:37:23,84
14:37:28,86
14:37:33,85
14:37:43,86
14:37:48,87
14:38:03,89
14:38:08,92
14:38:18,91
14:38:23,88
14:38:28,86
14:38:33,86
14:38:38,88
14:38:43,89
14:38:48,90
14:38:53,89
14:38:58,88
14:39:03,87
14:39:08,86
14:39:13,86
14:39:23,91
14:39:33,88
14:39:38,86
14:39:43,86
14:39:58,86
14:40:03,87
14:40:08,86
14:40:13,85
14:40:23,87
14:40:28,86
14:40:43,86
14:40:53,88
14:40:58,91
14:41:03,90
14:41:08,89
14:41:18,88
14:41:33,87
14:41:38,81
14:41:43,84
14:41:48,84
14:41:58,83
14:42:03,82
14:42:18,82
14:42:23,82
14:42:28,82
14:42:33,81
14:42:38,81
14:42:53,81
14:43:03,80
14:43:18,80
14:43:28,79
14:43:38,80
14:43:43,82
14:43:48,83
14:44:03,83
14:44:08,85
14:44:13,86
14:44:18,89
14:44:28,92
14:44:33,91
14:44:38,90
14:44:43,91
14:44:48,89
14:44:53,88
14:44:58,88
14:45:03,86
14:45:08,84
14:45:23,84
14:45:38,86
14:45:43,84
14:45:58,84
14:46:13,84
14:46:18,84
14:46:28,85
14:46:38,89
14:46:48,87
14:46:53,86
14:46:58,85
14:47:08,83
14:47:18,84
14:47:23,85
14:47:28,84
14:47:38,85
14:47:48,84
14:47:58,83
14:48:08,84
14:48:13,87
14:48:18,88
14:48:23,87
14:48:28,85
14:48:33,84
14:48:38,83
14:48:48,84
14:48:58,85
14:49:03,84
14:49:08,85
14:49:13,86
14:49:18,87
14:49:33,87
14:49:34,89
14:49:39,93
14:49:44,97
14:49:49,99
14:49:54,102
14:49:59,104
14:50:04,103
14:50:09,104
14:50:14,105
14:50:19,103
14:50:29,100
14:50:39,101
14:50:44,103
14:50:49,105
14:50:59,106
14:51:04,104
14:51:09,102
14:51:14,94
14:51:19,88
14:51:24,84
14:51:39,84
14:51:44,83
14:51:49,81
14:51:54,81
14:51:59,80
14:52:09,81
14:52:24,81
14:52:29,80
14:52:34,79
14:52:49,78
14:52:54,79
14:53:09,79
14:53:19,78
14:53:24,76
14:53:29,75
14:53:34,74
14:53:44,77
14:53:49,81
14:53:54,80
14:53:59,80
14:54:09,81
14:54:19,80
14:54:29,79
14:54:44,78
14:54:54,79
14:54:59,78
14:55:04,75
14:55:09,71
14:55:14,70
14:55:24,68
14:55:29,65
14:55:34,66
14:55:39,73
14:55:44,75
14:55:49,75
14:55:54,74
14:56:09,76
14:56:14,76
14:56:19,75
14:56:24,75
14:56:34,77
14:56:49,77
14:56:54,78
14:56:59,79
14:57:04,80
14:57:14,84
14:57:19,83
14:57:29,84
14:57:34,85
14:57:39,92
14:57:44,95
14:57:49,92
14:57:59,93
14:58:09,92
14:58:14,91
14:58:19,92
14:58:24,94
14:58:29,95
14:58:34,95
14:58:49,96
14:58:59,99
14:59:04,101
14:59:09,105
14:59:14,108
14:59:19,109
14:59:29,110
14:59:44,104
14:59:49,100
14:59:54,90
14:59:59,81
15:00:04,77
15:00:14,78
15:00:19,79
15:00:29,80
15:00:34,82
15:00:44,84
15:00:49,86
15:00:54,81
15:00:59,78
15:01:04,75
15:01:09,74
15:01:14,73
15:01:19,71
15:01:24,72
15:01:39,72
15:01:54,73
15:01:59,74
15:02:04,76
15:02:09,77
15:02:14,78
15:02:29,74
15:02:34,74
15:02:39,75
15:02:44,76
15:02:49,77
15:02:54,81
15:02:59,86
15:03:04,85
15:03:14,84
15:03:19,83
15:03:24,85
15:03:29,88
15:03:39,87
15:03:44,84
15:03:54,83
15:04:09,83
15:04:24,83
15:04:39,83
15:04:54,82
15:05:09,82
15:05:24,82
15:05:34,83
15:05:40,83
15:05:45,84
15:06:00,84
15:06:15,84
15:06:30,83
15:06:35,84
15:06:40,85
15:06:45,86
15:07:00,86
15:07:05,87
15:07:10,88
15:07:20,87
15:07:25,86
15:07:35,87
15:07:40,88
15:07:45,88
15:07:50,95
15:07:55,96
15:08:05,98
15:08:15,97
15:08:30,97
15:08:40,98
15:08:45,96
15:08:50,94
15:08:55,92
15:09:10,94
15:09:15,95
15:09:20,99
15:09:35,98
15:09:40,95
15:09:45,93
15:09:55,92
15:10:00,93
15:10:15,90
15:10:20,84
15:10:25,83
15:10:40,84
15:10:45,85
15:11:00,85
15:11:05,86
15:11:10,87
15:11:15,90
15:11:20,92
15:11:25,90
15:11:30,89
15:11:35,90
15:11:45,89
15:11:50,90
15:11:55,89
15:12:10,89
15:12:15,88
15:12:20,87
15:12:25,87
15:12:40,87
15:12:45,85
15:12:50,84
15:12:55,86
15:13:00,86
15:13:10,85
15:13:15,87
15:13:30,88
15:13:40,89
15:13:45,87
15:13:50,86
15:13:55,85
15:14:00,84
15:14:05,82
15:14:10,80
15:14:15,77
15:14:20,76
15:14:30,83
15:14:35,84
15:14:45,85
15:14:50,83
15:14:55,81
15:15:10,81
15:15:20,82
15:15:25,83
15:15:30,84
15:15:35,85
15:15:40,86
15:15:45,86
15:15:50,87
15:15:55,92
15:16:00,93
15:16:15,93
15:16:20,92
15:16:25,91
15:16:30,90
15:16:40,88
15:16:50,90
15:16:55,91
15:17:00,92
15:17:15,92
15:17:20,91
15:17:30,90
15:17:35,89
15:17:40,90
15:17:45,91
15:18:00,91
15:18:05,92
15:18:10,91
15:18:15,90
15:18:20,89
15:18:30,86
15:18:35,85
15:18:45,86
15:18:50,85
15:18:55,84
15:19:10,82
15:19:15,83
15:19:25,82
15:19:40,82
15:19:55,83
15:20:00,83
15:20:05,83
15:20:20,84
15:20:25,85
15:20:30,86
15:20:45,86
15:20:50,84
15:20:55,83
15:21:00,84
15:21:05,85
15:21:15,87
15:21:25,86
15:21:40,86
15:21:45,86
15:21:50,88
15:22:05,88
15:22:20,89
15:22:25,91
15:22:31,95
15:22:36,96
15:22:46,95
15:22:51,94
15:22:56,93
15:23:06,92
15:23:16,91
15:23:21,90
15:23:26,91
15:23:36,92
15:23:51,92
15:24:01,91
15:24:16,92
15:24:21,90
15:24:31,89
15:24:41,88
15:24:46,87
15:24:56,88
15:25:11,88
15:25:21,89
15:25:36,89
15:25:41,90
15:25:46,93
15:25:51,98
15:25:56,97
15:26:01,96
15:26:06,90
15:26:11,86
15:26:16,85
15:26:21,86
15:26:26,85
15:26:31,84
15:26:36,85
15:26:41,84
15:26:51,85
15:26:56,85
15:27:06,84
15:27:11,83
15:27:16,85
15:27:21,87
15:27:26,86
15:27:31,85
15:27:36,84
15:27:51,84
15:27:56,83
15:28:11,84
15:28:16,85
15:28:26,86
15:28:41,87
15:28:51,93
15:28:56,96
15:29:11,95
15:29:21,88
15:29:26,85
15:29:31,84
15:29:36,82
15:29:41,83
15:29:46,85
15:29:51,85
15:30:01,84
15:30:06,83
15:30:11,82
15:30:16,81
15:30:21,84
15:30:26,85
15:30:31,84
15:30:36,82
15:30:41,83
15:30:46,85
15:30:51,87
15:30:56,87
15:31:01,88
15:31:06,87
15:31:16,88
15:31:21,91
15:31:26,92
15:31:31,93
15:31:41,90
15:31:46,89
15:32:01,89
15:32:06,89
15:32:11,88
15:32:26,87
15:32:31,85
15:32:36,84
15:32:46,85
15:33:01,85
15:33:11,86
15:33:26,86
15:33:31,88
15:33:41,88
15:33:46,87
15:33:51,86
15:34:06,87
15:34:16,85
15:34:21,82
15:34:36,91
15:34:41,96
15:34:46,95
15:34:51,94
15:34:56,93
15:35:11,92
15:35:16,93
15:35:26,94
15:35:31,91
15:35:36,85
15:35:46,86
15:35:51,86
15:35:56,87
15:36:01,86
15:36:11,85
15:36:21,86
15:36:26,89
15:36:41,90
15:36:51,89
15:37:06,89
15:37:21,90
15:37:31,91
15:37:46,91
15:37:56,91
15:38:01,88
15:38:06,88
15:38:21,88
15:38:36,88
15:38:51,89
15:38:56,82
15:39:01,78
15:39:06,76
15:39:11,77
15:39:16,77
15:39:21,87
15:39:27,95
15:39:32,94
15:39:37,91
15:39:47,92
15:40:02,87
15:40:07,85
15:40:17,85
15:40:22,81
15:40:27,80
15:40:32,81
15:40:42,84
15:40:47,86
15:40:52,85
15:41:02,89
15:41:07,90
15:41:22,90
15:41:27,91
15:41:37,90
15:41:42,88
15:41:47,88
15:41:52,87
15:41:57,88
15:42:02,87
15:42:07,86
15:42:12,85
15:42:22,84
15:42:27,82
15:42:32,82
15:42:47,87
15:42:52,88
15:43:07,88
15:43:12,87
15:43:17,86
15:43:22,89
15:43:27,91
15:43:37,92
15:43:52,92
15:44:07,93
15:44:22,93
15:44:37,92
15:44:42,94
15:44:47,92
15:44:52,91
15:44:57,90
15:45:02,89
15:45:07,85
15:45:12,84
15:45:22,85
15:45:27,81
15:45:37,81
15:45:42,83
15:45:47,84
15:45:57,86
15:46:02,85
15:46:07,82
15:46:12,78
15:46:17,76
15:46:22,78
15:46:27,80
15:46:42,81
15:46:47,89
15:46:52,92
15:46:57,87
15:47:02,86
15:47:07,87
15:47:12,88
15:47:17,87
15:47:22,85
15:47:32,84
15:47:42,83
15:47:47,82
15:47:52,83
15:48:02,82
15:48:12,83
15:48:17,84
15:48:32,83
15:48:42,84
15:48:47,86
15:48:52,87
15:48:57,88
15:49:02,89
15:49:12,90
15:49:27,88
15:49:42,88
15:49:57,89
15:50:12,89
15:50:17,87
15:50:27,85
15:50:32,82
15:50:47,82
15:50:52,83
15:50:57,82
15:51:02,81
15:51:07,82
15:51:12,83
15:51:17,84
15:51:27,85
15:51:42,85
15:51:57,84
15:52:12,84
15:52:27,83
15:52:37,84
15:52:52,83
15:53:07,84
15:53:12,85
15:53:17,87
15:53:32,87
15:53:37,86
15:53:52,86
15:54:07,87
15:54:12,86
15:54:17,85
15:54:22,86
15:54:32,86
15:54:37,90
15:54:42,91
15:54:47,92
15:55:02,92
15:55:17,92
15:55:27,90
15:55:42,90
15:55:57,89
15:56:02,91
15:56:07,92
15:56:22,92
15:56:27,94
15:56:37,95
15:56:47,94
15:56:52,96
15:56:57,98
15:57:03,94
15:57:08,87
15:57:18,88
15:57:23,87
15:57:28,84
15:57:43,84
15:57:58,85
15:58:13,85
15:58:28,85
15:58:38,86
15:58:53,87
15:58:58,85
15:59:03,86
15:59:08,87
15:59:13,88
15:59:18,89
15:59:28,90
15:59:33,92
15:59:48,92
15:59:53,91
15:59:58,90
16:00:13,90
16:00:18,89
16:00:23,90
16:00:33,89
16:00:38,86
16:00:53,86
16:00:58,86
16:01:03,87
16:01:08,88
16:01:13,88
16:01:18,90
16:01:28,88
16:01:33,87
16:01:43,88
16:01:48,87
16:01:53,88
16:02:03,89
16:02:08,87
16:02:23,87
16:02:33,88
16:02:48,87
16:02:53,88
16:02:58,87
16:03:03,85
16:03:08,84
16:03:13,85
16:03:23,86
16:03:28,85
16:03:38,84
16:03:43,83
16:03:48,82
16:03:53,83
16:04:03,87
16:04:08,86
16:04:13,86
16:04:28,86
16:04:33,87
16:04:38,88
16:04:43,89
16:04:48,88
16:05:03,88
16:05:18,88
16:05:33,88
16:05:48,89
16:05:53,90
16:05:58,89
16:06:08,90
16:06:13,87
16:06:23,86
16:06:28,84
16:06:43,84
16:06:48,85
16:06:53,84
16:07:03,85
16:07:08,86
16:07:13,87
16:07:18,88
16:07:23,89
16:07:28,90
16:07:33,89
16:07:38,92
16:07:43,95
16:07:48,98
16:07:53,99
16:07:58,102
16:08:03,104
16:08:08,105
16:08:18,104
16:08:23,103
16:08:28,102
16:08:33,104
16:08:38,105
16:08:53,107
16:08:58,105
16:09:03,102
16:09:08,99
16:09:13,96
16:09:18,91
16:09:23,88
16:09:28,90
16:09:33,91
16:09:38,95
16:09:43,94
16:09:48,90
16:09:53,89
16:09:58,90
16:10:03,85
16:10:08,83
16:10:13,82
16:10:18,84
16:10:28,83
16:10:33,82
16:10:38,83
16:10:48,82
16:10:58,83
16:11:03,85
16:11:08,86
16:11:13,85
16:11:18,84
16:11:33,84
16:11:38,85
16:11:48,86
16:12:03,86
16:12:08,83
16:12:23,83
16:12:28,81
16:12:43,81
16:12:48,78
16:13:03,78
16:13:08,81
16:13:13,84
16:13:19,87
16:13:29,86
16:13:34,85
16:13:39,86
16:13:44,87
16:13:54,88
16:13:59,93
16:14:04,98
16:14:09,99
16:14:14,98
16:14:19,97
16:14:24,96
16:14:34,98
16:14:39,99
16:14:44,98
16:14:49,87
16:14:54,83
16:14:59,82
16:15:09,81
16:15:14,81
16:15:29,81
16:15:34,82
16:15:39,80
16:15:49,80
16:15:54,82
16:16:09,82
16:16:14,82
16:16:19,86
16:16:34,86
16:16:39,87
16:16:44,88
16:16:49,88
16:17:04,89
16:17:19,86
16:17:24,85
16:17:34,84
16:17:39,85
16:17:44,84
16:17:59,84
16:18:14,84
16:18:19,85
16:18:24,86
16:18:29,89
16:18:34,87
16:18:49,86
16:18:54,87
16:19:04,87
16:19:19,87
16:19:34,89
16:19:44,86
16:19:49,85
16:19:54,84
16:20:09,84
16:20:14,84
16:20:19,85
16:20:29,87
16:20:34,90
16:20:44,89
16:20:54,88
16:20:59,85
16:21:04,82
16:21:09,82
16:21:14,81
16:21:19,80
16:21:24,81
16:21:29,83
16:21:39,85
16:21:44,85
16:21:49,84
16:21:54,82
16:21:59,83
16:22:04,82
16:22:19,82
16:22:24,83
16:22:29,84
16:22:39,85
16:22:44,86
16:22:54,87
16:22:59,92
16:23:04,92
16:23:09,93
16:23:19,94
16:23:29,93
16:23:34,92
16:23:39,91
16:23:44,92
16:23:59,93
16:24:04,92
16:24:19,91
16:24:24,90
16:24:29,86
16:24:44,86
16:24:59,87
16:25:04,82
16:25:09,81
16:25:14,83
16:25:24,82
16:25:39,82
16:25:44,80
16:25:49,78
16:25:54,76
16:25:59,75
16:26:04,76
16:26:19,76
16:26:24,77
16:26:29,79
16:26:39,80
16:26:44,80
16:26:54,82
16:26:59,83
16:27:09,84
16:27:19,83
16:27:29,82
16:27:39,83
16:27:49,84
16:28:04,85
16:28:09,84
16:28:24,84
16:28:29,85
16:28:34,86
16:28:39,85
16:28:44,83
16:28:54,85
16:28:59,84
16:29:09,83
16:29:19,81
16:29:24,80
16:29:29,81
16:29:34,82
16:29:44,81
16:29:49,81
16:29:54,79
16:30:04,80
16:30:19,80
16:30:20,79
16:30:25,80
16:30:40,80
16:30:45,80
16:30:55,80
16:31:00,81
16:31:10,83
16:31:15,84
16:31:25,85
16:31:35,86
16:31:45,86
16:31:50,85
16:31:55,84
16:32:10,84
16:32:25,83
16:32:30,82
16:32:45,83
16:33:00,83
16:33:05,85
16:33:10,86
16:33:15,87
16:33:30,87
16:33:35,86
16:33:40,87
16:33:50,81
16:33:55,80
16:34:00,81
16:34:05,85
16:34:10,87
16:34:15,84
16:34:30,84
16:34:40,85
16:34:55,85
16:35:00,82
16:35:10,81
16:35:15,82
16:35:20,84
16:35:25,83
16:35:30,82
16:35:35,81
16:35:50,82
16:36:00,83
16:36:05,81
16:36:20,81
16:36:25,80
16:36:30,79
16:36:45,78
16:36:55,77
16:37:00,76
16:37:05,75
16:37:15,77
16:37:20,76
16:37:25,77
16:37:35,78
16:37:40,78
16:37:45,89
16:37:50,90
16:38:05,90
16:38:10,87
16:38:15,84
16:38:20,83
16:38:25,82
16:38:30,80
16:38:35,78
16:38:40,77
16:38:45,76
16:39:00,76
16:39:05,80
16:39:10,84
16:39:20,85
16:39:25,86
16:39:40,85
16:39:45,83
16:39:50,81
16:40:00,80
16:40:05,79
16:40:10,76
16:40:20,73
16:40:25,74
16:40:30,75
16:40:35,76
16:40:40,76
16:40:50,77
16:40:55,76
16:41:00,75
16:41:05,76
16:41:15,76
16:41:20,74
16:41:25,74
16:41:40,76
16:41:45,76
16:41:55,77
16:42:05,79
16:42:15,80
16:42:20,78
16:42:35,78
16:42:50,77
16:42:55,75
16:43:10,75
16:43:20,77
16:43:35,77
16:43:40,76
16:43:45,77
16:43:50,78
16:43:55,77
16:44:00,76
16:44:05,75
16:44:10,76
16:44:15,77
16:44:20,79
16:44:25,80
16:44:35,81
16:44:40,82
16:44:50,83
16:45:00,85
16:45:15,83
16:45:25,84
16:45:40,84
16:45:45,83
16:45:55,81
16:46:00,80
16:46:05,77
16:46:10,72
16:46:15,68
16:46:25,69
16:46:35,70
16:46:40,71
16:46:55,71
16:47:10,71
16:47:20,73
16:47:25,74
16:47:35,75
16:47:40,74
16:47:46,73
16:48:01,73
16:48:06,74
16:48:21,74
16:48:36,75
16:48:46,76
16:49:01,77
16:49:06,79
16:49:21,79
16:49:26,80
16:49:41,78
16:49:46,77
16:49:51,76
16:49:56,75
16:50:01,75
16:50:06,74
16:50:21,75
16:50:26,76
16:50:31,77
16:50:46,77
16:51:01,77
16:51:06,76
16:51:16,74
16:51:21,75
16:51:36,75
16:51:51,75
16:51:56,73
16:52:01,72
16:52:06,73
16:52:11,75
16:52:16,76
16:52:31,78
16:52:41,79
16:52:46,78
16:52:56,77
16:53:01,78
16:53:06,75
16:53:11,74
16:53:26,75
16:53:31,74
16:53:46,74
16:54:01,74
16:54:06,73
16:54:16,72
16:54:21,71
16:54:36,72
16:54:46,73
16:54:56,74
16:55:11,74
16:55:21,75
16:55:26,76
16:55:31,77
16:55:36,79
16:55:41,80
16:55:46,80
16:55:51,79
16:56:01,80
16:56:11,78
16:56:26,79
16:56:36,78
16:56:51,78
16:56:56,79
16:57:06,78
16:57:11,75
16:57:16,73
16:57:31,72
16:57:36,72
16:57:41,73
16:57:56,73
16:58:01,74
16:58:06,75
16:58:11,76
16:58:26,75
16:58:31,72
16:58:36,70
16:58:51,70
16:59:01,71
16:59:06,72
16:59:11,74
16:59:16,75
16:59:31,77
16:59:36,79
16:59:46,78
16:59:56,77
17:00:01,76
17:00:06,75
17:00:21,75
17:00:26,74
17:00:31,73
17:00:41,74
17:00:46,75
17:00:51,75
17:01:06,75
17:01:16,74
17:01:31,74
17:01:41,75
17:01:46,77
17:01:51,76
17:02:06,75
17:02:11,74
17:02:16,72
17:02:21,72
17:02:31,73
17:02:36,73
17:02:46,75
17:02:51,74
17:02:56,73
17:03:01,75
17:03:07,76
17:03:12,76
17:03:22,77
17:03:27,76
17:03:32,77
17:03:42,75
17:03:47,73
17:03:57,72
17:04:02,73
17:04:17,73
17:04:32,73
17:04:42,76
17:04:52,75
17:05:07,74
17:05:22,74
17:05:37,76
17:05:42,78
17:05:57,78
17:06:12,77
17:06:22,78
17:06:27,77
17:06:37,78
17:06:52,78
17:07:02,77
17:07:12,76
17:07:17,74
17:07:32,74
17:07:37,74
17:07:47,73
17:08:02,73
17:08:12,74
17:08:27,75
17:08:37,76
17:08:42,77
17:08:47,74
17:08:57,74
17:09:12,74
17:09:27,74
17:09:32,74
17:09:42,75
17:09:52,74
17:09:57,73
17:10:02,74
17:10:07,75
17:10:22,75
17:10:37,75
17:10:47,76
17:10:52,78
17:11:02,79
17:11:17,79
17:11:22,78
17:11:27,92
17:11:32,94
17:11:37,90
17:11:42,86
17:11:47,85
17:11:52,82
17:11:57,80
17:12:02,79
17:12:17,78
17:12:22,79
17:12:27,80
17:12:37,81
17:12:52,82
17:13:07,81
17:13:12,82
17:13:17,83
17:13:27,84
17:13:32,82
17:13:37,78
17:13:52,78
17:14:07,76
17:14:12,74
17:14:27,74
17:14:32,75
17:14:37,76
17:14:47,77
17:14:52,78
17:14:57,79
17:15:07,78
17:15:12,78
17:15:17,84
17:15:27,86
17:15:32,85
17:15:37,83
17:15:42,82
17:15:47,81
17:15:52,80
17:16:02,79
17:16:07,79
17:16:12,80
17:16:17,81
17:16:22,83
17:16:32,82
17:16:37,79
17:16:52,78
17:17:07,77
17:17:12,75
17:17:27,76
17:17:37,77
17:17:42,76
17:17:57,74
17:18:02,72
17:18:07,70
17:18:12,70
17:18:22,68
17:18:32,67
17:18:37,65
17:18:42,64
17:18:47,63
17:18:52,62
17:19:07,63
17:19:12,64
17:19:17,66
17:19:22,67
17:19:27,64
17:19:32,60
17:19:37,63
17:19:42,64
17:19:47,65
17:19:57,64
17:20:12,64
17:20:27,64
17:20:37,65
17:20:42,66
17:20:47,67
17:21:02,67
17:21:12,69
17:21:17,70
17:21:32,70
17:21:47,69
17:21:52,70
17:21:58,70
17:22:03,71
17:22:13,72
17:22:18,73
17:22:23,74
17:22:28,73
17:22:33,72
17:22:48,72
17:22:58,71
17:23:08,72
17:23:13,71
17:23:28,70
17:23:33,71
17:23:38,73
17:23:43,75
17:23:58,76
17:24:03,78
17:24:08,77
17:24:13,76
17:24:18,77
17:24:23,76
17:24:28,74
17:24:43,74
17:24:53,73
17:24:58,72
17:25:03,70
17:25:08,69
17:25:13,69
17:25:23,71
17:25:28,70
17:25:38,71
17:25:53,73
17:26:08,72
17:26:13,71
17:26:18,70
17:26:23,71
17:26:38,69
17:26:43,68
17:26:58,67
17:27:03,66
17:27:18,67
17:27:33,68
17:27:38,69
17:27:53,69
17:28:08,70
17:28:43,70
17:28:58,75
17:29:03,74
17:29:08,72
17:29:23,72
17:29:28,70
17:29:38,68
17:29:53,68
17:29:58,70
17:30:03,72
17:30:08,70
17:30:13,67
17:30:18,68
17:30:23,70
17:30:28,70
17:30:43,69
17:30:58,70
17:31:08,68
17:31:13,66
17:31:18,65
17:31:28,64
17:31:33,65
17:31:38,66
17:31:53,65
17:32:08,66
17:32:23,66
17:32:28,67
17:32:33,69
17:32:38,71
17:32:43,73
17:32:58,72
17:33:03,73
17:33:08,74
17:33:13,73
17:33:18,69
17:33:23,70
17:33:33,73
17:33:38,72
17:33:43,71
17:33:48,70
17:34:03,68
17:34:08,66
17:34:13,65
17:34:18,64
17:34:23,63
17:34:38,65
17:34:43,66
17:34:53,67
17:35:03,66
17:35:18,69
17:35:23,71
17:35:28,74
17:35:33,75
17:35:48,75
17:35:53,75
17:36:03,74
17:36:08,71
17:36:13,70
17:36:23,67
17:36:38,66
17:36:48,65
17:36:53,64
17:37:03,64
17:37:18,65
17:37:28,67
17:37:33,68
17:37:38,69
17:37:53,70
17:37:58,69
17:38:03,67
17:38:18,67
17:38:33,67
17:38:38,66
17:38:43,65
17:38:53,64
17:38:58,66
17:39:03,67
17:39:18,67
17:39:23,69
17:39:33,68
17:39:39,65
17:39:54,65
17:39:59,63
17:40:04,61
17:40:09,60
17:40:19,61
17:40:29,62
17:40:34,63
17:40:39,64
17:40:49,65
17:40:59,66
17:41:14,66
17:41:19,67
17:41:34,67
17:41:44,66
17:41:54,69
17:41:59,71
17:42:04,72
17:42:09,71
17:42:14,70
17:42:19,71
17:42:29,72
17:42:39,73
17:42:44,71
17:42:54,72
17:42:59,72
17:43:09,71
17:43:14,69
17:43:29,67
17:43:34,66
17:43:49,67
17:43:59,68
17:44:14,67
17:44:29,68
17:44:34,71
17:44:39,73
17:44:44,70
17:44:49,69
17:45:04,70
17:45:09,71
17:45:24,72
17:45:39,73
17:45:54,74
17:45:59,73
17:46:09,74
17:46:14,75
17:46:19,73
17:46:24,72
17:46:29,72
17:46:39,74
17:46:44,76
17:46:54,77
17:47:04,78
17:47:09,80
17:47:14,81
17:47:19,80
17:47:24,78
17:47:39,79
17:47:49,77
17:48:04,73
17:48:09,71
17:48:24,71
17:48:29,72
17:48:34,71
17:48:39,70
17:48:44,70
17:48:54,71
17:48:59,73
17:49:04,74
17:49:14,75
17:49:19,76
17:49:24,75
17:49:39,75
17:49:44,76
17:49:49,77
17:50:04,77
17:50:09,77
17:50:14,71
17:50:19,67
17:50:29,70
17:50:34,72
17:50:39,72
17:50:44,73
17:50:59,72
17:51:04,73
17:51:09,72
17:51:14,71
17:51:19,70
17:51:24,71
17:51:29,72
17:51:44,72
17:51:49,71
17:51:54,70
17:52:09,70
17:52:14,71
17:52:29,71
17:52:34,70
17:52:39,71
17:52:44,72
17:52:59,72
17:53:04,73
17:53:09,74
17:53:14,74
17:53:19,75
17:53:24,77
17:53:29,77
17:53:34,77
17:53:49,75
17:53:54,72
17:54:09,72
17:54:14,73
17:54:19,74
17:54:34,74
17:54:44,73
17:54:49,74
17:55:04,71
17:55:19,71
17:55:29,70
17:55:39,70
17:55:44,71
17:55:54,69
17:55:59,67
17:56:04,66
17:56:09,67
17:56:19,68
17:56:24,69
17:56:34,69
17:56:49,69
17:56:54,70
17:56:59,71
17:57:04,74
17:57:09,75
17:57:24,75
17:57:29,71
17:57:35,71
17:57:40,72
17:57:50,71
17:58:05,71
17:58:10,70
17:58:15,71
17:58:20,72
17:58:25,73
17:58:35,73
17:58:40,74
17:58:45,75
17:58:55,68
17:59:00,65
17:59:05,66
17:59:10,67
17:59:25,66
17:59:35,65
17:59:40,66
17:59:55,65
18:00:10,65
18:00:15,63
18:00:20,64
18:00:30,65
18:00:35,66
18:00:40,67
18:00:50,64
18:01:00,65
18:01:05,66
18:01:10,65
18:01:20,66
18:01:25,69
18:01:30,69
18:01:40,68
18:01:45,67
18:01:50,63
18:02:00,62
18:02:15,62
18:02:30,62
18:02:45,64
18:02:50,66
18:02:55,67
18:03:00,66
18:03:05,65
18:03:15,65
18:03:30,65
18:03:45,65
18:03:55,64
18:04:00,65
18:04:10,67
18:04:15,66
18:04:25,65
18:04:40,65
18:04:55,65
18:05:00,66
18:05:05,67
18:05:10,68
18:05:15,67
18:05:20,66
18:05:30,65
18:05:35,63
18:05:40,62
18:05:55,63
18:06:05,64
18:06:15,65
18:06:25,65
18:06:30,65
18:06:35,66
18:06:45,65
18:07:00,65
18:07:15,66
18:07:25,65
18:07:40,65
18:07:45,66
18:08:00,66
18:08:15,66
18:08:25,67
18:08:35,69
18:08:50,69
18:08:55,66
18:09:00,66
18:09:10,66
18:09:15,67
18:09:30,67
18:09:35,68
18:09:45,68
18:10:00,76
18:10:05,82
18:10:10,83
18:10:25,83
18:10:40,83
18:10:45,82
18:10:50,80
18:11:00,80
18:11:10,82
18:11:15,80
18:11:20,76
18:11:25,74
18:11:35,75
18:11:40,74
18:11:45,74
18:11:50,75
18:12:05,75
18:12:10,73
18:12:15,71
18:12:20,67
18:12:25,64
18:12:30,63
18:12:36,63
18:12:46,64
18:12:51,65
18:12:56,67
18:13:01,68
18:13:06,68
18:13:11,69
18:13:16,70
18:13:21,69
18:13:36,69
18:13:46,70
18:14:01,70
18:14:11,67
18:14:16,67
18:14:31,67
18:14:36,68
18:14:41,69
18:14:56,70
18:15:01,72
18:15:06,73
18:15:11,71
18:15:16,72
18:15:26,71
18:15:31,70
18:15:46,69
18:15:56,68
18:16:11,68
18:16:16,68
18:16:21,67
18:16:31,68
18:16:36,67
18:16:46,68
18:16:56,67
18:17:01,64
18:17:06,63
18:17:11,62
18:17:16,61
18:17:31,60
18:17:46,60
18:17:56,61
18:18:06,62
18:18:11,63
18:18:16,64
18:18:26,63
18:18:36,62
18:18:41,63
18:18:46,62
18:18:51,63
18:18:56,66
18:19:01,67
18:19:11,66
18:19:21,65
18:19:26,64
18:19:41,65
18:19:46,65
18:20:01,65
18:20:16,65
18:20:21,66
18:20:26,65
18:20:31,64
18:20:41,63
18:20:46,65
18:20:51,66
18:20:56,67
18:21:01,68
18:21:11,69
18:21:16,70
18:21:21,71
18:21:26,69
18:21:31,68
18:21:36,67
18:21:51,67
18:22:06,67
18:22:11,67
18:22:26,67
18:22:41,67
18:22:51,66
18:22:56,63
18:23:01,62
18:23:06,61
18:23:11,60
18:23:16,62
18:23:21,63
18:23:26,63
18:23:31,64
18:23:46,64
18:23:56,65
18:24:01,66
18:24:16,66
18:24:26,65
18:24:41,65
18:24:56,65
18:25:06,66
18:25:16,67
18:25:31,69
18:25:36,72
18:25:41,71
18:25:46,69
18:25:51,66
18:26:06,67
18:26:11,65
18:26:16,63
18:26:26,61
18:26:31,60
18:26:36,60
18:26:51,60
18:26:56,62
18:27:01,66
18:27:06,65
18:27:21,65
18:27:36,65
18:27:46,64
18:28:01,61
18:28:06,59
18:28:21,59
18:28:26,61
18:28:31,62
18:28:36,61
18:28:41,62
18:28:46,61
18:28:51,62
18:29:06,62
18:29:11,63
18:29:21,64
18:29:31,61
18:29:36,62
18:29:41,63
18:29:46,64
18:30:01,64
18:30:16,64
18:30:26,66
18:30:31,67
18:30:46,67
18:31:01,67
18:31:07,65
18:31:17,66
18:31:22,65
18:31:37,65
18:31:42,66
18:31:47,72
18:31:52,75
18:31:57,74
18:32:02,71
18:32:07,68
18:32:12,65
18:32:17,64
18:32:22,65
18:32:27,67
18:32:32,66
18:32:37,70
18:32:42,80
18:32:47,83
18:32:52,82
18:32:57,79
18:33:07,76
18:33:12,71
18:33:17,68
18:33:22,66
18:33:27,65
18:33:37,64
18:33:42,64
18:33:47,65
18:33:52,65
18:33:57,65
18:34:12,65
18:34:22,63
18:34:32,63
18:34:37,64
18:34:42,65
18:34:47,66
18:34:52,67
18:34:57,66
18:35:12,66
18:35:27,65
18:35:37,64
18:35:42,63
18:35:57,63
18:36:02,64
18:36:07,65
18:36:22,65
18:36:27,64
18:36:32,65
18:36:47,65
18:37:02,64
18:37:17,64
18:37:27,66
18:37:32,68
18:37:37,68
18:37:47,65
18:37:52,64
18:37:57,65
18:38:02,67
18:38:17,67
18:38:32,66
18:38:47,66
18:38:52,67
18:39:07,67
18:39:22,67
18:39:32,68
18:39:37,65
18:39:42,62
18:39:52,61
18:40:02,62
18:40:07,62
18:40:22,62
18:40:37,62
18:40:52,62
18:41:02,61
18:41:12,65
18:41:17,71
18:41:22,71
18:41:32,69
18:41:37,64
18:41:42,64
18:41:47,64
18:42:02,64
18:42:12,63
18:42:17,64
18:42:27,69
18:42:37,68
18:42:42,67
18:42:57,67
18:43:12,66
18:43:17,64
18:43:27,63
18:43:32,63
18:43:42,64
18:43:57,64
18:44:12,64
18:44:17,63
18:44:27,64
18:44:32,65
18:44:37,67
18:44:52,67
18:45:07,67
18:45:22,66
18:45:37,67
18:45:42,69
18:45:47,71
18:45:52,72
18:45:57,71
18:46:02,71
18:46:17,71
18:46:32,71
18:46:47,71
18:46:57,71
18:47:12,71
18:47:22,70
18:47:37,70
18:47:47,71
18:48:02,71
18:48:12,72
18:48:17,73
18:48:22,74
18:48:27,75
18:48:42,75
18:48:47,75
18:48:57,76
18:49:02,77
18:49:07,79
18:49:22,79
18:49:32,80
18:49:37,82
18:49:42,83
18:49:47,84
18:49:53,87
18:49:58,89
18:50:03,91
18:50:08,91
18:50:13,93
18:50:18,95
18:50:23,96
18:50:28,99
18:50:33,100
18:50:38,99
18:50:43,98
18:50:48,97
18:50:53,95
18:50:58,94
18:51:03,93
18:51:08,92
18:51:13,90
18:51:18,89
18:51:33,88
18:51:48,88
18:52:03,88
18:52:18,88
18:52:33,88
18:52:48,88
18:53:03,89
18:53:08,88
18:53:13,87
18:53:18,87
18:53:33,87
18:53:43,88
18:53:48,89
18:54:03,90
18:54:08,92
18:54:13,94
18:54:28,93
18:54:33,90
18:54:48,90
18:54:53,91
18:54:58,90
18:55:03,88
18:55:13,89
18:55:28,89
18:55:33,90
18:55:38,92
18:55:48,93
18:55:53,94
18:55:58,93
18:56:08,91
18:56:23,91
18:56:33,95
18:56:38,96
18:56:43,95
18:56:58,94
18:57:13,94
18:57:18,95
18:57:23,96
18:57:28,94
18:57:33,83
18:57:38,81
18:57:43,79
18:57:48,78
18:57:58,74
18:58:03,70
18:58:13,71
18:58:18,72
18:58:33,71
18:58:38,72
18:58:48,71
18:58:58,72
18:59:03,71
18:59:18,72
18:59:28,73
18:59:33,78
18:59:38,80
18:59:43,82
18:59:58,82
19:00:13,83
19:00:18,82
19:00:23,82
19:00:28,81
19:00:33,79
19:00:38,77
19:00:43,77
19:00:48,80
19:01:03,80
19:01:18,80
19:01:23,81
19:01:33,80
19:01:43,83
19:01:48,84
19:01:53,83
19:01:58,82
19:02:03,80
19:02:08,81
19:02:18,82
19:02:33,81
19:02:43,80
19:02:48,79
19:02:53,78
19:02:58,78
19:03:08,79
19:03:13,80
19:03:18,79
19:03:23,79
19:03:28,80
19:03:43,80
19:03:53,79
19:03:59,79
19:04:09,80
19:04:24,80
19:04:29,79
19:04:44,80
19:04:54,81
19:05:09,80
19:05:14,80
19:05:19,80
19:05:24,78
19:05:29,76
19:05:34,76
19:05:39,75
19:05:44,74
19:05:54,75
19:06:04,76
19:06:14,77
19:06:24,78
19:06:29,77
19:06:34,76
19:06:49,76
19:06:59,77
19:07:04,78
19:07:09,79
19:07:14,80
19:07:19,81
19:07:29,80
19:07:34,79
19:07:44,79
19:07:49,80
19:08:04,80
19:08:09,79
19:08:14,80
19:08:29,80
19:08:34,79
19:08:44,77
19:08:54,76
19:09:04,77
19:09:09,78
19:09:19,79
19:09:24,78
19:09:29,73
19:09:34,74
19:09:39,76
19:09:44,77
19:09:54,78
19:10:04,77
19:10:14,78
19:10:24,79
19:10:39,79
19:10:44,78
19:10:49,79
19:10:59,80
19:11:09,79
19:11:14,79
19:11:29,80
19:11:34,79
19:11:39,78
19:11:49,80
19:11:54,82
19:11:59,81
19:12:09,80
19:12:24,80
19:12:29,81
19:12:34,83
19:12:39,84
19:12:54,85
19:13:04,86
19:13:09,87
19:13:24,89
19:13:34,90
19:13:44,87
19:13:49,86
19:13:54,85
19:14:04,84
19:14:09,84
19:14:14,83
19:14:19,82
19:14:24,82
19:14:34,83
19:14:44,81
19:14:49,81
19:15:04,81
19:15:19,81
19:15:24,82
19:15:29,81
19:15:44,82
19:15:49,83
19:15:54,84
19:15:59,79
19:16:04,77
19:16:09,75
19:16:14,69
19:16:19,70
19:16:24,71
19:16:29,73
19:16:34,74
19:16:44,75
19:16:54,73
19:16:59,72
19:17:04,66
19:17:09,65
19:17:24,64
19:17:34,66
19:17:39,67
19:17:44,61
19:17:49,60
19:17:54,62
19:17:59,64
19:18:04,65
19:18:09,68
19:18:14,69
19:18:24,68
19:18:34,67
19:18:39,66
19:18:44,65
19:18:49,66
19:18:54,65
19:19:04,66
19:19:09,64
19:19:14,62
19:19:19,63
19:19:29,65
19:19:34,66
19:19:39,69
19:19:44,67
19:19:49,68
19:20:04,69
19:20:19,70
19:20:29,71
19:20:34,74
19:20:39,78
19:20:44,79
19:20:54,81
19:20:59,85
19:21:05,87
19:21:10,89
19:21:20,88
19:21:35,87
19:21:50,87
19:22:05,87
19:22:15,85
19:22:20,83
19:22:25,81
19:22:30,80
19:22:45,80
19:22:50,82
19:23:00,81
19:23:10,82
19:23:15,81
19:23:20,82
19:23:35,85
19:23:40,78
19:23:45,73
19:23:50,73
19:24:05,75
19:24:10,80
19:24:15,84
19:24:20,79
19:24:25,76
19:24:30,75
19:24:35,71
19:24:40,69
19:24:45,68
19:24:50,70
19:24:55,72
19:25:00,71
19:25:05,70
19:25:10,71
19:25:15,73
19:25:20,74
19:25:25,75
19:25:40,76
19:25:45,75
19:25:50,72
19:25:55,71
19:26:00,72
19:26:15,73
19:26:20,74
19:26:25,75
19:26:30,76
19:26:35,77
19:26:45,78
19:27:00,80
19:27:10,81
19:27:15,84
19:27:20,87
19:27:25,91
19:27:30,93
19:27:35,95
19:27:40,96
19:27:55,97
19:28:00,98
19:28:10,96
19:28:15,95
19:28:20,90
19:28:25,78
19:28:30,73
19:28:35,73
19:28:40,72
19:28:50,73
19:28:55,74
19:29:00,75
19:29:05,76
19:29:15,77
19:29:25,78
19:29:40,81
19:29:45,86
19:29:50,92
19:29:55,96
19:30:00,102
19:30:05,108
19:30:10,113
19:30:15,117
19:30:20,120
19:30:25,121
19:30:35,119
19:30:40,117
19:30:45,116
19:30:50,116
19:30:55,114
19:31:00,113
19:31:10,112
19:31:15,110
19:31:20,111
19:31:25,112
19:31:30,111
19:31:35,112
19:31:40,109
19:31:45,107
19:31:55,107
19:32:05,108
19:32:10,110
19:32:15,108
19:32:20,109
19:32:25,110
19:32:35,109
19:32:40,108
19:32:45,110
19:32:50,108
19:32:55,107
19:33:00,104
19:33:05,103
19:33:15,105
19:33:20,106
19:33:25,107
19:33:30,108
19:33:40,110
19:33:45,112
19:33:50,113
19:33:55,114
19:34:00,115
19:34:05,116
19:34:10,118
19:34:15,117
19:34:20,116
19:34:25,114
19:34:30,114
19:34:35,115
19:34:40,114
19:34:45,113
19:34:50,112
19:35:00,114
19:35:05,116
19:35:10,117
19:35:15,118
19:35:20,119
19:35:25,118
19:35:30,116
19:35:35,118
19:35:40,116
19:35:55,115
19:36:00,110
19:36:05,109
19:36:20,109
19:36:25,110
19:36:30,112
19:36:35,111
19:36:40,110
19:36:45,109
19:36:50,110
19:36:55,109
19:37:00,101
19:37:05,98
19:37:10,99
19:37:20,98
19:37:25,95
19:37:30,93
19:37:40,93
19:37:45,94
19:37:50,96
19:37:55,98
19:38:00,99
19:38:05,100
19:38:10,106
19:38:15,108
19:38:21,108
19:38:31,112
19:38:36,113
19:38:46,114
19:38:56,113
19:39:06,112
19:39:16,110
19:39:21,109
19:39:26,112
19:39:36,114
19:39:41,112
19:39:46,110
19:39:56,112
19:40:01,116
19:40:06,114
19:40:11,109
19:40:16,92
19:40:21,87
19:40:26,85
19:40:31,75
19:40:36,71
19:40:51,71
19:41:01,72
19:41:06,73
19:41:11,75
19:41:16,76
19:41:21,72
19:41:26,69
19:41:41,69
19:41:46,70
19:41:56,71
19:42:06,70
19:42:11,69
19:42:16,68
19:42:31,70
19:42:36,71
19:42:41,72
19:42:51,73
19:42:56,75
19:43:01,74
19:43:06,75
19:43:11,77
19:43:16,79
19:43:21,80
19:43:31,82
19:43:46,83
19:43:51,84
19:43:56,85
19:44:06,87
19:44:11,88
19:44:21,86
19:44:26,82
19:44:31,78
19:44:41,77
19:44:56,77
19:45:01,76
19:45:06,74
19:45:11,73
19:45:26,74
19:45:31,76
19:45:36,78
19:45:46,79
19:45:51,81
19:46:06,82
19:46:21,82
19:46:26,83
19:46:41,82
19:46:51,83
19:46:56,78
19:47:11,78
19:47:21,80
19:47:26,81
19:47:36,80
19:47:41,79
19:47:46,78
19:47:51,77
19:47:56,72
19:48:01,68
19:48:06,68
19:48:16,69
19:48:26,70
19:48:31,71
19:48:36,73
19:48:41,74
19:48:46,75
19:49:01,75
19:49:06,74
19:49:16,75
19:49:26,76
19:49:31,75
19:49:36,73
19:49:41,74
19:49:46,73
19:49:56,72
19:50:06,71
19:50:11,72
19:50:16,77
19:50:21,82
19:50:31,81
19:50:46,81
19:50:51,82
19:51:06,82
19:51:11,83
19:51:26,83
19:51:41,83
19:51:46,83
19:52:01,83
19:52:25,82
19:52:30,81
19:52:45,82
19:52:55,80
19:53:00,79
19:53:10,78
19:53:20,77
19:53:25,78
19:53:35,77
19:53:40,76
19:53:45,75
19:54:00,74
19:54:05,75
19:54:15,70
19:54:20,69
19:54:25,70
19:54:35,71
19:54:40,70
19:54:45,71
19:54:50,72
19:55:05,73
19:55:10,72
19:55:20,73
19:55:25,74
19:55:30,76
19:55:35,77
19:55:50,81
19:55:55,82
19:56:00,80
19:56:15,80
19:56:20,82
19:56:35,82
19:56:40,83
19:56:50,87
19:56:55,81
19:57:05,80
19:57:10,79
19:57:25,80
19:57:30,79
19:57:45,79
19:57:50,80
19:58:00,81
19:58:05,82
19:58:20,82
19:58:25,83
19:58:35,84
19:58:45,85
19:58:50,85
19:58:55,78
19:59:00,73
19:59:10,74
19:59:25,77
19:59:30,80
19:59:35,82
19:59:40,83
19:59:55,84
20:00:10,84
20:00:15,82
20:00:20,79
20:00:25,77
20:00:30,76
20:00:40,75
20:00:45,74
20:00:55,72
20:01:00,71
20:01:05,76
20:01:10,75
20:01:20,76
20:01:25,79
20:01:30,78
20:01:45,78
20:01:55,79
20:02:00,80
20:02:15,80
20:02:30,81
20:02:40,82
20:02:45,83
20:02:55,82
20:03:00,81
20:03:06,80
20:03:11,79
20:03:16,78
20:03:21,80
20:03:26,82
20:03:31,81
20:03:36,82
20:03:41,81
20:03:56,81
20:04:01,80
20:04:06,79
20:04:11,78
20:04:16,77
20:04:26,78
20:04:36,79
20:04:46,77
20:04:51,72
20:04:56,71
20:05:06,72
20:05:21,72
20:05:36,73
20:05:41,74
20:05:56,75
20:06:01,76
20:06:06,77
20:06:11,78
20:06:16,79
20:06:21,78
20:06:36,78
20:06:41,77
20:06:46,76
20:06:56,75
20:07:01,73
20:07:06,75
20:07:11,76
20:07:16,77
20:07:31,77
20:07:46,76
20:08:01,76
20:08:06,77
20:08:11,78
20:08:21,80
20:08:26,82
20:08:31,82
20:08:36,83
20:08:46,87
20:08:51,87
20:09:06,83
20:09:11,81
20:09:16,80
20:09:31,80
20:09:46,79
20:09:51,78
20:09:56,77
20:10:01,77
20:10:06,73
20:10:11,71
20:10:16,70
20:10:21,71
20:10:26,72
20:10:36,73
20:10:41,74
20:10:56,74
20:11:11,74
20:11:26,75
20:11:41,76
20:11:56,76
20:12:01,73
20:12:06,67
20:12:11,66
20:12:21,67
20:12:36,68
20:12:46,70
20:12:51,72
20:13:06,73
20:13:16,72
20:13:31,71
20:13:36,70
20:13:41,69
20:13:51,68
20:13:56,69
20:14:01,70
20:14:16,70
20:14:21,71
20:14:36,70
20:14:41,71
20:14:46,72
20:15:01,72
20:15:11,71
20:15:26,70
20:15:41,72
20:15:51,70
20:16:06,70
20:16:11,71
20:16:16,72
20:16:31,71
20:16:36,69
20:16:51,69
20:16:56,71
20:17:01,72
20:17:11,73
20:17:21,72
20:17:26,71
20:17:31,70
20:17:41,71
20:17:46,73
20:17:51,72
20:17:56,70
20:18:01,71
20:18:16,71
20:18:21,73
20:18:26,74
20:18:36,73
20:18:41,74
20:18:56,74
20:19:06,71
20:19:11,73
20:19:16,80
20:19:21,76
20:19:26,74
20:19:41,74
20:19:56,73
20:20:11,73
20:20:16,74
20:20:21,75
20:20:36,75
20:20:41,72
20:20:46,70
20:20:56,71
20:21:01,73
20:21:11,71
20:21:16,69
20:21:22,67
20:21:32,69
20:21:37,72
20:21:47,73
20:22:02,73
20:22:07,74
20:22:12,73
20:22:17,72
20:22:22,71
20:22:32,72
20:22:47,71
20:22:57,70
20:23:12,70
20:23:17,71
20:23:22,72
20:23:27,73
20:23:32,72
20:23:37,71
20:23:47,71
20:23:52,72
20:24:07,72
20:24:22,72
20:24:37,72
20:24:47,71
20:24:52,70
20:24:57,69
20:25:02,73
20:25:07,75
20:25:12,77
20:25:17,78
20:25:32,78
20:25:37,79
20:25:42,77
20:25:47,74
20:25:52,73
20:26:02,74
20:26:07,75
20:26:22,75
20:26:32,74
20:26:47,75
20:26:57,76
20:27:07,75
20:27:12,74
20:27:17,73
20:27:22,72
20:27:27,70
20:27:32,71
20:27:37,73
20:27:52,73
20:27:57,78
20:28:02,82
20:28:12,83
20:28:17,85
20:28:32,86
20:28:37,86
20:28:47,87
20:28:57,88
20:29:12,88
20:29:17,87
20:29:32,85
20:29:37,86
20:29:42,87
20:29:52,88
20:29:57,89
20:30:02,89
20:30:07,82
20:30:12,81
20:30:17,81
20:30:27,83
20:30:42,83
20:30:52,84
20:30:57,83
20:31:02,83
20:31:07,82
20:31:12,82
20:31:17,81
20:31:22,77
20:31:37,77
20:31:42,78
20:31:52,77
20:32:07,77
20:32:12,78
20:32:17,79
20:32:22,78
20:32:27,80
20:32:32,81
20:32:37,80
20:32:52,80
20:32:57,81
20:33:07,80
20:33:17,81
20:33:22,80
20:33:32,81
20:33:37,80
20:33:42,79
20:33:52,87
20:33:57,88
20:34:02,87
20:34:07,86
20:34:12,85
20:34:17,84
20:34:22,86
20:34:27,88
20:34:32,91
20:34:37,93
20:34:42,96
20:34:47,98
20:34:52,99
20:35:07,97
20:35:17,94
20:35:27,95
20:35:32,96
20:35:42,96
20:35:52,95
20:35:57,93
20:36:02,92
20:36:17,92
20:36:27,90
20:36:32,89
20:36:42,88
20:36:47,90
20:36:52,91
20:37:02,92
20:37:07,93
20:37:17,92
20:37:22,89
20:37:27,88
20:37:32,92
20:37:37,97
20:37:47,95
20:37:52,94
20:37:57,93
20:38:02,91
20:38:07,93
20:38:13,93
20:38:18,92
20:38:23,93
20:38:33,91
20:38:38,89
20:38:43,88
20:38:48,86
20:38:53,86
20:39:03,87
20:39:08,88
20:39:13,89
20:39:18,89
20:39:23,91
20:39:28,92
20:39:38,94
20:39:43,95
20:39:53,96
20:40:03,95
20:40:08,94
20:40:18,92
20:40:28,93
20:40:33,93
20:40:38,94
20:40:43,93
20:40:58,92
20:41:03,92
20:41:08,90
20:41:13,90
20:41:18,89
20:41:23,90
20:41:33,89
20:41:38,78
20:41:43,77
20:41:48,76
20:42:03,76
20:42:13,77
20:42:28,77
20:42:38,78
20:42:48,79
20:43:03,80
20:43:08,79
20:43:13,80
20:43:23,81
20:43:33,82
20:43:38,83
20:43:43,86
20:43:48,89
20:43:53,90
20:43:58,92
20:44:03,93
20:44:08,94
20:44:13,95
20:44:18,100
20:44:23,104
20:44:28,105
20:44:33,109
20:44:38,115
20:44:43,118
20:44:48,118
20:44:53,122
20:44:58,128
20:45:03,131
20:45:08,129
20:45:13,134
20:45:18,136
20:45:23,137
20:45:33,135
20:45:38,134
20:45:43,130
20:45:48,125
20:45:53,126
20:45:58,125
20:46:03,121
20:46:08,119
20:46:13,122
20:46:18,124
20:46:23,126
20:46:28,129
20:46:33,130
20:46:38,134
20:46:43,136
20:46:48,137
20:46:53,138
20:46:58,140
20:47:03,142
20:47:08,139
20:47:13,138
20:47:18,137
20:47:23,139
20:47:28,138
20:47:33,139
20:47:43,137
20:47:48,135
20:47:53,131
20:47:58,128
20:48:03,124
20:48:08,125
20:48:13,129
20:48:18,131
20:48:23,130
20:48:28,123
20:48:33,124
20:48:38,127
20:48:43,132
20:48:48,130
20:48:53,132
20:48:58,134
20:49:03,133
20:49:08,131
20:49:13,124
20:49:18,119
20:49:23,122
20:49:28,125
20:49:33,124
20:49:43,123
20:49:48,122
20:49:53,123
20:49:58,128
20:50:03,130
20:50:08,128
20:50:13,126
20:50:18,122
20:50:23,123
20:50:28,124
20:50:33,123
20:50:38,124
20:50:43,123
20:50:53,122
20:50:58,120
20:51:03,117
20:51:08,116
20:51:18,119
20:51:23,127
20:51:28,128
20:51:33,134
20:51:38,136
20:51:43,133
20:51:48,131
20:51:53,130
20:51:58,129
20:52:03,126
20:52:08,124
20:52:13,122
20:52:18,119
20:52:23,113
20:52:33,109
20:52:38,108
20:52:48,109
20:52:53,111
20:52:58,114
20:53:03,116
20:53:13,112
20:53:18,113
20:53:23,113
20:53:28,114
20:53:33,117
20:53:38,122
20:53:43,123
20:53:48,122
20:53:58,119
20:54:04,116
20:54:09,118
20:54:14,121
20:54:24,120
20:54:29,117
20:54:34,121
20:54:39,127
20:54:44,129
20:54:49,126
20:54:54,124
20:54:59,126
20:55:04,128
20:55:09,132
20:55:14,138
20:55:19,143
20:55:24,147
20:55:29,149
20:55:34,151
20:55:39,150
20:55:44,147
20:55:49,144
20:55:54,141
20:55:59,137
20:56:04,133
20:56:09,129
20:56:14,126
20:56:24,139
20:56:29,140
20:56:34,138
20:56:39,137
20:56:49,134
20:56:54,132
20:56:59,136
20:57:14,138
20:57:19,139
20:57:29,142
20:57:34,144
20:57:39,145
20:57:44,150
20:57:49,149
20:57:54,147
20:58:04,145
20:58:09,141
20:58:14,139
20:58:19,142
20:58:24,144
20:58:29,141
20:58:34,141
20:58:39,138
20:58:49,154
20:58:54,155
20:58:59,153
20:59:04,150
20:59:09,149
20:59:14,154
20:59:19,153
20:59:24,148
20:59:29,150
20:59:34,152
20:59:39,156
20:59:44,158
20:59:49,159
20:59:59,160
21:00:04,158
21:00:09,155
21:00:14,153
21:00:19,152
21:00:29,147
21:00:34,146
21:00:39,145
21:00:44,145
21:00:49,142
21:00:54,136
21:00:59,131
21:01:04,132
21:01:09,133
21:01:14,135
21:01:19,147
21:01:24,152
21:01:29,152
21:01:34,153
21:01:39,154
21:01:44,156
21:01:54,156
21:01:59,155
21:02:04,154
21:02:09,152
21:02:14,150
21:02:19,149
21:02:24,148
21:02:29,147
21:02:34,148
21:02:49,148
21:02:54,141
21:02:59,137
21:03:04,133
21:03:09,129
21:03:14,126
21:03:19,125
21:03:24,126
21:03:29,125
21:03:39,124
21:03:44,123
21:03:49,124
21:03:54,124
21:03:59,122
21:04:04,121
21:04:09,121
21:04:14,120
21:04:19,119
21:04:29,119
21:04:34,119
21:04:44,119
21:04:49,118
21:04:54,116
21:04:59,117
21:05:04,117
21:05:09,117
21:05:14,118
21:05:19,120
21:05:29,121
21:05:39,120
21:05:44,119
21:05:49,118
21:05:54,117
21:06:09,119
21:06:14,120
21:06:19,122
21:06:24,121
21:06:39,121
21:06:44,124
21:06:49,127
21:06:54,130
21:07:04,136
21:07:09,144
21:07:24,143
21:07:34,144
21:07:39,142
21:07:44,140
21:07:49,139
21:07:54,141
21:07:59,142
21:08:04,137
21:08:09,136
21:08:14,137
21:08:19,136
21:08:24,132
21:08:34,131
21:08:39,130
21:08:44,127
21:08:49,123
21:08:59,128
21:09:04,126
21:09:09,125
21:09:14,124
21:09:19,127
21:09:24,131
21:09:29,135
21:09:34,137
21:09:44,138
21:09:49,137
21:10:04,137
21:10:09,138
21:10:19,137
21:10:34,137
21:10:39,132
21:10:44,125
21:10:49,121
21:10:54,120
21:11:04,122
21:11:09,127
21:11:14,137
21:11:19,138
21:11:24,137
21:11:39,137
21:11:44,138
21:11:49,143
21:11:54,149
21:11:59,148
21:12:09,145
21:12:14,140
21:12:19,139
21:12:25,135
21:12:30,132
21:12:35,134
21:12:40,137
21:12:45,143
21:12:50,144
21:12:55,143
21:13:00,146
21:13:05,148
21:13:10,147
21:13:20,149
21:13:25,151
21:13:40,149
21:13:45,145
21:13:50,143
21:13:55,139
21:14:05,144
21:14:10,149
21:14:15,148
21:14:20,149
21:14:25,146
21:14:30,142
21:14:35,138
21:14:40,140
21:14:45,143
21:14:50,147
21:14:55,149
21:15:00,148
21:15:05,149
21:15:10,147
21:15:15,146
21:15:30,144
21:15:40,145
21:15:45,146
21:15:55,143
21:16:00,144
21:16:05,147
21:16:10,148
21:16:15,147
21:16:20,146
21:16:25,144
21:16:30,145
21:16:35,148
21:16:40,149
21:16:45,152
21:16:50,151
21:16:55,150
21:17:05,149
21:17:15,154
21:17:20,155
21:17:30,156
21:17:35,157
21:17:45,155
21:17:50,154
21:17:55,155
21:18:00,154
21:18:05,152
21:18:15,151
21:18:20,150
21:18:25,149
21:18:30,146
21:18:35,148
21:18:45,144
21:18:50,139
21:18:55,138
21:19:00,146
21:19:05,150
21:19:10,148
21:19:15,145
21:19:20,141
21:19:25,136
21:19:30,131
21:19:35,127
21:19:40,131
21:19:45,134
21:19:50,140
21:19:55,138
21:20:00,140
21:20:05,146
21:20:10,150
21:20:15,149
21:20:20,146
21:20:25,142
21:20:30,137
21:20:35,134
21:20:40,131
21:20:45,127
21:20:50,122
21:20:55,119
21:21:00,115
21:21:05,110
21:21:10,106
21:21:15,102
21:21:20,100
21:21:25,105
21:21:30,113
21:21:35,111
21:21:40,110
21:21:45,119
21:21:50,124
21:21:55,128
21:22:00,126
21:22:05,124
21:22:10,119
21:22:15,117
21:22:20,126
21:22:25,133
21:22:30,137
21:22:40,135
21:22:45,134
21:22:50,133
21:22:55,132
21:23:00,130
21:23:05,128
21:23:10,129
21:23:15,131
21:23:20,132
21:23:25,133
21:23:30,132
21:23:40,131
21:23:45,129
21:23:50,127
21:23:55,125
21:24:10,125
21:24:15,125
21:24:20,126
21:24:25,125
21:24:30,125
21:24:35,127
21:24:45,129
21:24:55,127
21:25:04,125
21:25:09,126
21:25:19,127
21:25:29,128
21:25:39,129
21:25:44,130
21:25:54,128
21:25:59,127
21:26:04,128
21:26:09,128
21:26:14,125
21:26:19,122
21:26:24,125
21:26:29,128
21:26:34,126
21:26:39,115
21:26:44,110
21:26:49,109
21:26:54,110
21:26:59,109
21:27:14,109
21:27:19,110
21:27:29,109
21:27:44,109
21:27:59,109
21:28:09,110
21:28:14,110
21:28:24,113
21:28:29,112
21:28:44,111
21:28:54,110
21:29:04,108
21:29:09,109
21:29:24,110
21:29:29,113
21:29:34,117
21:29:39,118
21:29:44,120
21:29:54,118
21:30:09,117
21:30:14,108
21:30:19,104
21:30:24,101
21:30:29,99
21:30:39,99
21:30:44,100
21:30:49,103
21:30:54,104
21:31:04,103
21:31:09,102
21:31:14,100
21:31:24,99
21:31:29,99
21:31:44,100
21:31:49,101
21:31:54,100
21:32:04,101
21:32:09,101
21:32:24,103
21:32:29,103
21:32:34,103
21:32:39,102
21:32:44,103
21:32:49,102
21:32:54,102
21:32:59,101
21:33:09,106
21:33:14,107
21:33:19,104
21:33:24,103
21:33:39,103
21:33:44,104
21:33:54,103
21:33:59,100
21:34:04,100
21:34:19,99
21:34:24,96
21:34:29,97
21:34:39,96
21:34:44,96
21:34:49,100
21:34:54,99
21:35:04,97
21:35:19,97
21:35:34,98
21:35:39,98
21:35:44,96
21:35:54,97
21:36:04,99
21:36:19,99
21:36:29,98
21:36:39,99
21:36:44,100
21:36:49,101
21:36:54,100
21:36:59,101
21:37:09,100
21:37:19,101
21:37:24,102
21:37:29,101
21:37:34,99
21:37:44,100
21:37:54,99
21:38:03,98
21:38:08,97
21:38:23,98
21:38:33,99
21:38:38,96
21:38:43,97
21:38:58,96
21:39:03,96
21:39:08,95
21:39:23,95
21:39:28,94
21:39:38,95
21:39:48,94
21:39:58,95
21:40:03,93
21:40:08,94
21:40:13,94
21:40:18,94
21:40:33,94
21:40:43,92
21:40:48,91
21:41:03,90
21:41:08,91
21:41:18,92
21:41:23,94
21:41:28,95
21:41:33,96
21:41:38,98
21:41:43,100
21:41:48,98
21:41:53,95
21:41:58,94
21:42:03,93
21:42:08,91
21:42:13,90
21:42:18,90
21:42:23,90
21:42:28,91
21:42:33,91
21:42:38,92
21:42:48,92
21:42:53,91
21:43:03,92
21:43:08,93
21:43:13,95
21:43:18,94
21:43:23,93
21:43:28,92
21:43:38,92
21:43:53,92
21:44:08,92
21:44:13,94
21:44:23,95
21:44:29,94
21:44:34,94
21:44:44,95
21:44:59,95
21:45:04,98
21:45:09,98
21:45:14,95
21:45:19,95
21:45:24,94
21:45:29,93
21:45:34,94
21:45:39,93
21:45:44,93
21:45:59,93
21:46:04,92
21:46:19,92
21:46:29,91
21:46:34,88
21:46:49,88
21:47:04,90
21:47:09,91
21:47:14,90
21:47:24,91
21:47:29,91
21:47:34,91
21:47:39,92
21:47:49,93
21:47:54,93
21:48:09,94
21:48:19,94
21:48:29,93
21:48:34,93
21:48:44,91
21:48:49,90
21:49:04,90
21:49:09,91
21:49:14,92
21:49:19,93
21:49:34,93
21:49:49,94
21:49:54,93
21:49:59,92
21:50:04,92
21:50:19,92
21:50:34,92
21:50:39,91
21:50:44,90
21:50:49,89
21:50:54,90
21:50:59,91
21:51:09,92
21:51:24,92
21:51:29,94
21:51:34,93
21:51:39,92
21:51:54,92
21:52:04,91
21:52:09,93
21:52:14,95
21:52:19,96
21:52:29,96
21:52:44,96
21:52:49,97
21:52:54,96
21:52:59,95
21:53:04,94
21:53:19,93
21:53:24,90
21:53:39,90
21:53:44,92
21:53:49,92
21:53:54,93
21:54:09,95
21:54:19,97
21:54:29,96
21:54:44,95
21:54:59,95
21:55:09,94
21:55:19,92
21:55:24,91
21:55:39,91
21:55:40,92
21:55:50,93
21:56:05,93
21:56:15,94
21:56:20,97
21:56:25,98
21:56:30,97
21:56:40,94
21:56:45,92
21:56:50,93
21:57:05,94
21:57:10,92
21:57:15,91
21:57:30,91
21:57:35,92
21:57:45,91
21:57:50,92
21:57:55,91
21:58:00,90
21:58:10,89
21:58:15,89
21:58:30,89
21:58:40,90
21:58:45,91
21:59:00,91
21:59:05,92
21:59:15,95
21:59:20,96
21:59:25,97
21:59:35,96
21:59:40,96
21:59:55,95
22:00:10,95
22:00:25,94
22:00:35,90
22:00:40,88
22:00:45,87
22:01:00,87
22:01:05,88
22:01:10,89
22:01:25,89
22:01:35,92
22:01:40,93
22:01:50,92
22:01:55,91
22:02:00,89
22:02:05,88
22:02:15,90
22:02:20,92
22:02:25,93
22:02:30,91
22:02:35,90
22:02:45,90
22:02:55,91
22:03:00,91
22:03:05,90
22:03:20,90
22:03:25,89
22:03:30,88
22:03:35,87
22:03:40,87
22:03:50,88
22:03:55,87
22:04:00,85
22:04:05,85
22:04:20,86
22:04:25,86
22:04:30,85
22:04:35,86
22:04:40,87
22:04:45,87
22:04:50,88
22:04:55,89
22:05:00,88
22:05:05,89
22:05:10,89
22:05:15,88
22:05:20,87
22:05:30,91
22:05:40,89
22:05:55,89
22:06:00,89
22:06:15,89
22:06:20,90
22:06:30,91
22:06:40,90
22:06:50,91
22:06:55,92
22:07:05,91
22:07:15,90
22:07:25,89
22:07:30,87
22:07:45,87
22:07:50,87
22:08:05,87
22:08:20,88
22:08:25,86
22:08:35,86
22:08:50,86
22:08:55,87
22:09:05,88
22:09:20,88
22:09:25,90
22:09:35,91
22:09:41,92
22:09:56,92
22:10:06,93
22:10:21,89
22:10:26,87
22:10:41,88
22:10:46,90
22:10:51,88
22:10:56,87
22:11:01,86
22:11:06,85
22:11:16,86
22:11:21,87
22:11:31,88
22:11:41,89
22:11:46,87
22:11:51,88
22:12:06,86
22:12:21,86
22:12:26,87
22:12:41,88
22:12:51,99
22:12:56,97
22:13:01,90
22:13:06,86
22:13:11,87
22:13:16,87
22:13:21,87
22:13:26,86
22:13:41,86
22:13:46,88
22:13:51,91
22:13:56,90
22:14:01,91
22:14:16,91
22:14:26,90
22:14:41,93
22:14:46,95
22:14:56,94
22:15:01,92
22:15:06,87
22:15:11,84
22:15:21,85
22:15:36,84
22:15:46,84
22:16:01,84
22:16:16,84
22:16:26,83
22:16:31,82
22:16:36,81
22:16:51,81
22:16:56,82
22:17:01,86
22:17:06,86
22:17:21,86
22:17:26,87
22:17:36,85
22:17:41,83
22:17:51,84
22:18:06,84
22:18:16,85
22:18:21,87
22:18:26,88
22:18:36,87
22:18:41,86
22:18:56,86
22:19:06,91
22:19:11,97
22:19:26,97
22:19:36,98
22:19:41,96
22:19:56,96
22:20:01,97
22:20:16,96
22:20:26,95
22:20:36,94
22:20:46,93
22:21:01,93
22:21:06,94
22:21:16,98
22:21:21,93
22:21:26,91
22:21:36,91
22:21:51,91
22:21:56,92
22:22:11,91
22:22:16,90
22:22:21,88
22:22:26,83
22:22:31,82
22:22:46,82
22:22:51,82
22:22:56,81
22:23:06,80
22:23:11,79
22:23:16,80
22:23:26,83
22:23:31,87
22:23:36,85
22:23:41,84
22:23:51,85
22:23:56,86
22:24:01,87
22:24:06,86
22:24:16,87
22:24:21,88
22:24:36,89
22:24:41,89
22:24:51,90
22:25:01,90
22:25:16,90
22:25:21,89
22:25:26,88
22:25:31,87
22:25:36,88
22:25:41,87
22:25:46,83
22:25:51,82
22:25:56,83
22:26:06,82
22:26:21,82
22:26:36,82
22:26:41,85
22:26:51,87
22:26:56,86
22:27:01,84
22:27:06,85
22:27:21,85
22:27:26,84
22:27:31,83
22:27:46,83
22:27:56,82
22:28:02,80
22:28:07,78
22:28:12,76
22:28:22,77
22:28:37,78
22:28:42,81
22:28:52,82
22:29:07,82
22:29:22,82
22:29:27,83
22:29:32,84
22:29:42,83
22:29:47,81
22:29:57,80
22:30:02,79
22:30:12,83
22:30:27,83
22:30:37,82
22:30:42,83
22:30:52,83
22:30:57,85
22:31:02,84
22:31:12,85
22:31:17,86
22:31:22,85
22:31:27,87
22:31:37,86
22:31:42,84
22:31:47,84
22:31:52,87
22:32:02,86
22:32:17,86
22:32:32,86
22:32:47,85
22:32:57,83
22:33:02,83
22:33:17,83
22:33:32,82
22:33:47,83
22:34:02,83
23:38:38,70
23:54:31,70
