Time,Heart Rate
01:25:56,70
02:03:23,70
02:58:01,70
03:52:38,70
10:33:54,70
10:36:24,70
11:30:43,70
12:25:21,70
12:26:34,70
12:26:44,70
12:26:49,73
12:26:54,72
12:26:59,82
12:27:04,86
12:27:09,87
12:27:14,87
12:27:19,84
12:27:24,80
12:27:29,79
12:27:34,80
12:27:39,81
12:27:44,82
12:27:49,81
12:27:59,82
12:28:04,83
12:28:19,83
12:28:34,84
12:28:49,84
12:28:54,84
12:28:59,82
12:29:09,83
12:29:14,82
12:29:21,82
12:29:26,83
12:29:31,84
12:29:36,86
12:29:51,87
12:29:56,88
12:30:01,89
12:30:11,88
12:30:21,87
12:30:26,86
12:30:36,87
12:30:46,84
12:30:51,83
12:30:56,84
12:31:01,85
12:31:11,86
12:31:16,87
12:31:31,88
12:31:46,88
12:31:56,87
12:32:06,88
12:32:21,87
12:32:26,86
12:32:36,87
12:32:41,86
12:32:46,87
12:32:51,86
12:32:56,86
12:33:01,85
12:33:16,85
12:33:31,86
12:33:36,89
12:33:41,88
12:33:46,87
12:34:01,87
12:34:16,88
12:34:31,88
12:34:36,83
12:34:41,79
12:34:51,78
12:35:01,79
12:35:06,78
12:35:11,77
12:35:16,76
12:35:21,75
12:35:31,76
12:35:36,73
12:35:46,74
12:35:56,75
12:36:06,77
12:36:16,76
12:36:21,75
12:36:36,77
12:36:46,76
12:36:51,76
12:37:06,76
12:37:11,77
12:37:16,76
12:37:21,74
12:37:26,72
12:37:31,75
12:37:36,78
12:37:51,77
12:37:56,75
12:38:06,76
12:38:11,77
12:38:21,79
12:38:26,76
12:38:41,76
12:38:51,78
12:38:56,79
12:39:01,78
12:39:06,76
12:39:11,75
12:39:21,71
12:39:26,73
12:39:31,75
12:39:36,77
12:39:41,78
12:39:46,79
12:39:52,75
12:39:57,71
12:40:02,61
12:40:17,61
12:40:22,63
12:40:27,64
12:40:37,65
12:40:42,66
12:40:47,69
12:40:52,70
12:40:57,69
12:41:02,68
12:41:07,67
12:41:12,66
12:41:22,64
12:41:37,64
12:41:42,65
12:41:47,63
12:41:52,62
12:41:57,61
12:42:02,62
12:42:07,64
12:42:12,63
12:42:27,63
12:42:32,62
12:42:38,61
12:42:48,63
12:42:53,64
12:43:03,63
12:43:13,65
12:43:18,67
12:43:23,68
12:43:28,70
12:43:33,68
12:43:43,67
12:43:48,66
12:43:53,67
12:43:58,69
12:44:03,71
12:44:08,72
12:44:13,73
12:44:18,72
12:44:23,70
12:44:28,62
12:44:33,58
12:44:38,58
12:44:43,59
12:44:58,59
12:45:08,60
12:45:13,62
12:45:18,64
12:45:23,64
12:45:28,63
12:45:38,64
12:45:53,63
12:46:03,60
12:46:18,59
12:46:23,60
12:46:38,60
12:46:48,62
12:46:53,64
12:46:58,66
12:47:03,68
12:47:08,69
12:47:23,69
12:47:28,71
12:47:38,73
12:47:43,75
12:47:48,77
12:47:53,78
12:48:03,73
12:48:08,64
12:48:13,59
12:48:23,60
12:48:28,61
12:48:33,62
12:48:48,63
12:48:58,64
12:49:03,66
12:49:08,67
12:49:23,67
12:49:28,66
12:49:38,67
12:49:48,68
12:49:53,70
12:50:08,71
12:50:23,72
12:50:38,72
12:50:43,71
12:50:48,72
12:50:53,74
12:50:58,76
12:51:03,77
12:51:08,75
12:51:13,72
12:51:23,70
12:51:33,71
12:51:38,72
12:51:48,73
12:51:58,72
12:52:03,73
12:52:08,74
12:52:13,73
12:52:18,71
12:52:33,71
12:52:38,71
12:52:43,70
12:52:48,71
12:52:53,72
12:52:58,74
12:53:03,75
12:53:13,77
12:53:18,78
12:53:23,77
12:53:33,78
12:53:43,77
12:53:58,75
12:54:13,75
12:54:23,76
12:54:33,72
12:54:38,70
12:54:48,69
12:54:53,70
12:54:58,72
12:55:08,73
12:55:18,75
12:55:23,77
12:55:28,78
12:55:33,79
12:55:38,78
12:55:43,79
12:55:58,79
12:56:03,79
12:56:18,79
12:56:23,78
12:56:28,79
12:56:33,77
12:56:43,78
12:56:53,79
12:57:03,80
12:57:08,81
12:57:18,79
12:57:28,80
12:57:38,82
12:57:48,80
12:57:53,78
12:57:58,76
12:58:03,80
12:58:08,85
12:58:18,86
12:58:28,87
12:58:43,87
12:58:53,86
12:58:58,85
12:59:08,84
12:59:18,83
12:59:23,84
12:59:28,85
12:59:33,86
12:59:39,85
12:59:54,83
12:59:59,82
13:00:04,83
13:00:09,85
13:00:14,86
13:00:29,88
13:00:34,87
13:00:44,88
13:00:49,89
13:00:54,88
13:00:59,87
13:01:09,88
13:01:24,87
13:01:34,88
13:01:39,87
13:01:44,86
13:01:54,85
13:01:59,86
13:02:04,87
13:02:14,86
13:02:19,87
13:02:24,86
13:02:34,86
13:02:39,85
13:02:49,84
13:02:54,85
13:02:59,86
13:03:04,87
13:03:19,87
13:03:29,86
13:03:34,84
13:03:49,81
13:03:54,80
13:03:59,78
13:04:14,78
13:04:19,76
13:04:29,78
13:04:34,79
13:04:44,78
13:04:54,77
13:04:59,78
13:05:04,79
13:05:14,78
13:05:24,79
13:05:29,78
13:05:34,75
13:05:39,72
13:05:44,71
13:05:49,70
13:05:54,71
13:05:59,76
13:06:04,77
13:06:09,79
13:06:14,79
13:06:19,82
13:06:24,84
13:06:29,85
13:06:34,86
13:06:39,87
13:06:44,86
13:06:54,87
13:07:04,88
13:07:14,89
13:07:19,90
13:07:24,91
13:07:29,92
13:07:34,90
13:07:44,91
13:07:49,90
13:07:54,89
13:07:59,88
13:08:09,87
13:08:19,85
13:08:24,84
13:08:29,83
13:08:34,82
13:08:39,80
13:08:49,81
13:08:54,82
13:08:59,83
13:09:04,85
13:09:09,86
13:09:14,88
13:09:19,87
13:09:24,86
13:09:29,86
13:09:34,84
13:09:49,83
13:09:54,81
13:09:59,80
13:10:04,81
13:10:14,82
13:10:19,83
13:10:34,83
13:10:44,82
13:10:49,83
13:10:54,84
13:11:04,85
13:11:14,84
13:11:19,82
13:11:24,82
13:11:29,81
13:11:34,79
13:11:39,78
13:11:44,78
13:11:49,77
13:11:54,76
13:12:01,77
13:12:06,79
13:12:11,81
13:12:16,82
13:12:31,84
13:12:36,85
13:12:41,86
13:12:46,88
13:13:01,88
13:13:11,87
13:13:21,89
13:13:36,88
13:13:41,86
13:13:46,83
13:14:01,83
13:14:11,84
13:14:16,86
13:14:31,86
13:14:36,87
13:14:41,88
13:14:46,89
13:14:51,88
13:14:56,85
13:15:01,85
13:15:06,86
13:15:16,85
13:15:22,85
13:15:27,84
13:15:37,85
13:15:42,87
13:15:47,88
13:15:52,86
13:15:57,84
13:16:02,83
13:16:07,84
13:16:22,84
13:16:27,84
13:16:37,85
13:16:47,86
13:16:57,87
13:17:02,89
13:17:07,90
13:17:22,89
13:17:32,88
13:17:37,89
13:17:42,88
13:17:47,85
13:17:52,84
13:17:57,85
13:18:02,84
13:18:12,86
13:18:17,86
13:18:22,88
13:18:27,91
13:18:32,91
13:18:42,92
13:18:47,91
13:18:52,89
13:18:57,86
13:19:02,87
13:19:12,88
13:19:27,88
13:19:32,89
13:19:47,89
13:19:57,92
13:20:02,93
13:20:12,92
13:20:17,93
13:20:27,94
13:20:32,95
13:20:42,92
13:20:47,90
13:20:57,91
13:21:02,91
13:21:07,92
13:21:12,93
13:21:17,92
13:21:22,91
13:21:27,90
13:21:32,89
13:21:37,89
13:21:52,90
13:22:02,91
13:22:12,93
13:22:17,94
13:22:27,95
13:22:37,99
13:22:42,99
13:22:47,100
13:22:52,101
13:23:02,100
13:23:07,105
13:23:12,102
13:23:17,97
13:23:32,99
13:23:37,95
13:23:42,92
13:23:47,92
13:23:52,90
13:23:57,92
13:24:02,85
13:24:07,84
13:24:12,89
13:24:17,91
13:24:27,93
13:24:32,94
13:24:37,96
13:24:42,97
13:24:52,96
13:24:57,97
13:25:02,96
13:25:07,94
13:25:12,92
13:25:17,90
13:25:22,89
13:25:27,90
13:25:32,92
13:25:37,94
13:25:42,95
13:25:47,98
13:25:52,102
13:25:57,100
13:26:07,103
13:26:12,105
13:26:17,106
13:26:22,107
13:26:37,107
13:26:42,106
13:26:47,103
13:26:52,102
13:27:02,95
13:27:07,87
13:27:12,85
13:27:17,89
13:27:22,90
13:27:32,91
13:27:37,94
13:27:42,95
13:27:47,91
13:27:52,89
13:27:57,90
13:28:12,89
13:28:17,87
13:28:22,84
13:28:37,84
13:28:47,86
13:28:57,89
13:29:02,92
13:29:12,91
13:29:22,93
13:29:27,95
13:29:37,96
13:29:47,97
13:30:02,97
13:30:12,99
13:30:27,99
13:30:37,96
13:30:42,92
13:30:52,92
13:30:57,85
13:31:02,80
13:31:07,76
13:31:17,72
13:31:22,69
13:31:27,71
13:31:32,72
13:31:37,71
13:31:42,73
13:31:47,72
13:31:52,71
13:31:57,70
13:32:02,69
13:32:07,70
13:32:17,69
13:32:27,70
13:32:32,71
13:32:37,72
13:32:47,76
13:32:57,75
13:33:07,79
13:33:12,81
13:33:22,77
13:33:27,74
13:33:37,75
13:33:52,75
13:33:57,76
13:34:02,82
13:34:07,86
13:34:13,86
13:34:18,82
13:34:23,81
13:34:33,82
13:34:38,79
13:34:43,79
13:34:48,78
13:34:58,79
13:35:03,82
13:35:08,80
13:35:13,72
13:35:18,68
13:35:23,70
13:35:28,71
13:35:38,72
13:35:48,71
13:35:53,71
13:35:58,72
13:36:08,72
13:36:13,75
13:36:18,78
13:36:23,80
13:36:28,79
13:36:33,77
13:36:38,73
13:36:43,72
13:36:48,68
13:36:53,68
13:37:08,69
13:37:13,71
13:37:28,72
13:37:33,73
13:37:48,70
13:37:53,70
13:38:03,71
13:38:13,70
13:38:18,69
13:38:23,67
13:38:28,66
13:38:33,69
13:38:43,71
13:38:48,72
13:38:53,73
13:38:58,74
13:39:03,75
13:39:18,78
13:39:23,80
13:39:33,78
13:39:38,79
13:39:43,80
13:39:48,82
13:39:53,85
13:39:58,84
13:40:03,87
13:40:08,91
13:40:13,92
13:40:18,94
13:40:23,95
13:40:28,96
13:40:43,97
13:40:48,98
13:40:53,99
13:41:03,100
13:41:18,100
13:41:28,99
13:41:33,98
13:41:38,97
13:41:43,99
13:41:48,85
13:41:53,85
13:41:58,88
13:42:03,90
13:42:08,87
13:42:13,85
13:42:18,81
13:42:23,79
13:42:38,79
13:42:43,75
13:42:48,66
13:42:53,65
13:42:58,62
13:43:03,61
13:43:08,63
13:43:13,66
13:43:18,66
13:43:28,67
13:43:33,68
13:43:38,69
13:43:43,68
13:43:48,71
13:43:53,72
13:44:03,73
13:44:08,72
13:44:13,70
13:44:18,70
13:44:23,68
13:44:28,65
13:44:33,63
13:44:48,64
13:44:53,65
13:44:58,68
13:45:03,71
13:45:08,73
13:45:13,75
13:45:18,76
13:45:23,75
13:45:28,74
13:45:33,73
13:45:38,72
13:45:48,74
13:45:58,73
13:46:03,75
13:46:08,76
13:46:13,75
13:46:18,76
13:46:28,72
13:46:33,71
13:46:38,72
13:46:48,71
13:46:53,69
13:46:58,68
13:47:03,67
13:47:08,66
13:47:18,67
13:47:23,68
13:47:28,69
13:47:33,70
13:47:38,69
13:47:43,68
13:47:48,66
13:47:58,67
13:48:03,66
13:48:18,65
13:48:23,65
13:48:28,65
13:48:33,66
13:48:43,67
13:48:48,69
13:48:58,70
13:49:13,70
13:49:18,68
13:49:28,67
13:49:33,66
13:49:48,66
13:49:58,65
13:50:13,65
13:50:18,66
13:50:23,67
13:50:38,67
13:50:48,69
13:50:53,68
13:51:08,68
13:51:13,66
13:51:28,66
13:51:33,65
13:51:48,65
13:51:49,65
13:52:04,65
13:52:09,66
13:52:24,66
13:52:39,66
13:52:54,66
13:53:09,67
13:53:14,66
13:53:19,65
13:53:24,64
13:53:29,65
13:53:44,66
13:53:59,65
13:54:04,66
13:54:09,71
13:54:14,76
13:54:19,78
13:54:24,79
13:54:29,77
13:54:34,77
13:54:44,79
13:54:49,79
13:54:59,78
13:55:09,79
13:55:24,80
13:55:29,81
13:55:39,79
13:55:44,76
13:55:49,71
13:55:54,70
13:55:59,71
13:56:04,72
13:56:09,71
13:56:14,70
13:56:19,67
13:56:24,65
13:56:29,64
13:56:34,63
13:56:39,64
13:56:49,65
13:56:59,66
13:57:04,68
13:57:19,67
13:57:24,68
13:57:29,69
13:57:34,70
13:57:44,69
13:57:49,67
13:57:54,66
13:57:59,65
13:58:14,65
13:58:29,65
13:58:34,66
13:58:39,67
13:58:44,68
13:58:49,68
13:58:59,69
13:59:04,71
13:59:14,69
13:59:19,66
13:59:29,67
13:59:34,70
13:59:49,69
13:59:54,68
14:00:09,68
14:00:24,69
14:00:39,69
14:00:44,70
14:00:54,69
14:01:09,70
14:01:19,73
14:01:24,77
14:01:39,77
14:01:49,78
14:01:54,77
14:02:04,76
14:02:09,73
14:02:14,72
14:02:19,68
14:02:29,67
14:02:34,66
14:02:39,66
14:02:44,66
14:02:59,66
14:03:04,68
14:03:19,69
14:03:24,68
14:03:29,68
14:03:39,67
14:03:44,66
14:03:59,66
14:04:14,66
14:04:19,68
14:04:24,67
14:04:39,67
14:04:54,68
14:05:09,68
14:05:19,67
14:05:34,67
14:05:44,68
14:05:49,69
14:05:59,68
14:06:04,67
14:06:14,66
14:06:29,66
14:06:34,64
14:06:39,65
14:06:45,64
14:06:55,65
14:07:05,66
14:07:10,65
14:07:15,64
14:07:30,64
14:07:35,65
14:07:50,65
14:08:00,66
14:08:15,67
14:08:25,66
14:08:35,67
14:08:50,67
14:09:05,70
14:09:15,69
14:09:25,71
14:09:30,72
14:09:35,73
14:09:40,75
14:09:50,76
14:10:05,75
14:10:10,73
14:10:20,87
14:10:25,90
14:10:30,89
14:10:35,90
14:10:40,90
14:10:55,89
14:11:00,88
14:11:05,86
14:11:10,85
14:11:15,86
14:11:20,87
14:11:30,86
14:11:35,85
14:11:40,89
14:11:45,92
14:11:50,85
14:11:55,82
14:12:00,81
14:12:05,82
14:12:10,84
14:12:15,83
14:12:20,80
14:12:25,78
14:12:35,76
14:12:40,75
14:12:50,74
14:12:55,72
14:13:05,73
14:13:10,76
14:13:15,79
14:13:20,78
14:13:25,75
14:13:30,76
14:13:35,76
14:13:40,78
14:13:45,78
14:13:50,76
14:13:55,75
14:14:00,78
14:14:05,80
14:14:10,82
14:14:15,85
14:14:20,80
14:14:25,78
14:14:30,82
14:14:35,85
14:14:40,88
14:14:45,90
14:14:50,91
14:14:55,92
14:15:05,91
14:15:10,86
14:15:15,82
14:15:20,83
14:15:30,84
14:15:35,85
14:15:40,86
14:15:45,89
14:15:50,89
14:15:55,88
14:16:00,91
14:16:05,91
14:16:10,90
14:16:25,89
14:16:30,90
14:16:40,91
14:16:50,90
14:17:00,89
14:17:15,90
14:17:20,89
14:17:25,90
14:17:40,92
14:17:50,96
14:17:55,98
14:18:10,97
14:18:15,96
14:18:20,94
14:18:25,93
14:18:30,90
14:18:35,89
14:18:40,84
14:18:45,82
14:18:55,80
14:19:00,80
14:19:10,78
14:19:15,76
14:19:30,83
14:19:35,88
14:19:50,89
14:19:55,90
14:20:00,82
14:20:05,81
14:20:10,82
14:20:15,79
14:20:20,77
14:20:30,75
14:20:35,69
14:20:40,66
14:20:45,67
14:21:00,72
14:21:05,84
14:21:10,81
14:21:15,78
14:21:20,74
14:21:25,73
14:21:35,69
14:21:45,70
14:21:50,69
14:21:55,70
14:22:00,80
14:22:05,85
14:22:10,85
14:22:15,89
14:22:20,86
14:22:25,84
14:22:30,82
14:22:35,80
14:22:40,86
14:22:45,89
14:22:50,100
14:22:55,97
14:23:00,67
14:23:05,61
14:23:15,64
14:23:20,69
14:23:25,75
14:23:30,74
14:23:35,78
14:23:40,84
14:23:45,86
14:23:50,91
14:24:05,91
14:24:11,97
14:24:16,102
14:24:26,98
14:24:31,94
14:24:36,83
14:24:41,69
14:24:46,72
14:24:51,74
14:24:56,75
14:25:01,80
14:25:06,88
14:25:16,88
14:25:21,90
14:25:26,91
14:25:36,94
14:25:41,100
14:25:46,102
14:25:51,103
14:25:56,90
14:26:01,71
14:26:06,69
14:26:11,68
14:26:21,67
14:26:26,64
14:26:31,63
14:26:36,64
14:26:51,64
14:27:01,65
14:27:06,66
14:27:11,68
14:27:26,69
14:27:31,70
14:27:41,66
14:27:51,67
14:28:01,65
14:28:06,65
14:28:11,64
14:28:21,65
14:28:26,66
14:28:31,67
14:28:41,66
14:28:46,65
14:28:51,63
14:28:56,60
14:29:01,59
14:29:11,60
14:29:16,61
14:29:21,60
14:29:26,59
14:29:31,59
14:29:36,58
14:29:41,59
14:29:46,60
14:29:51,61
14:29:56,62
14:30:11,62
14:30:16,63
14:30:21,65
14:30:26,62
14:30:41,63
14:30:46,64
14:30:51,65
14:31:01,66
14:31:06,68
14:31:11,69
14:31:26,71
14:31:31,73
14:31:36,72
14:31:41,68
14:31:46,67
14:31:51,66
14:31:56,65
14:32:01,64
14:32:11,64
14:32:21,63
14:32:26,64
14:32:36,64
14:32:41,62
14:32:46,61
14:32:51,62
14:32:56,63
14:33:01,64
14:33:06,65
14:33:11,66
14:33:16,67
14:33:21,68
14:33:26,67
14:33:31,67
14:33:36,65
14:33:46,66
14:33:51,67
14:34:01,65
14:34:06,62
14:34:16,61
14:34:21,60
14:34:26,59
14:34:36,60
14:34:41,62
14:34:46,62
14:34:56,61
14:35:01,61
14:35:16,60
14:35:21,59
14:35:36,60
14:35:41,60
14:35:46,61
14:36:01,61
14:36:06,62
14:36:21,63
14:36:26,62
14:36:41,62
14:36:46,61
14:37:01,61
14:37:11,60
14:37:26,60
14:37:31,61
14:37:46,60
14:37:51,59
14:38:01,60
14:38:06,61
14:38:21,60
14:38:26,59
14:38:36,58
14:38:51,59
14:38:56,60
14:39:06,61
14:39:16,60
14:39:21,59
14:39:36,59
14:39:42,59
14:39:47,60
14:40:02,59
14:40:17,59
14:40:32,60
14:40:47,59
14:41:02,59
14:41:17,60
14:41:22,59
14:41:27,60
14:41:37,59
14:41:52,59
14:42:07,59
14:42:22,59
14:42:27,58
14:42:37,57
14:42:42,57
14:42:57,57
14:43:02,58
14:43:17,58
14:43:32,57
14:43:37,58
14:43:42,58
14:43:52,59
14:43:57,61
14:44:12,60
14:44:27,60
14:44:32,61
14:44:47,61
14:44:52,60
14:44:57,58
14:45:02,58
14:45:17,57
14:45:32,58
14:45:42,59
14:45:47,60
14:45:52,61
14:45:57,62
14:46:12,63
14:46:22,64
14:46:27,65
14:46:32,63
14:46:37,62
14:46:42,61
14:46:47,60
14:46:52,59
14:47:02,60
14:47:17,60
14:47:27,61
14:47:32,59
14:47:37,60
14:47:52,58
14:48:07,59
14:48:12,60
14:48:17,61
14:48:22,62
14:48:27,61
14:48:37,60
14:48:42,60
14:48:47,61
14:48:52,62
14:49:02,61
14:49:12,60
14:49:17,59
14:49:22,58
14:49:27,59
14:49:37,64
14:49:42,70
14:49:47,71
14:49:52,72
14:49:57,71
14:50:02,69
14:50:12,82
14:50:17,84
14:50:22,82
14:50:27,80
14:50:32,76
14:50:47,75
14:50:52,74
14:50:57,63
14:51:02,58
14:51:07,57
14:51:22,58
14:51:32,59
14:51:42,59
14:51:52,58
14:52:07,57
14:52:17,58
14:52:32,58
14:52:47,59
14:52:52,58
14:53:07,58
14:53:22,58
14:53:37,58
14:53:42,59
14:53:52,58
14:54:02,57
14:54:07,56
14:54:22,57
14:54:32,58
14:54:47,58
14:55:02,59
14:55:07,60
14:55:12,61
14:55:17,60
14:55:22,61
14:55:27,61
14:55:32,60
14:55:47,60
14:56:02,60
14:56:12,59
14:56:17,57
14:56:22,57
14:56:27,58
14:56:37,59
14:56:52,59
14:57:07,61
14:57:12,62
14:57:17,64
14:57:22,64
14:57:27,65
14:57:37,62
14:57:42,60
14:57:47,59
14:57:57,60
14:58:07,59
14:58:17,58
14:58:22,57
14:58:27,56
14:58:32,57
14:58:42,58
14:58:47,60
14:58:52,61
14:58:58,63
14:59:03,66
14:59:08,70
14:59:13,76
14:59:18,75
14:59:23,75
14:59:28,76
14:59:33,71
14:59:38,70
14:59:43,74
14:59:48,82
14:59:53,83
14:59:58,85
15:00:03,93
15:00:08,93
15:00:13,90
15:00:18,87
15:00:23,88
15:00:28,90
15:00:33,89
15:00:38,70
15:00:43,59
15:00:48,58
15:00:53,57
15:01:03,58
15:01:08,62
15:01:18,58
15:01:28,59
15:01:38,60
15:01:48,60
15:01:53,60
15:02:08,59
15:02:13,58
15:02:18,61
15:02:23,67
15:02:28,71
15:02:33,81
15:02:38,87
15:02:43,85
15:02:48,81
15:02:53,77
15:02:58,73
15:03:03,70
15:03:18,70
15:03:23,68
15:03:28,68
15:03:38,71
15:03:43,80
15:03:48,95
15:03:53,99
15:03:58,100
15:04:03,97
15:04:08,98
15:04:13,93
15:04:18,77
15:04:23,62
15:04:28,59
15:04:33,58
15:04:43,59
15:04:48,57
15:04:53,57
15:04:58,56
15:05:13,56
15:05:28,56
15:05:38,55
15:05:48,56
15:05:53,55
15:06:03,54
15:06:18,55
15:06:23,53
15:06:28,52
15:06:33,52
15:06:38,52
15:06:48,52
15:06:53,52
15:07:08,52
15:07:18,53
15:07:28,52
15:07:33,53
15:07:38,53
15:07:43,52
15:07:48,53
15:07:53,53
15:07:58,54
15:08:03,54
15:08:13,53
15:08:28,52
15:08:38,53
15:08:43,52
15:08:53,56
15:08:58,55
15:09:08,54
15:09:13,53
15:09:18,52
15:09:28,53
15:09:38,52
15:09:43,51
15:09:48,51
15:09:58,52
15:10:08,52
15:10:13,53
15:10:18,52
15:10:23,51
15:10:28,50
15:10:33,50
15:10:38,51
15:10:43,52
15:10:58,52
15:11:03,51
15:11:18,51
15:11:28,52
15:11:38,53
15:11:43,52
15:11:58,52
15:12:13,51
15:12:23,50
15:12:38,50
15:12:43,52
15:12:48,53
15:12:58,52
15:13:13,52
15:13:28,51
15:13:38,51
15:13:48,52
15:13:53,55
15:14:08,54
15:14:18,53
15:14:28,52
15:14:33,53
15:14:38,56
15:14:43,55
15:14:48,54
15:14:53,52
15:14:58,51
15:15:03,50
15:15:18,50
15:15:23,51
15:15:33,53
15:15:43,52
15:15:48,51
15:15:53,50
15:16:08,50
15:16:13,52
15:16:18,53
15:16:23,54
15:16:28,53
15:16:33,52
15:16:43,53
15:16:58,53
15:17:04,56
15:17:09,57
15:17:24,56
15:17:29,54
15:17:34,54
15:17:39,55
15:17:44,55
15:17:54,54
15:17:59,54
15:18:04,53
15:18:14,52
15:18:29,53
15:18:34,53
15:18:39,54
15:18:44,55
15:18:54,54
15:18:59,52
15:19:09,55
15:19:14,57
15:19:19,55
15:19:34,55
15:19:49,55
15:19:59,53
15:20:09,53
15:20:19,52
15:20:29,53
15:20:39,53
15:20:44,53
15:20:49,52
15:21:04,52
15:21:14,53
15:21:29,52
15:21:44,52
15:21:59,52
15:22:14,53
15:22:29,54
15:22:39,52
15:22:44,51
15:22:54,52
15:23:04,53
15:23:19,55
15:23:34,55
15:23:44,56
15:23:49,57
15:23:54,59
15:23:59,60
15:24:09,62
15:24:14,64
15:24:29,64
15:24:34,65
15:24:39,66
15:24:44,68
15:24:49,67
15:24:59,69
15:25:04,69
15:25:14,66
15:25:19,63
15:25:24,65
15:25:29,67
15:25:44,67
15:25:49,66
15:25:54,65
15:26:09,66
15:26:14,67
15:26:29,67
15:26:34,66
15:26:44,70
15:26:49,74
15:26:54,74
15:27:09,74
15:27:14,75
15:27:19,74
15:27:24,73
15:27:39,70
15:27:54,68
15:27:59,66
15:28:04,67
15:28:14,65
15:28:24,64
15:28:29,65
15:28:39,66
15:28:44,66
15:28:49,67
15:28:54,68
15:28:59,69
15:29:14,70
15:29:19,69
15:29:24,68
15:29:34,67
15:29:39,68
15:29:44,69
15:29:54,70
15:29:59,72
15:30:09,73
15:30:19,74
15:30:24,71
15:30:29,69
15:30:44,71
15:30:49,73
15:30:59,72
15:31:04,71
15:31:19,72
15:31:24,71
15:31:29,70
15:31:34,72
15:31:39,71
15:31:44,73
15:31:54,74
15:32:00,76
15:32:05,77
15:32:10,78
15:32:15,77
15:32:20,78
15:32:25,77
15:32:30,74
15:32:35,72
15:32:40,74
15:32:55,80
15:33:00,82
15:33:10,81
15:33:20,82
15:33:25,84
15:33:30,85
15:33:35,84
15:33:40,80
15:33:45,79
15:33:55,79
15:34:00,80
15:34:05,81
15:34:10,80
15:34:15,78
15:34:20,76
15:34:25,75
15:34:35,74
15:34:45,72
15:34:50,70
15:34:55,69
15:35:00,67
15:35:10,66
15:35:15,62
15:35:20,57
15:35:25,56
15:35:30,57
15:35:35,58
15:35:40,59
15:35:45,61
15:35:50,58
15:35:55,56
15:36:00,55
15:36:05,54
15:36:15,54
15:36:20,54
15:36:25,52
15:36:30,52
15:36:35,51
15:36:50,52
15:37:00,51
15:37:15,51
15:37:20,53
15:37:25,54
15:37:30,53
15:37:35,52
15:37:40,52
15:37:55,53
15:38:00,53
15:38:05,52
15:38:10,51
15:38:15,50
15:38:25,51
15:38:40,52
15:38:45,53
15:38:55,54
15:39:00,55
15:39:15,55
15:39:20,54
15:39:25,53
15:39:30,52
15:39:45,52
15:40:00,52
15:40:10,53
15:40:15,52
15:40:20,51
15:40:25,50
15:40:40,51
15:40:45,51
15:40:55,52
15:41:00,53
15:41:10,52
15:41:20,53
15:41:25,53
15:41:35,53
15:41:45,52
15:41:55,51
15:42:05,52
15:42:10,51
15:42:25,51
15:42:35,52
15:42:40,52
15:42:45,51
15:42:50,51
15:43:05,52
15:43:20,53
15:43:30,52
15:43:40,52
15:43:55,52
15:44:00,53
15:44:05,54
15:44:10,53
15:44:15,52
15:44:25,51
15:44:35,52
15:44:40,52
15:44:45,54
15:44:50,55
15:44:55,56
15:45:00,55
15:45:05,55
15:45:10,56
15:45:15,55
15:45:20,54
15:45:30,53
15:45:35,52
15:45:50,53
15:45:55,54
15:46:00,55
15:46:10,55
15:46:25,55
15:46:30,53
15:46:35,52
15:46:45,53
15:46:50,52
15:46:55,52
15:47:00,52
15:47:10,51
15:47:20,53
15:47:35,54
15:47:40,53
15:47:45,54
15:47:50,55
15:48:00,57
15:48:05,58
15:48:20,58
15:48:35,58
15:48:36,57
15:48:41,55
15:48:46,53
15:49:01,53
15:49:16,54
15:49:31,54
15:49:41,54
15:49:51,56
15:49:56,57
15:50:06,56
15:50:11,55
15:50:26,55
15:50:36,56
15:50:41,57
15:50:51,56
15:51:06,56
15:51:21,57
15:51:26,58
15:51:36,57
15:51:46,56
15:52:01,56
15:52:16,56
15:52:21,57
15:52:26,58
15:52:31,59
15:52:36,60
15:52:41,61
15:52:46,58
15:53:01,57
15:53:11,58
15:53:16,59
15:53:31,57
15:53:36,54
15:53:41,56
15:53:46,60
15:53:51,60
15:53:56,58
15:54:01,57
15:54:06,56
15:54:11,57
15:54:16,58
15:54:21,59
15:54:36,59
15:54:51,58
15:55:06,58
15:55:16,59
15:55:21,71
15:55:26,74
15:55:31,74
15:55:36,73
15:55:41,72
15:55:46,70
15:55:51,68
15:55:56,66
15:56:01,63
15:56:06,62
15:56:21,62
15:56:36,62
15:56:41,61
15:56:51,62
15:56:56,63
15:57:01,62
15:57:06,61
15:57:16,61
15:57:31,62
15:57:41,60
15:57:46,59
15:58:01,60
15:58:16,59
15:58:21,58
15:58:26,57
15:58:41,57
15:58:56,58
15:59:01,57
15:59:16,57
15:59:21,57
15:59:36,57
15:59:51,56
16:00:06,57
16:00:11,58
16:00:26,58
16:00:36,59
16:00:46,60
16:00:51,59
16:00:56,60
16:01:01,61
16:01:06,62
16:01:11,63
16:01:16,59
16:01:21,58
16:01:26,60
16:01:31,59
16:01:36,59
16:01:46,58
16:02:01,59
16:02:16,58
16:02:21,56
16:02:31,58
16:02:46,58
16:02:51,59
16:03:01,58
16:03:11,57
16:03:16,56
16:03:21,56
16:03:31,57
16:03:41,56
16:03:46,57
16:03:51,58
16:04:01,59
16:04:06,60
16:04:11,61
16:04:16,60
16:04:21,61
16:04:26,62
16:04:31,60
16:04:41,59
16:04:46,60
16:04:56,60
16:05:11,61
16:05:21,60
16:05:26,59
16:05:31,60
16:05:36,59
16:05:46,58
16:05:51,57
16:06:06,57
16:06:21,58
16:06:31,59
16:06:41,58
16:06:56,58
16:07:06,59
16:07:21,59
16:07:22,59
16:07:37,59
16:07:52,59
16:08:02,60
16:08:12,59
16:08:27,59
16:08:42,59
16:08:57,59
16:09:02,59
16:09:17,60
16:09:22,60
16:09:27,59
16:09:42,59
16:09:57,59
16:10:12,59
16:10:17,59
16:10:22,59
16:10:27,59
16:10:37,59
16:10:47,60
16:10:52,60
16:11:02,61
16:11:17,61
16:11:32,63
16:11:37,62
16:11:42,61
16:11:47,59
16:11:52,59
16:12:07,60
16:12:12,61
16:12:27,60
16:12:37,60
16:12:42,60
16:12:57,58
16:13:02,58
16:13:07,58
16:13:17,58
16:13:27,59
16:13:32,60
16:13:37,61
16:13:42,61
16:13:47,59
16:13:52,57
16:13:57,58
16:14:02,59
16:14:07,59
16:14:12,59
16:14:22,59
16:14:32,58
16:14:42,59
16:14:47,60
16:14:57,59
16:15:12,59
16:15:27,60
16:15:32,58
16:15:47,58
16:15:57,58
16:16:02,59
16:16:17,59
16:16:32,58
16:16:47,59
16:16:52,60
16:16:57,61
16:17:07,62
16:17:22,61
16:17:37,62
16:17:42,61
16:17:47,60
16:17:57,59
16:18:07,58
16:18:22,59
16:18:27,60
16:18:32,59
16:18:47,59
16:18:52,60
16:18:57,60
16:19:02,59
16:19:12,58
16:19:27,59
16:19:42,59
16:19:57,61
16:20:02,60
16:20:07,58
16:20:12,57
16:20:17,58
16:20:22,59
16:20:32,60
16:20:37,63
16:20:42,71
16:20:57,70
16:21:07,68
16:21:12,67
16:21:22,66
16:21:27,66
16:21:32,65
16:21:37,64
16:21:52,64
16:22:07,64
16:22:22,64
16:22:27,63
16:22:32,62
16:22:37,62
16:22:42,59
16:22:57,59
16:23:12,59
16:23:22,58
16:23:37,58
16:23:38,59
16:23:48,58
16:24:03,58
16:24:18,58
16:24:28,59
16:24:33,58
16:24:48,59
16:24:53,60
16:24:58,61
16:25:13,61
16:25:28,59
16:25:43,61
16:25:53,59
16:26:03,60
16:26:18,59
16:26:23,58
16:26:38,58
16:26:43,58
16:26:53,59
16:26:58,59
16:27:08,60
16:27:13,63
16:27:18,64
16:27:23,65
16:27:33,66
16:27:38,67
16:27:43,68
16:27:48,70
16:27:53,72
16:27:58,65
16:28:03,60
16:28:08,59
16:28:13,58
16:28:28,60
16:28:33,61
16:28:38,60
16:28:43,59
16:28:58,58
16:29:03,58
16:29:08,59
16:29:18,58
16:29:23,58
16:29:28,59
16:29:33,58
16:29:38,57
16:29:53,56
16:30:08,57
16:30:13,58
16:30:18,58
16:30:23,59
16:30:28,60
16:30:33,61
16:30:38,61
16:30:48,60
16:30:53,61
16:31:08,61
16:31:13,63
16:31:18,59
16:31:23,59
16:31:28,58
16:31:43,59
16:31:48,60
16:31:53,62
16:32:03,62
16:32:13,63
16:32:18,63
16:32:28,63
16:32:33,64
16:32:38,62
16:32:48,62
16:33:03,62
16:33:08,61
16:33:13,60
16:33:18,58
16:33:23,57
16:33:33,56
16:33:38,56
16:33:43,57
16:33:48,57
16:34:03,56
16:34:18,56
16:34:23,57
16:34:33,56
16:34:38,54
16:34:53,55
16:34:58,56
16:35:03,61
16:35:08,60
16:35:18,61
16:35:23,62
16:35:28,63
16:35:43,63
16:35:48,64
16:35:58,63
16:36:03,61
16:36:18,61
16:36:33,63
16:36:48,64
16:36:53,66
16:36:58,67
16:37:08,68
16:37:18,69
16:37:23,70
16:37:28,59
16:37:33,58
16:37:38,58
16:37:43,58
16:37:48,58
16:38:03,57
16:38:18,57
16:38:33,56
16:38:48,55
16:39:03,55
16:39:08,54
16:39:18,55
16:39:23,54
16:39:38,54
16:39:53,54
16:40:03,54
16:40:08,54
16:40:23,54
16:40:38,54
16:40:43,56
16:40:48,55
16:40:58,56
16:41:13,56
16:41:23,56
16:41:28,57
16:41:33,63
16:41:38,62
16:41:43,60
16:41:48,59
16:41:54,58
16:41:59,58
16:42:04,57
16:42:14,58
16:42:29,58
16:42:34,57
16:42:39,55
16:42:44,55
16:42:49,56
16:43:04,57
16:43:14,58
16:43:19,58
16:43:24,58
16:43:34,59
16:43:44,60
16:43:49,58
16:43:54,56
16:44:04,57
16:44:09,56
16:44:19,56
16:44:24,56
16:44:39,56
16:44:49,58
16:44:54,60
16:44:59,62
16:45:04,64
16:45:09,65
16:45:14,66
16:45:24,67
16:45:29,66
16:45:34,65
16:45:39,67
16:45:49,66
16:45:54,59
16:46:09,59
16:46:14,60
16:46:24,61
16:46:29,60
16:46:44,60
16:46:49,61
16:46:54,60
16:46:59,61
16:47:04,59
16:47:09,58
16:47:14,59
16:47:19,58
16:47:24,58
16:47:29,59
16:47:44,61
16:47:49,62
16:47:59,57
16:48:14,57
16:48:19,57
16:48:24,57
16:48:29,56
16:48:34,56
16:48:39,55
16:48:49,56
16:48:59,57
16:49:14,56
16:49:24,57
16:49:29,59
16:49:44,59
16:49:59,58
16:50:04,58
16:50:09,58
16:50:14,57
16:50:19,57
16:50:34,57
16:50:39,58
16:50:44,59
16:50:59,59
16:51:04,58
16:51:14,59
16:51:24,60
16:51:34,61
16:51:39,62
16:51:44,63
16:51:59,62
16:52:09,63
16:52:24,63
16:52:29,64
16:52:39,61
16:52:44,60
16:52:49,60
16:52:59,59
16:53:09,59
16:53:24,59
16:53:29,58
16:53:34,57
16:53:49,57
16:54:04,57
16:54:09,58
16:54:14,57
16:54:19,58
16:54:24,59
16:54:29,57
16:54:34,55
16:54:44,56
16:54:49,56
16:54:54,57
16:55:09,57
16:55:14,56
16:55:19,55
16:55:34,55
16:55:39,56
16:55:44,57
16:55:49,56
16:55:54,55
16:55:59,54
16:56:09,55
16:56:19,56
16:56:29,56
16:56:34,58
16:56:49,58
16:56:59,59
16:57:09,60
16:57:19,61
16:57:29,60
16:57:44,60
16:57:49,63
16:57:54,65
16:57:59,66
16:58:04,69
16:58:09,70
16:58:14,71
16:58:24,71
16:58:29,71
16:58:44,71
16:58:49,67
16:58:54,66
16:58:59,64
16:59:09,65
16:59:15,66
16:59:20,68
16:59:25,68
16:59:40,68
16:59:45,67
17:00:00,68
17:00:05,67
17:00:10,65
17:00:20,64
17:00:25,61
17:00:30,62
17:00:35,63
17:00:40,61
17:00:55,63
17:01:05,64
17:01:15,66
17:01:20,65
17:01:30,66
17:01:35,67
17:01:40,74
17:01:45,78
17:01:50,80
17:01:55,83
17:02:05,82
17:02:10,81
17:02:15,79
17:02:20,77
17:02:25,77
17:02:30,76
17:02:40,77
17:02:45,75
17:02:55,74
17:03:00,73
17:03:05,72
17:03:10,73
17:03:15,72
17:03:20,71
17:03:25,70
17:03:35,69
17:03:45,70
17:03:50,72
17:04:00,74
17:04:05,72
17:04:10,73
17:04:15,75
17:04:20,76
17:04:25,77
17:04:30,78
17:04:35,79
17:04:40,80
17:04:45,81
17:04:55,80
17:05:00,78
17:05:05,76
17:05:10,74
17:05:15,72
17:05:20,71
17:05:25,70
17:05:40,70
17:05:45,72
17:05:55,71
17:06:05,72
17:06:10,73
17:06:15,74
17:06:20,76
17:06:25,77
17:06:30,75
17:06:35,73
17:06:50,68
17:06:55,66
17:07:10,66
17:07:25,66
17:07:35,67
17:07:40,67
17:07:45,67
17:07:50,69
17:07:55,70
17:08:05,71
17:08:15,72
17:08:20,71
17:08:25,70
17:08:30,71
17:08:35,72
17:08:40,73
17:08:50,72
17:08:55,71
17:09:00,72
17:09:05,73
17:09:10,74
17:09:20,73
17:09:35,73
17:09:40,74
17:09:45,75
17:09:55,76
17:10:10,77
17:10:15,78
17:10:30,78
17:10:35,77
17:10:40,76
17:10:45,75
17:10:55,76
17:11:05,77
17:11:10,76
17:11:15,75
17:11:30,74
17:11:35,69
17:11:40,68
17:11:45,69
17:11:50,70
17:12:05,70
17:12:10,68
17:12:15,67
17:12:25,68
17:12:30,69
17:12:35,71
17:12:50,71
17:12:55,72
17:13:00,73
17:13:15,72
17:13:20,74
17:13:25,72
17:13:30,69
17:13:45,69
17:13:55,68
17:14:10,68
17:14:25,70
17:14:30,71
17:14:35,72
17:14:40,77
17:14:45,81
17:14:50,82
17:14:55,81
17:15:10,81
17:15:11,81
17:15:21,82
17:15:26,83
17:15:41,83
17:15:46,84
17:15:51,84
17:15:56,84
17:16:01,80
17:16:06,76
17:16:11,75
17:16:26,75
17:16:31,76
17:16:36,75
17:16:41,74
17:16:46,75
17:16:56,74
17:17:11,74
17:17:16,67
17:17:21,64
17:17:26,63
17:17:41,65
17:17:46,66
17:17:51,67
17:18:01,68
17:18:16,68
17:18:26,66
17:18:31,64
17:18:36,64
17:18:41,65
17:18:56,65
17:19:01,66
17:19:06,66
17:19:11,68
17:19:26,69
17:19:31,70
17:19:36,72
17:19:41,73
17:19:56,74
17:20:01,75
17:20:06,79
17:20:11,80
17:20:16,82
17:20:21,83
17:20:26,82
17:20:31,80
17:20:36,79
17:20:51,80
17:20:56,81
17:21:01,80
17:21:06,81
17:21:21,77
17:21:26,74
17:21:36,76
17:21:41,76
17:21:46,76
17:21:51,77
17:22:06,77
17:22:16,78
17:22:21,76
17:22:26,77
17:22:31,78
17:22:41,79
17:22:56,78
17:23:01,76
17:23:11,77
17:23:21,78
17:23:26,81
17:23:31,82
17:23:36,83
17:23:41,84
17:23:46,83
17:24:01,90
17:24:06,92
17:24:11,89
17:24:16,82
17:24:21,77
17:24:26,74
17:24:31,73
17:24:36,71
17:24:41,68
17:24:46,68
17:24:51,68
17:24:56,69
17:25:06,70
17:25:11,71
17:25:16,72
17:25:21,74
17:25:26,77
17:25:31,61
17:25:36,56
17:25:41,55
17:25:56,56
17:26:06,56
17:26:16,57
17:26:31,57
17:26:36,58
17:26:46,59
17:26:51,62
17:26:56,63
17:27:01,65
17:27:11,63
17:27:16,60
17:27:21,59
17:27:26,59
17:27:36,60
17:27:41,61
17:27:51,61
17:27:56,61
17:28:06,62
17:28:11,63
17:28:26,63
17:28:31,62
17:28:36,60
17:28:41,59
17:28:56,60
17:29:11,60
17:29:21,61
17:29:36,61
17:29:41,60
17:29:46,62
17:30:01,61
17:30:06,61
17:30:21,61
17:30:31,63
17:30:46,63
17:30:51,64
17:30:56,66
17:31:01,68
17:31:06,66
17:31:11,62
17:31:16,61
17:31:21,60
17:31:26,61
17:31:36,63
17:31:42,64
17:31:52,65
17:32:02,66
17:32:07,67
17:32:12,68
17:32:17,67
17:32:32,65
17:32:37,63
17:32:52,64
17:33:02,65
17:33:12,65
17:33:17,66
17:33:22,67
17:33:27,69
17:33:32,70
17:33:42,69
17:33:52,71
17:33:57,72
17:34:12,72
17:34:17,73
17:34:27,72
17:34:32,70
17:34:42,69
17:34:47,65
17:34:52,64
17:34:57,67
17:35:02,69
17:35:07,68
17:35:12,66
17:35:17,64
17:35:22,62
17:35:32,63
17:35:37,64
17:35:47,63
17:36:02,63
17:36:07,62
17:36:17,60
17:36:32,59
17:36:37,58
17:36:42,57
17:36:47,60
17:36:52,61
17:37:07,61
17:37:17,62
17:37:22,63
17:37:27,64
17:37:37,66
17:37:42,67
17:37:47,70
17:37:52,71
17:38:07,70
17:38:17,69
17:38:22,67
17:38:32,65
17:38:37,63
17:38:52,63
17:39:02,64
17:39:17,64
17:39:22,66
17:39:32,67
17:39:37,74
17:39:42,79
17:39:52,74
17:39:57,66
17:40:02,63
17:40:07,65
17:40:12,64
17:40:17,66
17:40:22,66
17:40:27,65
17:40:32,64
17:40:37,66
17:40:47,65
17:40:52,64
17:41:07,65
17:41:17,66
17:41:22,67
17:41:32,68
17:41:37,69
17:41:42,70
17:41:52,72
17:41:57,71
17:42:02,69
17:42:07,68
17:42:17,69
17:42:32,71
17:42:37,69
17:42:42,63
17:42:47,63
17:42:52,63
17:43:07,62
17:43:12,62
17:43:22,63
17:43:27,64
17:43:32,66
17:43:37,67
17:43:47,68
17:43:52,67
17:43:57,65
17:44:02,64
17:44:07,63
17:44:12,64
17:44:27,65
17:44:32,67
17:44:42,66
17:44:52,65
17:45:07,64
17:45:17,66
17:45:22,66
17:45:27,72
17:45:32,75
17:45:37,72
17:45:42,67
17:45:47,66
17:45:52,64
17:45:57,65
17:46:02,64
17:46:12,64
17:46:27,64
17:46:42,65
17:46:47,64
17:46:52,65
17:47:07,65
17:47:12,64
17:47:17,60
17:47:32,60
17:47:37,61
17:47:42,61
17:47:57,61
17:48:02,62
17:48:17,64
17:48:22,66
17:48:32,67
17:48:37,68
17:48:52,68
17:48:53,68
17:48:58,67
17:49:13,70
17:49:28,69
17:49:38,70
17:49:53,70
17:50:03,71
17:50:13,72
17:50:18,68
17:50:23,64
17:50:28,62
17:50:33,59
17:50:48,59
17:50:53,60
17:50:58,61
17:51:13,61
17:51:18,62
17:51:23,63
17:51:28,64
17:51:33,65
17:51:38,66
17:51:43,65
17:51:48,64
17:51:58,62
17:52:03,60
17:52:08,60
17:52:23,60
17:52:28,61
17:52:33,60
17:52:38,59
17:52:48,60
17:53:03,61
17:53:13,62
17:53:18,63
17:53:23,62
17:53:28,60
17:53:38,61
17:53:48,62
17:53:53,61
17:54:08,61
17:54:23,60
17:54:33,61
17:54:38,62
17:54:43,63
17:54:48,64
17:54:53,63
17:54:58,62
17:55:03,61
17:55:18,62
17:55:23,63
17:55:28,65
17:55:33,65
17:55:38,67
17:55:43,69
17:55:48,70
17:55:58,71
17:56:03,73
17:56:08,74
17:56:13,73
17:56:28,73
17:56:33,72
17:56:38,70
17:56:43,68
17:56:53,69
17:56:58,68
17:57:03,68
17:57:08,69
17:57:18,68
17:57:28,69
17:57:33,70
17:57:43,70
17:57:58,69
17:58:13,69
17:58:18,69
17:58:23,68
17:58:28,70
17:58:38,71
17:58:43,72
17:58:48,66
17:58:58,67
17:59:03,69
17:59:08,68
17:59:13,69
17:59:18,70
17:59:23,71
17:59:33,70
17:59:48,72
17:59:53,71
17:59:58,70
18:00:03,71
18:00:08,72
18:00:18,71
18:00:23,72
18:00:28,74
18:00:33,79
18:00:38,80
18:00:43,72
18:00:48,67
18:00:53,63
18:01:08,62
18:01:23,63
18:01:28,64
18:01:33,65
18:01:38,63
18:01:53,62
18:01:58,61
18:02:03,60
18:02:13,61
18:02:18,62
18:02:23,64
18:02:28,65
18:02:33,67
18:02:38,70
18:02:43,71
18:02:48,70
18:02:53,68
18:02:58,69
18:03:08,70
18:03:13,69
18:03:18,70
18:03:28,68
18:03:33,67
18:03:38,60
18:03:43,58
18:03:48,59
18:03:58,58
18:04:13,58
18:04:18,57
18:04:33,57
18:04:48,58
18:05:03,58
18:05:08,59
18:05:18,58
18:05:24,58
18:05:29,59
18:05:34,61
18:05:39,59
18:05:54,59
18:05:59,60
18:06:04,62
18:06:19,60
18:06:29,60
18:06:34,61
18:06:39,59
18:06:54,59
18:06:59,58
18:07:04,57
18:07:09,55
18:07:14,54
18:07:29,55
18:07:34,56
18:07:39,57
18:07:44,58
18:07:49,58
18:07:59,59
18:08:04,59
18:08:09,59
18:08:24,59
18:08:39,59
18:08:44,60
18:08:49,59
18:08:59,58
18:09:04,59
18:09:09,60
18:09:14,59
18:09:19,60
18:09:24,59
18:09:39,58
18:09:54,58
18:10:04,59
18:10:09,59
18:10:24,59
18:10:34,60
18:10:39,61
18:10:44,60
18:10:49,59
18:10:59,60
18:11:14,60
18:11:24,59
18:11:39,59
18:11:49,60
18:11:54,59
18:11:59,58
18:12:09,59
18:12:14,63
18:12:24,62
18:12:39,62
18:12:44,63
18:12:59,63
18:13:09,64
18:13:19,65
18:13:34,65
18:13:39,72
18:13:44,73
18:13:49,72
18:13:59,71
18:14:09,70
18:14:14,69
18:14:19,68
18:14:24,67
18:14:34,68
18:14:39,69
18:14:44,70
18:14:49,71
18:14:54,70
18:14:59,69
18:15:04,70
18:15:09,71
18:15:14,73
18:15:19,76
18:15:24,75
18:15:29,70
18:15:34,67
18:15:40,64
18:15:45,66
18:15:50,65
18:15:55,65
18:16:05,65
18:16:15,64
18:16:20,65
18:16:30,68
18:16:35,70
18:16:40,67
18:16:45,64
18:16:50,62
18:17:05,63
18:17:20,64
18:17:35,65
18:17:50,65
18:18:00,66
18:18:10,67
18:18:15,68
18:18:20,69
18:18:25,71
18:18:30,73
18:18:35,75
18:18:40,76
18:18:45,77
18:18:50,76
18:19:00,76
18:19:05,76
18:19:10,74
18:19:15,73
18:19:20,81
18:19:25,82
18:19:30,82
18:19:35,81
18:19:40,78
18:19:45,76
18:19:50,74
18:19:55,72
18:20:00,71
18:20:15,67
18:20:30,68
18:20:40,69
18:20:45,68
18:20:50,59
18:21:05,59
18:21:10,60
18:21:15,64
18:21:20,70
18:21:35,71
18:21:40,70
18:21:45,71
18:21:50,67
18:21:55,60
18:22:00,59
18:22:15,59
18:22:20,60
18:22:25,59
18:22:35,60
18:22:50,60
18:23:00,61
18:23:05,63
18:23:10,64
18:23:15,62
18:23:20,61
18:23:25,61
18:23:30,60
18:23:35,61
18:23:40,62
18:23:45,62
18:24:00,62
18:24:05,63
18:24:10,62
18:24:15,61
18:24:20,60
18:24:25,59
18:24:30,61
18:24:35,62
18:24:45,63
18:24:50,64
18:24:56,66
18:25:06,67
18:25:11,68
18:25:16,67
18:25:21,65
18:25:36,66
18:25:41,66
18:25:46,67
18:25:51,68
18:25:56,70
18:26:06,70
18:26:11,71
18:26:21,70
18:26:26,71
18:26:41,72
18:26:56,71
18:27:06,69
18:27:11,68
18:27:16,69
18:27:21,70
18:27:26,71
18:27:41,71
18:27:46,72
18:27:51,74
18:28:06,75
18:28:11,77
18:28:16,76
18:28:21,74
18:28:26,72
18:28:31,73
18:28:36,75
18:28:46,74
18:28:51,72
18:28:56,71
18:29:01,69
18:29:06,68
18:29:16,67
18:29:21,66
18:29:26,65
18:29:31,63
18:29:36,64
18:29:41,63
18:29:46,60
18:29:51,61
18:29:56,62
18:30:01,61
18:30:06,60
18:30:11,59
18:30:21,58
18:30:31,58
18:30:36,59
18:30:41,58
18:30:51,59
18:31:01,58
18:31:06,58
18:31:16,59
18:31:21,61
18:31:36,61
18:31:41,60
18:31:46,59
18:31:51,59
18:31:56,59
18:32:06,58
18:32:11,59
18:32:16,61
18:32:21,59
18:32:36,58
18:32:46,58
18:32:51,58
18:32:56,59
18:33:01,58
18:33:11,59
18:33:16,60
18:33:21,61
18:33:31,60
18:33:36,59
18:33:51,59
18:34:01,60
18:34:06,63
18:34:16,62
18:34:21,60
18:34:26,59
18:34:36,60
18:34:41,61
18:34:46,63
18:34:51,62
18:34:56,61
18:35:11,60
18:35:16,59
18:35:26,60
18:35:31,60
18:35:46,62
18:35:51,61
18:35:56,64
18:36:01,62
18:36:06,60
18:36:11,59
18:36:16,58
18:36:21,58
18:36:26,59
18:36:31,59
18:36:46,58
18:36:56,57
18:37:06,58
18:37:11,58
18:37:21,59
18:37:31,58
18:37:36,57
18:37:41,57
18:37:56,60
18:38:01,61
18:38:11,59
18:38:26,59
18:38:31,59
18:38:36,60
18:38:51,60
18:38:56,60
18:39:11,60
18:41:12,63
18:41:27,63
18:41:32,62
18:41:37,61
18:41:42,60
18:41:57,60
18:42:07,59
18:42:12,59
18:42:27,59
18:42:32,58
18:42:37,55
18:42:52,56
18:42:57,57
18:43:02,58
18:43:17,58
18:43:32,58
18:43:42,57
18:43:57,57
18:44:12,56
18:45:09,56
18:45:24,56
18:45:34,56
18:45:39,57
18:45:44,57
18:45:59,57
18:46:09,56
18:46:14,56
18:46:19,57
18:46:34,56
18:46:49,57
18:46:54,58
18:47:04,58
18:47:14,58
18:47:24,58
18:47:34,57
18:47:44,57
18:47:59,58
18:48:09,59
18:48:14,60
18:48:24,59
18:48:29,60
18:48:39,61
18:48:44,60
18:48:49,59
18:48:59,58
18:49:04,60
18:49:09,59
18:49:14,58
18:49:19,57
18:49:24,56
18:49:29,55
18:49:39,56
18:49:49,57
18:49:54,58
18:50:09,58
18:50:14,57
18:50:24,57
18:50:39,58
18:50:49,59
18:50:54,60
18:50:59,61
18:51:04,65
18:51:09,66
18:51:24,67
18:51:39,68
18:51:49,67
18:51:54,66
18:52:09,67
18:52:14,68
18:52:19,68
18:52:34,68
18:52:44,66
18:52:49,65
18:52:54,61
18:53:06,59
18:53:21,59
18:53:36,59
18:53:41,60
18:53:56,61
18:54:11,61
18:54:26,63
18:54:41,63
18:54:46,62
18:55:01,63
18:55:06,64
18:55:16,63
18:55:26,61
18:55:31,60
18:55:46,60
18:55:56,61
18:56:01,62
18:56:06,63
18:56:11,64
18:56:16,65
18:56:21,66
18:56:26,65
18:56:36,63
18:56:41,62
18:56:46,62
18:57:01,62
18:57:16,61
18:57:21,61
18:57:26,63
18:57:31,64
18:57:41,65
18:57:46,65
18:57:51,66
18:57:56,67
18:58:06,68
18:58:11,67
18:58:21,66
18:58:26,65
18:58:31,64
18:58:36,64
18:58:41,61
18:58:46,62
18:58:51,62
18:58:56,60
18:59:01,61
18:59:06,62
18:59:21,62
18:59:26,63
18:59:36,62
18:59:41,63
18:59:46,65
18:59:51,66
19:00:01,68
19:00:06,69
19:00:11,69
19:00:26,70
19:00:31,71
19:00:36,72
19:00:41,73
19:00:56,74
19:01:01,75
19:01:06,75
19:01:16,75
19:01:21,74
19:01:31,74
19:01:36,74
19:01:41,73
19:01:46,74
19:01:51,75
19:01:56,76
19:02:01,75
19:02:06,67
19:02:21,67
19:02:26,68
19:02:36,69
19:02:51,70
19:02:56,74
19:03:01,75
19:03:06,76
19:03:21,76
19:03:26,77
19:03:31,72
19:03:36,66
19:03:41,63
19:03:46,64
19:04:01,66
19:04:06,67
19:04:16,68
19:04:26,69
19:04:36,70
19:04:41,63
19:04:46,57
19:04:51,57
19:05:01,58
19:05:06,59
19:05:11,59
19:05:21,58
19:05:26,57
19:05:31,56
19:05:41,57
19:05:46,58
19:05:51,59
19:05:56,61
19:06:11,60
19:06:16,58
19:06:26,59
19:06:31,60
19:06:41,61
19:06:46,61
19:06:51,60
19:07:01,59
19:07:06,59
19:07:16,60
19:07:21,61
19:07:26,63
19:07:36,62
19:07:46,63
19:07:51,62
19:07:56,60
19:08:01,59
19:08:11,57
19:08:21,59
19:08:26,61
19:08:31,62
19:08:36,63
19:08:46,64
19:08:56,62
19:09:01,64
19:09:11,65
19:09:21,63
19:09:26,62
19:09:31,61
19:09:41,62
19:09:56,62
19:10:06,63
19:10:12,64
19:10:17,67
19:10:22,77
19:10:37,77
19:10:52,77
19:11:07,77
19:11:12,76
19:11:17,75
19:11:22,74
19:11:27,73
19:11:32,72
19:11:37,71
19:11:42,72
19:11:47,73
19:11:52,71
19:12:02,70
19:12:07,69
19:12:22,70
19:12:27,71
19:12:37,72
19:12:42,73
19:12:47,72
19:13:02,72
19:13:12,73
19:13:17,74
19:13:22,75
19:13:27,75
19:13:32,74
19:13:37,66
19:13:42,65
19:13:57,63
19:14:02,64
19:14:07,63
19:14:22,63
19:14:32,64
19:14:37,63
19:14:42,62
19:14:47,61
19:15:02,60
19:15:17,60
19:15:27,61
19:15:32,62
19:15:37,64
19:15:42,64
19:15:57,65
19:16:02,68
19:16:07,69
19:16:12,70
19:16:22,71
19:16:27,72
19:16:32,74
19:16:37,75
19:16:42,73
19:16:47,73
19:16:52,74
19:16:57,74
19:17:02,73
19:17:17,74
19:17:27,73
19:17:32,69
19:17:37,66
19:17:42,67
19:17:47,66
19:17:57,64
19:18:02,64
19:18:12,65
19:18:17,65
19:18:22,67
19:18:27,68
19:18:32,69
19:18:42,70
19:18:52,71
19:18:57,73
19:19:02,76
19:19:07,78
19:19:12,78
19:19:17,76
19:19:22,72
19:19:27,73
19:19:32,75
19:19:37,75
19:19:42,72
19:19:47,67
19:19:52,66
19:19:57,64
19:20:02,64
19:20:07,64
19:20:12,64
19:20:17,65
19:20:22,64
19:20:32,70
19:20:37,73
19:20:42,74
19:20:52,73
19:20:57,70
19:21:12,70
19:21:27,70
19:21:32,73
19:21:37,75
19:21:42,77
19:21:47,76
19:21:52,77
19:22:07,76
19:22:12,75
19:22:22,77
19:22:27,79
19:22:32,80
19:22:37,81
19:22:47,82
19:22:52,83
19:23:02,83
19:23:07,84
19:23:17,83
19:23:22,82
19:23:27,81
19:23:32,79
19:23:37,78
19:23:52,78
19:24:02,79
19:24:17,80
19:24:22,81
19:24:27,83
19:24:32,85
19:24:37,84
19:24:42,82
19:24:47,81
19:24:52,80
19:25:07,80
19:25:12,76
19:25:22,77
19:25:32,78
19:25:37,80
19:25:47,81
19:25:53,82
19:25:58,81
19:26:03,80
19:26:08,81
19:26:13,83
19:26:18,84
19:26:23,85
19:26:28,86
19:26:33,85
19:26:38,84
19:26:43,81
19:26:53,82
19:26:58,83
19:27:03,84
19:27:08,85
19:27:13,86
19:27:18,83
19:27:23,82
19:27:28,83
19:27:33,82
19:27:48,82
19:27:53,81
19:27:58,80
19:28:03,81
19:28:08,82
19:28:18,83
19:28:28,81
19:28:33,79
19:28:38,77
19:28:43,79
19:28:48,82
19:28:53,81
19:28:58,82
19:29:03,83
19:29:18,83
19:29:23,82
19:29:28,80
19:29:38,81
19:29:43,82
19:29:53,84
19:30:03,85
19:30:08,87
19:30:23,87
19:30:28,88
19:30:33,89
19:30:48,91
19:30:58,92
19:31:03,91
19:31:08,89
19:31:13,90
19:31:18,91
19:31:23,92
19:31:33,91
19:31:38,90
19:31:43,87
19:31:48,84
19:31:53,84
19:31:58,85
19:32:03,84
19:32:13,86
19:32:18,85
19:32:23,84
19:32:28,85
19:32:33,84
19:32:43,83
19:32:48,81
19:33:03,81
19:33:08,82
19:33:13,81
19:33:18,80
19:33:23,81
19:33:28,79
19:33:33,71
19:33:38,69
19:33:48,70
19:33:53,71
19:33:58,72
19:34:03,73
19:34:08,72
19:34:13,71
19:34:18,70
19:34:23,72
19:34:28,73
19:34:38,74
19:34:53,75
19:35:03,76
19:35:08,78
19:35:18,71
19:35:23,70
19:35:38,70
19:35:48,71
19:36:03,72
19:36:08,73
19:36:13,72
19:36:28,74
19:36:33,75
19:36:43,73
19:36:48,71
19:36:53,70
19:37:03,71
19:37:18,71
19:37:23,69
19:37:28,65
19:37:33,64
19:37:38,65
19:37:48,66
19:37:53,67
19:37:58,68
19:38:03,69
19:38:18,69
19:38:23,72
19:38:38,73
19:38:48,72
19:39:03,72
19:39:08,70
19:39:13,69
19:39:23,68
19:39:28,69
19:39:33,71
19:39:38,72
19:39:43,71
19:39:58,72
19:40:03,73
19:40:08,77
19:40:23,77
19:40:28,79
19:40:33,80
19:40:38,78
19:40:43,75
19:40:48,73
19:41:03,72
19:41:13,73
19:41:18,72
19:41:23,73
19:41:33,73
19:41:38,72
19:41:43,69
19:41:48,68
19:41:53,69
19:41:58,70
19:42:08,72
19:42:13,73
19:42:18,72
19:42:28,73
19:42:38,71
19:42:43,70
19:42:48,70
19:43:03,70
19:43:18,70
19:43:23,71
19:43:33,70
19:43:43,71
19:43:53,72
19:44:03,74
19:44:08,77
19:44:13,78
19:44:18,77
19:44:23,71
19:44:28,70
19:44:33,70
19:44:48,70
19:45:03,70
19:45:04,70
19:45:09,68
19:45:19,67
19:45:24,66
19:45:34,67
19:45:39,68
19:45:44,69
19:45:49,68
19:45:59,69
19:46:04,70
19:46:09,72
19:46:14,75
19:46:19,73
19:46:29,74
19:46:39,73
19:46:44,69
19:46:49,70
19:46:59,71
19:47:04,72
19:47:09,73
19:47:19,72
19:47:24,70
19:47:29,68
19:47:44,68
19:47:49,67
19:47:54,66
19:48:04,65
19:48:09,64
19:48:14,65
19:48:19,66
19:48:24,65
19:48:34,64
19:48:44,65
19:48:59,65
19:49:04,66
19:49:09,67
19:49:19,68
19:49:24,69
19:49:29,72
19:49:34,70
19:49:39,67
19:49:44,66
19:49:49,66
19:49:54,64
19:50:09,65
19:50:19,65
19:50:29,64
19:50:34,63
19:50:39,64
19:50:44,65
19:50:49,67
19:50:59,68
19:51:04,71
19:51:09,85
19:51:14,85
19:51:29,84
19:51:34,82
19:51:39,80
19:51:44,72
19:51:49,70
19:51:54,69
19:51:59,71
19:52:04,72
19:52:14,73
19:52:29,73
19:52:34,69
19:52:49,69
19:53:04,69
19:53:14,67
19:53:19,66
19:53:29,68
19:53:34,68
19:53:39,69
19:53:44,68
19:53:54,66
19:53:59,63
19:54:04,64
19:54:09,63
19:54:14,63
19:54:19,64
19:54:24,65
19:54:34,65
19:54:39,67
19:54:44,68
19:54:49,70
19:54:54,69
19:55:04,70
19:55:19,71
19:55:29,77
19:55:34,79
19:55:44,78
19:55:49,79
19:56:04,79
19:56:09,80
19:56:24,79
19:56:34,80
19:56:44,79
19:56:49,78
19:56:54,77
19:56:59,74
19:57:04,73
19:57:14,74
19:57:19,73
19:57:34,73
19:57:39,72
19:57:44,70
19:57:54,71
19:57:59,73
19:58:14,73
19:58:24,74
19:58:29,75
19:58:34,76
19:58:39,75
19:58:44,76
19:58:49,74
19:58:54,73
19:59:09,73
19:59:14,72
19:59:19,73
19:59:24,74
19:59:29,76
19:59:34,77
19:59:39,78
19:59:44,76
19:59:49,74
19:59:54,73
20:00:04,71
20:00:09,72
20:00:19,73
20:00:24,75
20:00:39,75
20:00:49,75
20:00:55,75
20:01:10,76
20:01:25,76
20:01:30,77
20:01:40,78
20:01:55,78
20:02:10,79
20:02:25,79
20:02:30,78
20:02:45,77
20:02:50,78
20:02:55,77
20:03:00,75
20:03:05,73
20:03:10,78
20:03:15,81
20:03:25,82
20:03:35,78
20:03:40,70
20:03:45,67
20:03:50,66
20:03:55,63
20:04:00,61
20:04:10,61
20:04:20,61
20:04:25,59
20:04:30,59
20:04:35,59
20:04:45,59
20:04:50,60
20:04:55,60
20:05:10,60
20:05:15,59
20:05:20,58
20:05:25,57
20:05:30,58
20:05:35,59
20:05:40,58
20:05:50,57
20:05:55,57
20:06:00,58
20:06:05,58
20:06:15,59
20:06:30,59
20:06:35,59
20:06:45,59
20:06:50,58
20:07:00,59
20:07:05,60
20:07:20,61
20:07:35,61
20:07:50,61
20:08:00,62
20:08:10,59
20:08:15,59
20:08:25,59
20:08:40,59
20:08:55,59
20:09:10,59
20:09:20,60
20:09:25,59
20:09:30,60
20:09:40,61
20:09:50,63
20:09:55,62
20:10:00,61
20:10:05,60
20:10:10,60
20:10:15,60
20:10:25,61
20:10:40,62
20:10:45,63
20:10:50,63
20:10:55,62
20:11:05,63
20:11:10,62
20:11:15,63
20:11:20,65
20:11:25,66
20:11:30,67
20:11:35,68
20:11:40,70
20:11:45,72
20:11:50,69
20:11:55,65
20:12:00,63
20:12:05,61
20:12:10,61
20:12:15,60
20:12:25,61
20:12:30,60
20:12:45,60
20:12:50,61
20:13:00,61
20:13:15,61
20:13:20,62
20:13:25,63
20:13:30,63
20:13:35,64
20:13:40,64
20:13:50,64
20:14:05,64
20:14:20,62
20:14:25,60
20:14:30,59
20:14:40,60
20:14:55,61
20:15:05,62
20:15:10,62
20:15:15,63
20:15:30,63
20:15:45,63
20:16:00,63
20:16:15,63
20:16:20,62
20:16:30,63
20:16:35,64
20:16:40,63
20:16:50,62
20:17:05,62
20:17:10,63
20:17:20,64
20:17:35,64
20:17:40,63
20:17:50,63
20:17:55,62
20:18:00,61
20:18:05,60
20:18:15,59
20:18:30,59
20:18:51,60
20:19:01,61
20:19:06,60
20:19:11,61
20:19:16,62
20:19:31,61
20:19:41,60
20:19:46,59
20:19:56,60
20:20:01,60
20:20:06,60
20:20:16,61
20:20:31,63
20:20:41,62
20:20:56,62
20:21:01,63
20:21:16,64
20:21:21,63
20:21:26,62
20:21:31,59
20:21:36,60
20:21:51,60
20:21:56,59
20:22:01,60
20:22:11,61
20:22:26,61
20:22:31,60
20:22:36,60
20:22:41,61
20:22:51,61
20:23:06,61
20:23:11,62
20:23:21,61
20:23:26,62
20:23:36,63
20:23:41,63
20:23:46,61
20:24:01,62
20:24:06,61
20:24:11,62
20:24:21,61
20:24:26,61
20:24:31,62
20:24:36,61
20:24:41,61
20:24:56,61
20:25:01,59
20:25:06,59
20:25:21,60
20:25:26,62
20:25:41,62
20:25:46,63
20:25:51,62
20:25:56,63
20:26:01,63
20:26:11,64
20:26:21,63
20:26:36,63
20:26:46,63
20:26:51,63
20:26:56,64
20:27:01,63
20:27:06,64
20:27:21,65
20:27:26,66
20:27:41,66
20:27:56,66
20:28:01,65
20:28:16,65
20:28:21,66
20:28:31,65
20:28:36,62
20:28:46,62
20:28:51,61
20:28:56,60
20:29:01,61
20:29:16,61
20:29:31,61
20:29:46,61
20:30:01,62
20:30:11,62
20:30:16,62
20:30:31,61
20:30:46,62
20:30:56,62
20:31:06,66
20:31:11,65
20:31:16,64
20:31:21,65
20:31:26,64
20:31:36,64
20:31:41,65
20:31:51,67
20:32:01,63
20:32:06,64
20:32:11,65
20:32:21,63
20:32:26,62
20:32:31,60
20:32:41,61
20:32:51,61
20:33:01,61
20:33:06,61
20:33:11,60
20:33:16,60
20:33:26,61
20:33:31,63
20:33:36,64
20:33:42,64
20:33:52,64
20:34:07,64
20:34:17,66
20:34:22,66
20:34:37,66
20:34:47,65
20:34:52,62
20:35:07,62
20:35:12,61
20:35:17,61
20:35:22,62
20:35:27,63
20:35:37,62
20:35:42,61
20:35:57,62
20:36:02,63
20:36:07,62
20:36:12,62
20:36:27,62
20:36:42,61
20:36:52,60
20:36:57,61
20:37:07,61
20:37:12,63
20:37:22,62
20:37:27,62
20:37:32,62
20:37:47,62
20:38:02,62
20:38:17,61
20:38:27,62
20:38:42,64
20:38:47,65
20:38:57,66
20:39:07,75
20:39:12,84
20:39:27,82
20:39:32,81
20:39:37,78
20:39:42,76
20:39:47,75
20:39:52,72
20:39:57,68
20:40:02,64
20:40:07,60
20:40:12,57
20:40:17,56
20:40:22,57
20:40:37,58
20:40:47,64
20:40:52,68
20:40:57,70
20:41:07,80
20:41:17,77
20:41:27,75
20:41:37,75
20:41:42,74
20:41:47,73
20:41:52,70
20:41:57,70
20:42:02,71
20:42:07,72
20:42:12,74
20:42:17,75
20:42:22,72
20:42:27,65
20:42:32,61
20:42:37,60
20:42:47,62
20:42:52,61
20:42:57,62
20:43:02,63
20:43:12,62
20:43:17,61
20:43:22,63
20:43:32,65
20:43:37,65
20:43:42,65
20:43:47,67
20:43:52,69
20:43:57,70
20:44:02,71
20:44:07,65
20:44:12,61
20:44:17,60
20:44:22,60
20:44:27,59
20:44:42,59
20:44:47,59
20:44:52,60
20:45:02,59
20:45:07,59
20:45:17,60
20:45:22,61
20:45:27,62
20:45:32,63
20:45:37,64
20:45:42,66
20:45:47,67
20:45:52,68
20:45:57,69
20:46:02,70
20:46:17,71
20:46:22,65
20:46:27,60
20:46:32,59
20:46:37,59
20:46:42,60
20:46:47,61
20:46:52,60
20:46:57,59
20:47:12,59
20:47:27,59
20:47:32,58
20:47:47,59
20:48:02,59
20:48:17,59
20:48:27,60
20:48:37,61
20:48:42,61
20:48:57,61
20:49:12,62
20:49:22,63
20:49:32,62
20:49:37,60
20:49:52,60
20:50:02,61
20:50:07,62
20:50:22,62
20:50:37,62
20:50:43,62
20:50:48,61
20:50:53,58
20:51:03,56
20:51:13,55
20:51:23,56
20:51:38,57
20:51:43,58
20:51:53,57
20:51:58,56
20:52:03,57
20:52:18,57
20:52:23,58
20:52:38,58
20:52:53,58
20:53:08,59
20:53:23,59
20:53:28,58
20:53:33,57
20:53:43,58
20:53:48,60
20:53:53,61
20:53:58,60
20:54:03,60
20:54:08,61
20:54:13,60
20:54:18,58
20:54:23,59
20:54:28,58
20:54:33,59
20:54:48,59
20:54:53,58
20:54:58,57
20:55:13,58
20:55:28,58
20:55:43,58
20:55:48,58
20:55:58,58
20:56:08,59
20:56:13,60
20:56:18,61
20:56:23,60
20:56:28,60
20:56:38,61
20:56:43,62
20:56:58,60
20:57:03,59
20:57:08,58
20:57:18,59
20:57:23,59
20:57:28,58
20:57:38,59
20:57:43,59
20:57:58,59
20:58:03,60
20:58:13,59
20:58:18,58
20:58:28,58
20:58:38,59
20:58:43,61
20:58:48,60
20:58:53,59
20:58:58,58
20:59:03,59
20:59:18,58
20:59:28,57
20:59:33,56
20:59:43,57
20:59:48,57
20:59:53,57
21:00:03,56
21:00:08,57
21:00:13,58
21:00:18,57
21:00:33,57
21:00:43,56
21:00:58,57
21:01:03,57
21:01:13,59
21:01:18,62
21:01:23,60
21:01:28,59
21:01:43,60
21:01:53,59
21:02:08,60
21:02:13,59
21:02:18,58
21:02:23,59
21:02:38,59
21:02:43,59
21:02:53,60
21:03:03,61
21:03:08,62
21:03:23,62
21:03:38,62
21:03:43,61
21:03:48,60
21:03:53,61
21:03:58,60
21:04:13,59
21:04:18,59
21:04:33,60
21:04:48,62
21:04:53,61
21:04:58,62
21:05:03,60
21:05:13,59
21:05:18,58
21:05:23,58
21:05:38,58
21:05:53,58
21:06:08,59
21:06:13,60
21:06:18,61
21:06:23,68
21:06:28,69
21:06:33,68
21:06:38,66
21:06:43,64
21:06:53,65
21:06:58,64
21:07:08,63
21:07:13,62
21:07:23,61
21:07:33,59
21:07:38,58
21:07:53,58
21:08:03,59
21:08:08,58
21:08:13,57
21:08:28,57
21:08:38,59
21:08:53,59
21:08:59,61
21:09:04,60
21:09:14,57
21:09:29,57
21:09:34,58
21:09:44,59
21:09:49,58
21:10:04,58
21:10:09,58
21:10:19,58
21:10:29,58
21:10:44,57
21:10:49,56
21:11:04,57
21:11:09,57
21:11:24,57
21:11:29,58
21:11:34,59
21:11:39,60
21:11:44,63
21:11:59,63
21:12:09,64
21:12:14,63
21:12:19,62
21:12:34,61
21:12:39,62
21:12:44,63
21:12:49,63
21:12:54,64
21:12:59,65
21:13:09,64
21:13:14,62
21:13:19,61
21:13:29,60
21:13:44,60
21:13:54,59
21:13:59,59
21:14:04,59
21:14:14,58
21:14:24,59
21:14:39,59
21:14:49,60
21:14:59,58
21:15:04,58
21:15:09,57
21:15:14,57
21:15:29,58
21:15:44,57
21:15:54,58
21:15:59,58
21:16:14,58
21:16:24,59
21:16:29,60
21:16:44,60
21:16:49,60
21:17:04,60
21:17:09,61
21:17:14,60
21:17:24,60
21:17:34,59
21:17:39,59
21:17:54,60
21:18:09,59
21:18:19,58
21:18:24,57
21:18:29,58
21:18:39,59
21:18:44,60
21:18:49,60
21:18:59,61
21:19:09,62
21:19:19,60
21:19:24,58
21:19:29,57
21:19:44,58
21:19:59,58
21:20:14,59
21:20:19,61
21:20:24,62
21:20:34,60
21:20:39,58
21:20:44,58
21:20:49,58
21:21:04,59
21:21:09,61
21:21:19,60
21:21:29,61
21:21:34,63
21:21:39,64
21:21:44,66
21:21:49,67
21:21:54,64
21:21:59,60
21:22:04,62
21:22:09,61
21:22:14,60
21:22:24,61
21:22:34,60
21:22:39,59
21:22:49,59
21:22:59,59
21:23:04,59
21:23:19,59
21:23:29,60
21:23:34,61
21:23:39,63
21:23:49,65
21:23:54,64
21:23:59,60
21:24:04,60
21:24:19,60
21:24:34,61
21:24:49,60
21:24:54,60
21:24:59,60
21:25:04,61
21:25:19,61
21:25:29,59
21:25:39,60
21:25:49,61
21:25:54,60
21:25:59,59
21:26:04,58
21:26:14,58
21:26:19,59
21:26:24,60
21:26:29,60
21:26:39,61
21:26:54,61
21:26:59,60
21:27:05,60
21:27:10,61
21:27:15,60
21:27:20,59
21:27:25,61
21:27:30,63
21:27:35,62
21:27:40,58
21:27:45,57
21:27:55,57
21:28:00,58
21:28:05,59
21:28:15,60
21:28:20,62
21:28:35,62
21:28:40,61
21:28:50,59
21:28:55,58
21:29:00,57
21:29:10,58
21:29:20,59
21:29:35,59
21:29:50,58
21:29:55,57
21:30:05,56
21:30:15,57
21:30:20,58
21:30:25,58
21:30:40,58
21:30:45,57
21:30:50,55
21:31:05,56
21:31:15,57
21:31:25,58
21:31:40,58
21:31:55,58
21:32:00,59
21:32:05,60
21:32:10,59
21:32:15,57
21:32:20,57
21:32:25,59
21:32:30,60
21:32:35,61
21:32:45,62
21:32:50,61
21:32:55,64
21:33:00,67
21:33:05,63
21:33:10,62
21:33:15,61
21:33:20,60
21:33:25,61
21:33:30,62
21:33:37,65
21:33:42,71
21:33:47,70
21:33:52,69
21:33:57,70
21:34:07,68
21:34:12,65
21:34:22,65
21:34:27,68
21:34:32,67
21:34:37,65
21:34:42,62
21:34:47,62
21:34:57,63
21:35:02,65
21:35:07,66
21:35:12,67
21:35:17,69
21:35:22,71
21:35:27,72
21:35:32,74
21:35:37,73
21:35:42,72
21:35:52,73
21:35:57,68
21:36:02,67
21:36:17,68
21:36:22,68
21:36:32,69
21:36:37,70
21:36:42,71
21:36:47,73
21:36:57,72
21:37:02,73
21:37:07,74
21:37:12,75
21:37:17,76
21:37:22,77
21:37:27,79
21:37:32,80
21:37:37,81
21:37:47,84
21:37:52,80
21:37:57,77
21:38:07,77
21:38:12,76
21:38:27,76
21:38:32,78
21:38:37,82
21:38:42,83
21:38:47,84
21:38:52,85
21:38:57,84
21:39:02,67
21:39:07,59
21:39:12,58
21:39:17,58
21:39:22,59
21:39:27,60
21:39:32,59
21:39:47,59
21:39:57,60
21:40:12,59
21:40:22,59
21:40:32,64
21:40:37,68
21:40:42,69
21:40:47,69
21:40:52,69
21:40:57,67
21:41:07,68
21:41:22,68
21:41:27,67
21:41:32,65
21:41:37,64
21:41:42,63
21:41:57,63
21:42:02,66
21:42:07,67
21:42:13,67
21:42:18,66
21:42:23,63
21:42:28,58
21:42:38,59
21:42:43,62
21:42:53,63
21:42:58,64
21:43:03,64
21:43:13,65
21:43:18,67
21:43:23,68
21:43:33,64
21:43:38,60
21:43:43,63
21:43:48,64
21:43:53,65
21:44:03,66
21:44:08,67
21:44:13,68
21:44:18,70
21:44:28,71
21:44:38,72
21:44:43,74
21:44:48,75
21:44:53,77
21:44:58,79
21:45:03,76
21:45:08,75
21:45:13,74
21:45:23,75
21:45:33,77
21:45:48,77
21:45:58,78
21:46:03,79
21:46:08,78
21:46:13,76
21:46:18,72
21:46:23,70
21:46:33,71
21:46:38,72
21:46:43,70
21:46:48,67
21:46:53,68
21:47:08,67
21:47:13,69
21:47:18,71
21:47:23,69
21:47:38,71
21:47:43,72
21:47:48,74
21:47:53,75
21:47:58,69
21:48:03,66
21:48:08,64
21:48:13,65
21:48:23,66
21:48:28,67
21:48:33,68
21:48:38,70
21:48:48,67
21:49:03,68
21:49:08,67
21:49:13,65
21:49:18,62
21:49:33,62
21:49:38,63
21:49:53,66
21:50:03,64
21:50:13,65
21:50:23,67
21:50:28,68
21:50:33,66
21:50:38,67
21:50:43,68
21:50:48,69
21:50:53,70
21:50:58,72
21:51:03,73
21:51:08,74
21:51:18,75
21:51:23,76
21:51:28,77
21:51:33,78
21:51:38,75
21:51:48,78
21:51:53,77
21:51:58,71
21:52:03,89
21:52:08,87
21:52:13,73
21:52:18,64
21:52:23,60
21:52:28,59
21:52:33,58
21:52:38,57
21:52:48,58
21:52:58,59
21:53:08,60
21:53:13,62
21:53:18,63
21:53:23,65
21:53:28,66
21:53:33,67
21:53:38,69
21:53:43,70
21:53:53,69
21:54:08,62
21:54:13,61
21:54:18,59
21:54:23,57
21:54:28,58
21:54:38,57
21:54:43,56
21:54:48,56
21:55:03,56
21:55:08,57
21:55:13,58
21:55:18,59
21:55:23,60
21:55:28,61
21:55:33,60
21:55:38,59
21:55:43,57
21:55:48,56
21:55:53,55
21:55:58,57
21:56:08,57
21:56:23,59
21:56:33,60
21:56:38,61
21:56:43,61
21:56:48,63
21:56:53,64
21:57:03,62
21:57:13,61
21:57:18,60
21:57:23,59
21:57:28,58
21:57:33,59
21:57:48,60
21:57:53,62
21:57:58,63
21:58:03,63
21:58:08,65
21:58:13,66
21:58:23,67
21:58:28,68
21:58:33,69
21:58:38,70
21:58:53,70
21:58:58,69
21:59:03,71
21:59:13,72
21:59:18,73
21:59:23,72
21:59:28,71
21:59:33,70
21:59:39,72
21:59:44,71
21:59:49,65
21:59:54,61
22:00:04,62
22:00:14,63
22:00:19,64
22:00:24,63
22:00:29,64
22:00:44,64
22:00:54,65
22:00:59,66
22:01:04,69
22:01:09,66
22:01:14,58
22:01:29,59
22:01:44,57
22:01:49,57
22:02:04,57
22:02:09,58
22:02:14,59
22:02:19,60
22:02:24,61
22:02:29,60
22:02:34,59
22:02:39,58
22:02:44,58
22:02:49,58
22:02:54,60
22:02:59,59
22:03:09,60
22:03:19,60
22:03:34,60
22:03:39,61
22:03:54,61
22:04:09,61
22:04:14,60
22:04:29,60
22:04:34,61
22:04:39,66
22:04:44,71
22:04:49,72
22:04:54,76
22:04:59,85
22:05:04,84
22:05:14,85
22:05:24,83
22:05:29,81
22:05:34,76
22:05:39,75
22:05:44,74
22:05:49,73
22:05:54,72
22:05:59,70
22:06:09,71
22:06:14,72
22:06:19,73
22:06:24,74
22:06:29,77
22:06:34,83
22:06:39,81
22:06:44,77
22:06:49,75
22:06:59,76
22:07:09,77
22:07:14,78
22:07:24,79
22:07:29,80
22:07:34,79
22:07:39,76
22:07:44,77
22:07:49,78
22:07:54,69
22:07:59,62
22:08:04,61
22:08:09,58
22:08:19,59
22:08:24,60
22:08:29,61
22:08:34,63
22:08:39,64
22:08:44,67
22:08:49,66
22:09:04,66
22:09:09,65
22:09:19,66
22:09:34,65
22:09:44,67
22:09:49,73
22:09:54,68
22:09:59,65
22:10:04,59
22:10:09,58
22:10:19,58
22:10:24,59
22:10:39,60
22:10:44,61
22:10:49,62
22:10:54,63
22:10:59,59
22:11:09,61
22:11:14,62
22:11:19,61
22:11:24,59
22:11:29,57
22:11:34,56
22:11:39,57
22:11:49,58
22:11:59,58
22:12:04,59
22:12:09,60
22:12:14,59
22:12:19,60
22:12:24,59
22:12:29,58
22:12:34,57
22:12:49,58
22:12:59,57
22:13:14,58
22:13:19,57
22:13:24,56
22:13:29,56
22:13:44,56
22:13:54,58
22:13:59,67
22:14:04,70
22:14:09,69
22:14:14,63
22:14:19,61
22:14:34,61
22:14:50,63
22:14:55,62
22:15:00,63
22:15:15,64
22:15:20,65
22:15:25,66
22:15:40,66
22:15:45,66
22:15:50,65
22:15:55,66
22:16:00,65
22:16:05,66
22:16:10,68
22:16:15,69
22:16:20,74
22:16:25,75
22:16:35,73
22:16:40,62
22:16:45,60
22:16:50,62
22:16:55,64
22:17:00,63
22:17:15,63
22:17:30,63
22:17:35,60
22:17:40,61
22:17:45,62
22:17:50,61
22:17:55,59
22:18:10,60
22:18:15,61
22:18:30,61
22:18:35,60
22:18:50,60
22:19:00,59
22:19:10,60
22:19:15,59
22:19:20,59
22:19:30,59
22:19:35,60
22:19:40,61
22:19:50,62
22:19:55,61
22:20:00,60
22:20:15,60
22:20:20,58
22:20:30,57
22:20:40,58
22:20:45,57
22:20:55,58
22:21:00,60
22:21:05,62
22:21:10,63
22:21:15,63
22:21:20,64
22:21:25,65
22:21:35,70
22:21:40,75
22:21:45,79
22:21:50,75
22:22:00,76
22:22:05,77
22:22:10,78
22:22:15,79
22:22:20,78
22:22:30,79
22:22:40,79
22:22:45,76
22:22:50,74
22:22:55,64
22:23:00,61
22:23:10,63
22:23:15,64
22:23:20,66
22:23:25,64
22:23:40,65
22:23:50,64
22:24:05,64
22:24:15,65
22:24:20,67
22:24:25,68
22:24:35,67
22:24:40,65
22:24:50,64
22:25:05,66
22:25:10,67
22:25:15,63
22:25:20,60
22:25:30,61
22:25:35,62
22:25:40,63
22:25:45,65
22:25:50,66
22:25:55,68
22:26:00,71
22:26:05,74
22:26:10,75
22:26:15,73
22:26:20,72
22:26:25,70
22:26:30,67
22:26:35,64
22:26:40,60
22:26:45,59
22:27:00,58
22:27:05,57
22:27:10,57
22:27:15,58
22:27:30,59
22:27:35,60
22:27:40,61
22:27:55,61
22:28:00,62
22:28:05,64
22:28:10,65
22:28:15,67
22:28:20,70
22:28:25,71
22:28:30,73
22:28:35,74
22:28:40,73
22:28:45,72
22:28:50,73
22:28:55,74
22:29:00,77
22:29:05,78
22:29:10,77
22:29:15,78
22:29:20,79
22:29:35,78
22:29:40,64
22:29:50,67
22:29:55,63
22:30:00,60
22:30:15,61
22:30:25,62
22:30:30,61
22:30:35,59
22:30:45,58
22:30:55,59
22:31:10,59
22:31:15,58
22:31:30,58
22:31:35,59
22:31:50,59
22:31:55,61
22:32:00,63
22:32:05,64
22:32:10,66
22:32:20,67
22:32:30,62
22:32:35,59
22:32:40,58
22:32:50,59
22:32:55,60
22:33:00,61
22:33:05,62
22:33:10,63
22:33:16,64
22:33:31,64
22:33:36,64
22:33:41,66
22:33:51,67
22:33:59,66
22:34:09,65
22:34:24,65
22:34:34,66
22:34:44,67
22:34:49,68
22:34:54,69
22:34:59,71
22:35:04,70
22:35:09,68
22:35:14,65
22:35:19,63
22:35:24,61
22:35:29,60
22:35:39,61
22:35:54,61
22:35:59,62
22:36:09,64
22:36:14,65
22:36:19,67
22:36:24,68
22:36:29,70
22:36:39,72
22:36:44,74
22:36:49,78
22:36:54,76
22:36:59,75
22:37:04,74
22:37:09,74
22:37:19,75
22:37:24,77
22:37:39,75
22:37:44,72
22:37:54,72
22:37:59,72
22:38:04,67
22:38:09,65
22:38:24,66
22:38:29,68
22:38:34,69
22:38:39,70
22:38:44,71
22:38:49,72
22:38:54,73
22:38:59,72
22:39:04,71
22:39:09,69
22:39:14,68
22:39:19,67
22:39:24,68
22:39:29,69
22:39:39,68
22:39:44,64
22:39:49,62
22:39:54,62
22:39:59,63
22:40:04,64
22:40:14,65
22:40:19,64
22:40:34,64
22:40:39,65
22:40:44,66
22:40:49,69
22:40:54,72
22:40:59,72
22:41:09,71
22:41:14,70
22:41:19,70
22:41:24,70
22:41:34,71
22:41:39,70
22:41:44,64
22:41:49,60
22:41:54,62
22:41:59,63
22:42:14,63
22:42:29,63
22:42:34,64
22:42:39,64
22:42:44,65
22:42:54,67
22:42:59,68
22:43:04,68
22:43:14,69
22:43:24,68
22:43:29,66
22:43:34,65
22:43:44,66
22:43:49,67
22:43:54,68
22:43:59,69
22:44:14,70
22:44:19,72
22:44:29,72
22:44:34,75
22:44:39,74
22:44:44,73
22:44:59,73
22:45:04,75
22:45:09,83
22:45:14,86
22:45:19,84
22:45:24,83
22:45:39,82
22:45:44,87
22:45:49,101
22:45:54,108
22:46:04,109
22:46:09,108
22:46:14,106
22:46:19,104
22:46:34,104
22:46:39,101
22:46:44,97
22:46:49,96
22:46:54,95
22:47:09,95
22:47:19,94
22:47:34,94
22:49:05,84
22:49:10,85
22:49:15,83
22:49:20,82
22:49:25,83
22:49:30,82
22:49:40,83
22:49:45,90
22:49:50,92
22:49:55,97
22:50:00,104
22:50:05,103
22:50:15,102
22:50:20,100
22:50:25,98
22:50:40,97
22:50:45,93
22:50:50,89
22:50:55,85
22:51:00,83
22:51:05,78
22:51:10,65
22:51:15,59
22:51:30,60
22:51:35,61
22:51:40,63
22:51:47,65
22:51:52,68
22:51:57,70
22:52:02,72
22:52:07,73
22:52:12,74
22:52:17,75
22:52:27,78
22:52:32,77
22:52:37,67
22:52:42,65
22:52:52,64
22:53:02,66
22:53:07,68
22:53:22,68
22:53:27,67
22:53:37,65
22:53:42,63
22:53:47,62
22:53:52,64
22:53:57,65
22:54:02,64
22:54:12,63
22:54:17,62
22:54:22,59
22:54:27,60
22:54:32,60
22:54:37,61
22:54:52,62
22:54:57,60
22:55:12,59
22:55:27,59
22:55:32,60
22:55:37,63
22:55:42,65
22:55:47,65
22:55:57,66
22:56:02,65
22:56:07,62
22:56:12,59
22:56:22,56
22:56:37,57
22:56:47,57
22:56:57,58
22:57:02,59
22:57:12,60
22:57:17,63
22:57:22,63
22:57:27,64
22:57:37,66
22:57:42,68
22:57:52,70
22:57:57,71
22:58:02,71
22:58:07,72
22:58:12,73
22:58:27,74
22:58:37,73
22:58:42,69
22:58:52,70
22:58:57,71
22:59:02,72
22:59:12,73
22:59:17,74
22:59:32,74
22:59:42,73
22:59:47,71
22:59:52,69
22:59:57,70
23:00:02,72
23:00:07,77
23:00:12,78
23:00:17,77
23:00:27,76
23:00:32,72
23:00:37,69
23:00:52,69
23:00:57,66
23:01:07,67
23:01:12,68
23:01:17,68
23:01:32,69
23:01:37,70
23:01:42,65
23:01:47,65
23:01:57,64
23:02:02,63
23:02:07,62
23:02:22,62
23:02:32,61
23:02:37,59
23:02:42,58
23:02:52,59
23:02:57,58
23:03:02,57
23:03:07,55
23:03:12,54
23:03:27,54
23:03:42,54
23:03:47,54
23:03:52,55
23:03:57,57
23:04:12,57
23:04:17,59
23:04:22,58
23:04:32,57
23:04:38,57
23:04:43,58
23:04:48,57
23:04:53,56
23:04:58,56
23:05:03,57
23:05:08,58
23:05:13,59
23:05:18,61
23:05:28,60
23:05:33,59
23:05:48,60
23:05:53,59
23:05:58,58
23:06:08,59
23:06:18,60
23:06:33,61
23:06:43,62
23:06:48,61
23:06:58,62
23:07:03,63
23:07:08,64
23:07:13,61
23:07:23,60
23:07:28,59
23:07:38,59
23:07:53,59
23:07:58,61
23:08:03,65
23:08:18,65
23:08:28,66
23:08:33,68
23:08:38,69
23:08:43,67
23:08:48,63
23:08:53,62
23:08:58,63
23:11:16,70
23:11:26,65
23:11:31,58
23:11:36,60
23:11:41,63
23:11:51,62
23:11:56,61
23:12:11,62
23:12:16,66
23:12:21,67
23:12:26,66
23:12:31,63
23:12:46,63
23:12:51,62
23:13:01,61
23:13:06,62
23:13:16,61
23:13:21,62
23:13:26,64
23:13:31,62
23:13:36,62
23:13:41,61
23:13:46,62
23:13:56,61
23:14:01,59
23:14:11,58
23:14:16,57
23:14:21,55
23:14:26,55
23:14:41,55
23:14:46,57
23:14:51,56
23:14:56,55
23:15:06,56
23:15:16,56
23:15:31,57
23:15:46,57
23:15:51,58
23:15:56,60
23:16:01,62
23:16:06,63
23:16:11,62
23:16:16,62
23:16:21,63
23:16:26,62
23:16:41,62
23:16:46,61
23:17:01,61
23:17:06,60
23:17:16,59
23:17:26,60
23:17:31,66
23:17:36,70
23:17:41,69
23:17:46,65
23:17:51,60
23:18:06,61
23:18:21,62
23:18:26,61
23:18:31,60
23:18:36,58
23:18:46,58
23:18:51,57
23:18:56,56
23:19:06,57
23:19:11,57
23:19:16,58
23:19:21,60
23:19:26,67
23:19:31,75
23:19:36,76
23:19:41,81
23:19:46,85
23:19:51,88
23:19:56,95
23:20:01,97
23:20:06,95
23:20:11,91
23:20:16,93
23:20:21,97
23:20:26,98
23:20:31,99
23:20:36,98
23:20:41,95
23:20:46,92
23:20:56,91
23:21:01,89
23:21:06,88
23:21:11,87
23:21:21,88
23:21:26,88
23:21:31,87
23:21:36,81
23:21:41,79
23:21:51,77
23:21:56,78
23:22:01,80
23:22:06,81
23:22:11,82
23:22:16,80
23:22:21,77
23:22:36,78
23:22:46,79
23:22:51,80
23:22:56,82
23:23:01,83
23:23:06,84
23:23:11,85
23:23:16,104
23:23:21,111
23:23:26,110
23:23:31,88
23:23:36,63
23:23:41,60
23:23:51,61
23:23:56,63
23:24:01,66
23:24:16,66
23:24:26,71
23:24:31,72
23:24:36,73
23:24:41,74
23:24:51,72
23:25:06,72
23:25:21,75
23:25:22,76
23:25:27,79
23:25:32,80
23:25:37,81
23:25:42,82
23:25:47,76
23:25:52,74
23:25:57,74
23:26:07,75
23:26:12,76
23:26:17,77
23:26:27,78
23:26:32,79
23:26:37,74
23:26:42,71
23:26:47,70
23:26:52,72
23:26:57,74
23:27:07,72
23:27:22,74
23:27:27,76
23:27:32,75
23:27:37,74
23:27:42,73
23:27:47,72
23:27:52,71
23:27:57,72
23:28:02,73
23:28:17,73
23:28:22,70
23:28:27,69
23:28:32,74
23:28:37,76
23:28:47,77
23:28:52,78
23:28:57,77
23:29:02,78
23:29:07,79
23:29:17,81
23:29:27,82
23:29:42,81
23:29:47,78
23:29:52,75
23:29:57,74
23:30:02,73
23:30:07,72
23:30:17,73
23:30:32,73
23:30:42,75
23:30:47,74
23:30:52,75
23:31:02,76
23:31:12,75
23:31:17,76
23:31:24,76
23:31:29,77
23:31:39,77
23:31:44,74
23:31:54,73
23:32:09,74
23:32:19,73
23:32:34,74
23:32:49,74
23:32:54,75
23:32:59,76
23:33:04,77
23:33:09,76
23:33:19,74
23:33:24,73
23:33:29,74
23:33:34,76
23:33:39,75
23:33:44,74
23:33:49,72
23:33:54,71
23:34:04,72
23:34:14,71
23:34:19,70
23:34:24,71
23:34:34,72
23:34:39,73
23:34:44,74
23:34:49,75
23:35:04,76
23:35:58,70
