Time,Distance
00:00:00,0.006524397525936365
00:01:00,0.004784557968378067
00:02:00,0.008761334232985973
00:03:00,0.004784557968378067
00:04:00,0.008326373994350433
00:05:00,0.0
00:06:00,0.0
00:07:00,0.0
00:08:00,0.003914638422429562
00:09:00,0.003044718876481056
00:10:00,0.00565447797998786
00:11:00,0.007829276844859123
00:12:00,0.007829276844859123
00:13:00,0.008761334232985973
00:14:00,0.00565447797998786
00:15:00,0.003044718876481056
00:16:00,0.0017398393247276545
00:17:00,0.0
00:18:00,0.0
00:19:00,0.0
00:20:00,0.0017398393247276545
00:21:00,0.0017398393247276545
00:22:00,0.008326373994350433
00:23:00,0.0
00:24:00,0.0026097591035068035
00:25:00,0.003479678649455309
00:26:00,0.010501173324882984
00:27:00,0.0
00:28:00,0.0017398393247276545
00:29:00,0.0
00:30:00,0.0
00:31:00,0.003479678649455309
00:32:00,0.0
00:33:00,0.007829276844859123
00:34:00,0.0
00:35:00,0.01354589220136404
00:36:00,0.007891413755714893
00:37:00,0.007829276844859123
00:38:00,0.017522668465971947
00:39:00,0.0008699196623638272
00:40:00,0.0
00:41:00,0.003044718876481056
00:42:00,0.0
00:43:00,0.0
00:44:00,0.0
00:45:00,0.0
00:46:00,0.0
00:47:00,0.0
00:48:00,0.0
00:49:00,0.0
00:50:00,0.0
00:51:00,0.0
00:52:00,0.0
00:53:00,0.0
00:54:00,0.0
00:55:00,0.0
00:56:00,0.0
00:57:00,0.02100234664976597
00:58:00,0.0
00:59:00,0.005219518207013607
01:00:00,0.005219518207013607
01:01:00,0.006524397525936365
01:02:00,0.005219518207013607
01:03:00,0.0026097591035068035
01:04:00,0.0
01:05:00,0.0
01:06:00,0.0
01:07:00,0.0
01:08:00,0.0
01:09:00,0.0
01:10:00,0.0
01:11:00,0.005219518207013607
01:12:00,0.003044718876481056
01:13:00,0.0
01:14:00,0.0
01:15:00,0.0
01:16:00,0.0
01:17:00,0.0
01:18:00,0.0
01:19:00,0.0
01:20:00,0.0
01:21:00,0.0
01:22:00,0.0
01:23:00,0.0
01:24:00,0.0
01:25:00,0.0
01:26:00,0.0
01:27:00,0.0
01:28:00,0.004349598195403814
01:29:00,0.0
01:30:00,0.0
01:31:00,0.0
01:32:00,0.0
01:33:00,0.0
01:34:00,0.0
01:35:00,0.0
01:36:00,0.0
01:37:00,0.0
01:38:00,0.0
01:39:00,0.0
01:40:00,0.0
01:41:00,0.0
01:42:00,0.0
01:43:00,0.0
01:44:00,0.0
01:45:00,0.0
01:46:00,0.0
01:47:00,0.0
01:48:00,0.0
01:49:00,0.0
01:50:00,0.0
01:51:00,0.0
01:52:00,0.0
01:53:00,0.0
01:54:00,0.0
01:55:00,0.0
01:56:00,0.0
01:57:00,0.0
01:58:00,0.0
01:59:00,0.0
02:00:00,0.0
02:01:00,0.0
02:02:00,0.0
02:03:00,0.0
02:04:00,0.0
02:05:00,0.0
02:06:00,0.0
02:07:00,0.0
02:08:00,0.0
02:09:00,0.0
02:10:00,0.0
02:11:00,0.0
02:12:00,0.0
02:13:00,0.0
02:14:00,0.0
02:15:00,0.0
02:16:00,0.0
02:17:00,0.0
02:18:00,0.0
02:19:00,0.0
02:20:00,0.0
02:21:00,0.0
02:22:00,0.0
02:23:00,0.0
02:24:00,0.0
02:25:00,0.0
02:26:00,0.0
02:27:00,0.0
02:28:00,0.0
02:29:00,0.0
02:30:00,0.0
02:31:00,0.0
02:32:00,0.0
02:33:00,0.0
02:34:00,0.0
02:35:00,0.0
02:36:00,0.0
02:37:00,0.0
02:38:00,0.0
02:39:00,0.0
02:40:00,0.0
02:41:00,0.0
02:42:00,0.0
02:43:00,0.0
02:44:00,0.0
02:45:00,0.0
02:46:00,0.0
02:47:00,0.0
02:48:00,0.0
02:49:00,0.0
02:50:00,0.0
02:51:00,0.0
02:52:00,0.0
02:53:00,0.0
02:54:00,0.0
02:55:00,0.0
02:56:00,0.0
02:57:00,0.0
02:58:00,0.0
02:59:00,0.0
03:00:00,0.0
03:01:00,0.0
03:02:00,0.0
03:03:00,0.0
03:04:00,0.0
03:05:00,0.0
03:06:00,0.0
03:07:00,0.0
03:08:00,0.0
03:09:00,0.0
03:10:00,0.0
03:11:00,0.0
03:12:00,0.0
03:13:00,0.0
03:14:00,0.0
03:15:00,0.0
03:16:00,0.0
03:17:00,0.0
03:18:00,0.0
03:19:00,0.0
03:20:00,0.0
03:21:00,0.0
03:22:00,0.0
03:23:00,0.0
03:24:00,0.0
03:25:00,0.0
03:26:00,0.0
03:27:00,0.0
03:28:00,0.0
03:29:00,0.0
03:30:00,0.0
03:31:00,0.0
03:32:00,0.0
03:33:00,0.0
03:34:00,0.0
03:35:00,0.0
03:36:00,0.0
03:37:00,0.0
03:38:00,0.0
03:39:00,0.0
03:40:00,0.0
03:41:00,0.0
03:42:00,0.0
03:43:00,0.0
03:44:00,0.0
03:45:00,0.0
03:46:00,0.0
03:47:00,0.0
03:48:00,0.0
03:49:00,0.0
03:50:00,0.0
03:51:00,0.0
03:52:00,0.0
03:53:00,0.0
03:54:00,0.0
03:55:00,0.0
03:56:00,0.0
03:57:00,0.0
03:58:00,0.0
03:59:00,0.0
04:00:00,0.0
04:01:00,0.0
04:02:00,0.0
04:03:00,0.0
04:04:00,0.0
04:05:00,0.0
04:06:00,0.0
04:07:00,0.0
04:08:00,0.0
04:09:00,0.0
04:10:00,0.0
04:11:00,0.0
04:12:00,0.0
04:13:00,0.0
04:14:00,0.0
04:15:00,0.0
04:16:00,0.0
04:17:00,0.0
04:18:00,0.0
04:19:00,0.0
04:20:00,0.0
04:21:00,0.0
04:22:00,0.0
04:23:00,0.0
04:24:00,0.0
04:25:00,0.0
04:26:00,0.0
04:27:00,0.0
04:28:00,0.0
04:29:00,0.0
04:30:00,0.0
04:31:00,0.0
04:32:00,0.0
04:33:00,0.0
04:34:00,0.0
04:35:00,0.0
04:36:00,0.0
04:37:00,0.0
04:38:00,0.0
04:39:00,0.0
04:40:00,0.0
04:41:00,0.0
04:42:00,0.0
04:43:00,0.0
04:44:00,0.0
04:45:00,0.0
04:46:00,0.0
04:47:00,0.0
04:48:00,0.0
04:49:00,0.0
04:50:00,0.0
04:51:00,0.0
04:52:00,0.0
04:53:00,0.0
04:54:00,0.0
04:55:00,0.0
04:56:00,0.0
04:57:00,0.0
04:58:00,0.0
04:59:00,0.0
05:00:00,0.0
05:01:00,0.0
05:02:00,0.0
05:03:00,0.0
05:04:00,0.0
05:05:00,0.0
05:06:00,0.0
05:07:00,0.0
05:08:00,0.0
05:09:00,0.0
05:10:00,0.0
05:11:00,0.0
05:12:00,0.0
05:13:00,0.0
05:14:00,0.0
05:15:00,0.0
05:16:00,0.0
05:17:00,0.0
05:18:00,0.0
05:19:00,0.0
05:20:00,0.0
05:21:00,0.0
05:22:00,0.0
05:23:00,0.0
05:24:00,0.0
05:25:00,0.0
05:26:00,0.0
05:27:00,0.0
05:28:00,0.0
05:29:00,0.0
05:30:00,0.0
05:31:00,0.0
05:32:00,0.0
05:33:00,0.0
05:34:00,0.0
05:35:00,0.0
05:36:00,0.0
05:37:00,0.0
05:38:00,0.0
05:39:00,0.0
05:40:00,0.0
05:41:00,0.0
05:42:00,0.0
05:43:00,0.0
05:44:00,0.0
05:45:00,0.0
05:46:00,0.0
05:47:00,0.0
05:48:00,0.0
05:49:00,0.0
05:50:00,0.0
05:51:00,0.0
05:52:00,0.0
05:53:00,0.0
05:54:00,0.0
05:55:00,0.0
05:56:00,0.0
05:57:00,0.0
05:58:00,0.0
05:59:00,0.0
06:00:00,0.0
06:01:00,0.0
06:02:00,0.0
06:03:00,0.0
06:04:00,0.0
06:05:00,0.0
06:06:00,0.0
06:07:00,0.0
06:08:00,0.0
06:09:00,0.0
06:10:00,0.0
06:11:00,0.0
06:12:00,0.0
06:13:00,0.0
06:14:00,0.0
06:15:00,0.0
06:16:00,0.0
06:17:00,0.0
06:18:00,0.0
06:19:00,0.0
06:20:00,0.0
06:21:00,0.0
06:22:00,0.0
06:23:00,0.0
06:24:00,0.0
06:25:00,0.0
06:26:00,0.0
06:27:00,0.0
06:28:00,0.0
06:29:00,0.0
06:30:00,0.0
06:31:00,0.0
06:32:00,0.0
06:33:00,0.0
06:34:00,0.0
06:35:00,0.0
06:36:00,0.0
06:37:00,0.0
06:38:00,0.0
06:39:00,0.0
06:40:00,0.0
06:41:00,0.0
06:42:00,0.0
06:43:00,0.0
06:44:00,0.0
06:45:00,0.0
06:46:00,0.0
06:47:00,0.0
06:48:00,0.0
06:49:00,0.0
06:50:00,0.0
06:51:00,0.0
06:52:00,0.0
06:53:00,0.0
06:54:00,0.0
06:55:00,0.0
06:56:00,0.0
06:57:00,0.0
06:58:00,0.0
06:59:00,0.0
07:00:00,0.0
07:01:00,0.0
07:02:00,0.0
07:03:00,0.0
07:04:00,0.0
07:05:00,0.0
07:06:00,0.0
07:07:00,0.0
07:08:00,0.0
07:09:00,0.0
07:10:00,0.0
07:11:00,0.0
07:12:00,0.0
07:13:00,0.0
07:14:00,0.0
07:15:00,0.0
07:16:00,0.0
07:17:00,0.0
07:18:00,0.0
07:19:00,0.0
07:20:00,0.0
07:21:00,0.0
07:22:00,0.0
07:23:00,0.0
07:24:00,0.0
07:25:00,0.0
07:26:00,0.0
07:27:00,0.0
07:28:00,0.0
07:29:00,0.0
07:30:00,0.0
07:31:00,0.0
07:32:00,0.0
07:33:00,0.0
07:34:00,0.0
07:35:00,0.0
07:36:00,0.0
07:37:00,0.0
07:38:00,0.0
07:39:00,0.0
07:40:00,0.0
07:41:00,0.0
07:42:00,0.0
07:43:00,0.0
07:44:00,0.0
07:45:00,0.0
07:46:00,0.0
07:47:00,0.0
07:48:00,0.0
07:49:00,0.0
07:50:00,0.0
07:51:00,0.0
07:52:00,0.0
07:53:00,0.0
07:54:00,0.0
07:55:00,0.0
07:56:00,0.0
07:57:00,0.0
07:58:00,0.0
07:59:00,0.0
08:00:00,0.0
08:01:00,0.0
08:02:00,0.0
08:03:00,0.0
08:04:00,0.0
08:05:00,0.0
08:06:00,0.0
08:07:00,0.0
08:08:00,0.0
08:09:00,0.0
08:10:00,0.0
08:11:00,0.0
08:12:00,0.0
08:13:00,0.0
08:14:00,0.0
08:15:00,0.0
08:16:00,0.0
08:17:00,0.0
08:18:00,0.0
08:19:00,0.0
08:20:00,0.0
08:21:00,0.0
08:22:00,0.0
08:23:00,0.0
08:24:00,0.0
08:25:00,0.0
08:26:00,0.0
08:27:00,0.0
08:28:00,0.0
08:29:00,0.0
08:30:00,0.0
08:31:00,0.0
08:32:00,0.0
08:33:00,0.0
08:34:00,0.0
08:35:00,0.0
08:36:00,0.0
08:37:00,0.0
08:38:00,0.0
08:39:00,0.0
08:40:00,0.0
08:41:00,0.0
08:42:00,0.0
08:43:00,0.0
08:44:00,0.0
08:45:00,0.0
08:46:00,0.0
08:47:00,0.0
08:48:00,0.0
08:49:00,0.0
08:50:00,0.0
08:51:00,0.0
08:52:00,0.0
08:53:00,0.0
08:54:00,0.0
08:55:00,0.0
08:56:00,0.0
08:57:00,0.0
08:58:00,0.0
08:59:00,0.0
09:00:00,0.0
09:01:00,0.0
09:02:00,0.0
09:03:00,0.0
09:04:00,0.0
09:05:00,0.0026097591035068035
09:06:00,0.0
09:07:00,0.0
09:08:00,0.0
09:09:00,0.0
09:10:00,0.0
09:11:00,0.0
09:12:00,0.002174799097701907
09:13:00,0.0
09:14:00,0.0
09:15:00,0.0
09:16:00,0.0
09:17:00,0.0
09:18:00,0.0
09:19:00,0.0
09:20:00,0.0
09:21:00,0.0
09:22:00,0.006959357298910618
09:23:00,0.0
09:24:00,0.00565447797998786
09:25:00,0.01093613263219595
09:26:00,0.0
09:27:00,0.0
09:28:00,0.0
09:29:00,0.0
09:30:00,0.0
09:31:00,0.0
09:32:00,0.0
09:33:00,0.0
09:34:00,0.0
09:35:00,0.020567387342453003
09:36:00,0.014850771054625511
09:37:00,0.017087707296013832
09:38:00,0.006089437752962112
09:39:00,0.00565447797998786
09:40:00,0.007456454448401928
09:41:00,0.01137109287083149
09:42:00,0.0
09:43:00,0.0
09:44:00,0.0
09:45:00,0.0
09:46:00,0.0
09:47:00,0.0
09:48:00,0.0
09:49:00,0.0
09:50:00,0.0
09:51:00,0.0
09:52:00,0.0
09:53:00,0.0
09:54:00,0.0
09:55:00,0.0
09:56:00,0.01093613263219595
09:57:00,0.0026097591035068035
09:58:00,0.0
09:59:00,0.0
10:00:00,0.0
10:01:00,0.0
10:02:00,0.0
10:03:00,0.0
10:04:00,0.0
10:05:00,0.0
10:06:00,0.0
10:07:00,0.0
10:08:00,0.0
10:09:00,0.0
10:10:00,0.0
10:11:00,0.0
10:12:00,0.0
10:13:00,0.0
10:14:00,0.0
10:15:00,0.0
10:16:00,0.0
10:17:00,0.0
10:18:00,0.0
10:19:00,0.009631253778934479
10:20:00,0.006524397525936365
10:21:00,0.018392587080597878
10:22:00,0.01354589220136404
10:23:00,0.0026097591035068035
10:24:00,0.017957627773284912
10:25:00,0.003914638422429562
10:26:00,0.0
10:27:00,0.0026097591035068035
10:28:00,0.008761334232985973
10:29:00,0.003044718876481056
10:30:00,0.0
10:31:00,0.006959357298910618
10:32:00,0.012675972655415535
10:33:00,0.018392587080597878
10:34:00,0.006959357298910618
10:35:00,0.003479678649455309
10:36:00,0.0
10:37:00,0.0
10:38:00,0.0
10:39:00,0.0
10:40:00,0.0
10:41:00,0.0
10:42:00,0.0
10:43:00,0.0
10:44:00,0.0026097591035068035
10:45:00,0.00565447797998786
10:46:00,0.0
10:47:00,0.0
10:48:00,0.0
10:49:00,0.0
10:50:00,0.0
10:51:00,0.0
10:52:00,0.003479678649455309
10:53:00,0.0
10:54:00,0.008761334232985973
10:55:00,0.01137109287083149
10:56:00,0.020567387342453003
10:57:00,0.0131109319627285
10:58:00,0.017522668465971947
10:59:00,0.014850771054625511
11:00:00,0.012241012416779995
11:01:00,0.021437305957078934
11:02:00,0.0443037673830986
11:03:00,0.046913523226976395
11:04:00,0.04784558340907097
11:05:00,0.0487155020236969
11:06:00,0.047410622239112854
11:07:00,0.046043604612350464
11:08:00,0.019262507557868958
11:09:00,0.02758888155221939
11:10:00,0.047410622239112854
11:11:00,0.004349598195403814
11:12:00,0.02845880016684532
11:13:00,0.046043604612350464
11:14:00,0.046043604612350464
11:15:00,0.0487155020236969
11:16:00,0.047410622239112854
11:17:00,0.04647856578230858
11:18:00,0.03771723061800003
11:19:00,0.025414081290364265
11:20:00,0.003044718876481056
11:21:00,0.0
11:22:00,0.0
11:23:00,0.0
11:24:00,0.008326373994350433
11:25:00,0.02013242617249489
11:26:00,0.03374045714735985
11:27:00,0.048280540853738785
11:28:00,0.046043604612350464
11:29:00,0.04647856578230858
11:30:00,0.0487155020236969
11:31:00,0.04784558340907097
11:32:00,0.034175414592027664
11:33:00,0.00565447797998786
11:34:00,0.0
11:35:00,0.0
11:36:00,0.0
11:37:00,0.0
11:38:00,0.003479678649455309
11:39:00,0.0
11:40:00,0.0
11:41:00,0.0
11:42:00,0.0
11:43:00,0.0
11:44:00,0.0017398393247276545
11:45:00,0.0
11:46:00,0.0
11:47:00,0.0
11:48:00,0.006524397525936365
11:49:00,0.003479678649455309
11:50:00,0.006959357298910618
11:51:00,0.0
11:52:00,0.012675972655415535
11:53:00,0.021934403106570244
11:54:00,0.05045533925294876
11:55:00,0.05269227549433708
11:56:00,0.049150459468364716
11:57:00,0.05356219783425331
11:58:00,0.05269227549433708
11:59:00,0.037282273173332214
12:00:00,0.03150352090597153
12:01:00,0.01093613263219595
12:02:00,0.02013242617249489
12:03:00,0.005219518207013607
12:04:00,0.015782827511429787
12:05:00,0.004784557968378067
12:06:00,0.01572069153189659
12:07:00,0.006089437752962112
12:08:00,0.006959357298910618
12:09:00,0.003479678649455309
12:10:00,0.015347868204116821
12:11:00,0.0026097591035068035
12:12:00,0.02013242617249489
12:13:00,0.01572069153189659
12:14:00,0.017957627773284912
12:15:00,0.0
12:16:00,0.0
12:17:00,0.0
12:18:00,0.0
12:19:00,0.0
12:20:00,0.0
12:21:00,0.0
12:22:00,0.0
12:23:00,0.0
12:24:00,0.00565447797998786
12:25:00,0.013980851508677006
12:26:00,0.0
12:27:00,0.0
12:28:00,0.0
12:29:00,0.0
12:30:00,0.0
12:31:00,0.0
12:32:00,0.0
12:33:00,0.0
12:34:00,0.0
12:35:00,0.0
12:36:00,0.0
12:37:00,0.0
12:38:00,0.0
12:39:00,0.0
12:40:00,0.0
12:41:00,0.0
12:42:00,0.0
12:43:00,0.0
12:44:00,0.0
12:45:00,0.0
12:46:00,0.0
12:47:00,0.0
12:48:00,0.0
12:49:00,0.0
12:50:00,0.0
12:51:00,0.0
12:52:00,0.0
12:53:00,0.0
12:54:00,0.0
12:55:00,0.0
12:56:00,0.0
12:57:00,0.0
12:58:00,0.0
12:59:00,0.0
13:00:00,0.0
13:01:00,0.0
13:02:00,0.0
13:03:00,0.0
13:04:00,0.0
13:05:00,0.0
13:06:00,0.0
13:07:00,0.0
13:08:00,0.0
13:09:00,0.0
13:10:00,0.0
13:11:00,0.0
13:12:00,0.0
13:13:00,0.0
13:14:00,0.0
13:15:00,0.0
13:16:00,0.0
13:17:00,0.0
13:18:00,0.0
13:19:00,0.0
13:20:00,0.0
13:21:00,0.0
13:22:00,0.0
13:23:00,0.0
13:24:00,0.0
13:25:00,0.0
13:26:00,0.0
13:27:00,0.0
13:28:00,0.006524397525936365
13:29:00,0.013980851508677006
13:30:00,0.0
13:31:00,0.003914638422429562
13:32:00,0.004784557968378067
13:33:00,0.005219518207013607
13:34:00,0.0
13:35:00,0.0
13:36:00,0.006089437752962112
13:37:00,0.017087707296013832
13:38:00,0.02323928289115429
13:39:00,0.0131109319627285
13:40:00,0.0
13:41:00,0.0
13:42:00,0.0
13:43:00,0.029825817793607712
13:44:00,0.016652747988700867
13:45:00,0.007891413755714893
13:46:00,0.01354589220136404
13:47:00,0.019262507557868958
13:48:00,0.022804323583841324
13:49:00,0.02100234664976597
13:50:00,0.01137109287083149
13:51:00,0.019262507557868958
13:52:00,0.02013242617249489
13:53:00,0.029825817793607712
13:54:00,0.017087707296013832
13:55:00,0.009196293540298939
13:56:00,0.0
13:57:00,0.003914638422429562
13:58:00,0.017087707296013832
13:59:00,0.02013242617249489
14:00:00,0.007891413755714893
14:01:00,0.014912908896803856
14:02:00,0.010066213086247444
14:03:00,0.018392587080597878
14:04:00,0.009196293540298939
14:05:00,0.008761334232985973
14:06:00,0.003479678649455309
14:07:00,0.017957627773284912
14:08:00,0.014850771054625511
14:09:00,0.026284001767635345
14:10:00,0.02845880016684532
14:11:00,0.010501173324882984
14:12:00,0.017957627773284912
14:13:00,0.018392587080597878
14:14:00,0.018827546387910843
14:15:00,0.017087707296013832
14:16:00,0.003914638422429562
14:17:00,0.018827546387910843
14:18:00,0.008326373994350433
14:19:00,0.0
14:20:00,0.0
14:21:00,0.0026097591035068035
14:22:00,0.0
14:23:00,0.003914638422429562
14:24:00,0.006089437752962112
14:25:00,0.02100234664976597
14:26:00,0.0
14:27:00,0.02584904246032238
14:28:00,0.025414081290364265
14:29:00,0.0
14:30:00,0.004784557968378067
14:31:00,0.004349598195403814
14:32:00,0.003914638422429562
14:33:00,0.0
14:34:00,0.017087707296013832
14:35:00,0.0
14:36:00,0.003914638422429562
14:37:00,0.0026097591035068035
14:38:00,0.0
14:39:00,0.0
14:40:00,0.0
14:41:00,0.012241012416779995
14:42:00,0.0026097591035068035
14:43:00,0.0
14:44:00,0.0
14:45:00,0.0
14:46:00,0.0
14:47:00,0.0026097591035068035
14:48:00,0.0
14:49:00,0.0
14:50:00,0.0
14:51:00,0.0
14:52:00,0.0
14:53:00,0.0026097591035068035
14:54:00,0.003044718876481056
14:55:00,0.01572069153189659
14:56:00,0.0
14:57:00,0.0026097591035068035
14:58:00,0.003479678649455309
14:59:00,0.007891413755714893
15:00:00,0.0
15:01:00,0.0
15:02:00,0.0
15:03:00,0.0
15:04:00,0.0
15:05:00,0.0
15:06:00,0.0
15:07:00,0.006524397525936365
15:08:00,0.006524397525936365
15:09:00,0.0
15:10:00,0.0
15:11:00,0.006089437752962112
15:12:00,0.0
15:13:00,0.00565447797998786
15:14:00,0.0
15:15:00,0.0
15:16:00,0.0
15:17:00,0.0
15:18:00,0.0
15:19:00,0.0
15:20:00,0.0
15:21:00,0.0
15:22:00,0.010501173324882984
15:23:00,0.00565447797998786
15:24:00,0.00565447797998786
15:25:00,0.0
15:26:00,0.006524397525936365
15:27:00,0.0249791219830513
15:28:00,0.0249791219830513
15:29:00,0.01137109287083149
15:30:00,0.017087707296013832
15:31:00,0.02584904246032238
15:32:00,0.019262507557868958
15:33:00,0.027153920382261276
15:34:00,0.026284001767635345
15:35:00,0.0293287206441164
15:36:00,0.0324355773627758
15:37:00,0.03945707157254219
15:38:00,0.03989202901721001
15:39:00,0.008761334232985973
15:40:00,0.0
15:41:00,0.0
15:42:00,0.0
15:43:00,0.0
15:44:00,0.0
15:45:00,0.0
15:46:00,0.0
15:47:00,0.0
15:48:00,0.0
15:49:00,0.0
15:50:00,0.0
15:51:00,0.0
15:52:00,0.0
15:53:00,0.0
15:54:00,0.0
15:55:00,0.0
15:56:00,0.0
15:57:00,0.0
15:58:00,0.0
15:59:00,0.0
16:00:00,0.0
16:01:00,0.0
16:02:00,0.0
16:03:00,0.0
16:04:00,0.0
16:05:00,0.004349598195403814
16:06:00,0.027153920382261276
16:07:00,0.008761334232985973
16:08:00,0.008761334232985973
16:09:00,0.009196293540298939
16:10:00,0.003479678649455309
16:11:00,0.0026097591035068035
16:12:00,0.004784557968378067
16:13:00,0.0
16:14:00,0.008326373994350433
16:15:00,0.0017398393247276545
16:16:00,0.0
16:17:00,0.0
16:18:00,0.014850771054625511
16:19:00,0.003914638422429562
16:20:00,0.0
16:21:00,0.0073943170718848705
16:22:00,0.008326373994350433
16:23:00,0.005219518207013607
16:24:00,0.003044718876481056
16:25:00,0.003479678649455309
16:26:00,0.01180605310946703
16:27:00,0.014912908896803856
16:28:00,0.008761334232985973
16:29:00,0.02013242617249489
16:30:00,0.009196293540298939
16:31:00,0.012675972655415535
16:32:00,0.024047065526247025
16:33:00,0.0
16:34:00,0.0
16:35:00,0.0
16:36:00,0.0
16:37:00,0.0
16:38:00,0.0
16:39:00,0.0
16:40:00,0.0
16:41:00,0.0
16:42:00,0.0
16:43:00,0.0
16:44:00,0.0
16:45:00,0.0
16:46:00,0.0
16:47:00,0.0
16:48:00,0.0
16:49:00,0.0
16:50:00,0.0
16:51:00,0.0
16:52:00,0.0
16:53:00,0.0
16:54:00,0.0
16:55:00,0.0
16:56:00,0.0
16:57:00,0.0
16:58:00,0.0
16:59:00,0.0
17:00:00,0.006089437752962112
17:01:00,0.015285731293261051
17:02:00,0.008761334232985973
17:03:00,0.0
17:04:00,0.008761334232985973
17:05:00,0.030260777100920677
17:06:00,0.018392587080597878
17:07:00,0.0
17:08:00,0.02013242617249489
17:09:00,0.018392587080597878
17:10:00,0.0
17:11:00,0.0
17:12:00,0.0
17:13:00,0.02236936241388321
17:14:00,0.0
17:15:00,0.006089437752962112
17:16:00,0.010066213086247444
17:17:00,0.003479678649455309
17:18:00,0.00565447797998786
17:19:00,0.006524397525936365
17:20:00,0.0
17:21:00,0.0
17:22:00,0.008761334232985973
17:23:00,0.0
17:24:00,0.0
17:25:00,0.0
17:26:00,0.0
17:27:00,0.0
17:28:00,0.0
17:29:00,0.0
17:30:00,0.0
17:31:00,0.0
17:32:00,0.007456454448401928
17:33:00,0.0
17:34:00,0.017087707296013832
17:35:00,0.0
17:36:00,0.0
17:37:00,0.0
17:38:00,0.0
17:39:00,0.0
17:40:00,0.0
17:41:00,0.004349598195403814
17:42:00,0.0
17:43:00,0.0
17:44:00,0.007456454448401928
17:45:00,0.004784557968378067
17:46:00,0.0162177886813879
17:47:00,0.0131109319627285
17:48:00,0.019262507557868958
17:49:00,0.028023840859532356
17:50:00,0.049150459468364716
17:51:00,0.04958542063832283
17:52:00,0.0487155020236969
17:53:00,0.049150459468364716
17:54:00,0.050020381808280945
17:55:00,0.049150459468364716
17:56:00,0.0487155020236969
17:57:00,0.05269227549433708
17:58:00,0.050890300422906876
17:59:00,0.035542432218790054
18:00:00,0.015782827511429787
18:01:00,0.0
18:02:00,0.0
18:03:00,0.0
18:04:00,0.0
18:05:00,0.0
18:06:00,0.0
18:07:00,0.0
18:08:00,0.0
18:09:00,0.0
18:10:00,0.0
18:11:00,0.0
18:12:00,0.0
18:13:00,0.0
18:14:00,0.0
18:15:00,0.0
18:16:00,0.0
18:17:00,0.0
18:18:00,0.0
18:19:00,0.0
18:20:00,0.0
18:21:00,0.006089437752962112
18:22:00,0.0
18:23:00,0.0
18:24:00,0.0
18:25:00,0.0
18:26:00,0.0
18:27:00,0.0
18:28:00,0.0
18:29:00,0.0
18:30:00,0.0
18:31:00,0.0
18:32:00,0.0
18:33:00,0.0
18:34:00,0.0
18:35:00,0.0
18:36:00,0.0
18:37:00,0.0
18:38:00,0.0
18:39:00,0.0
18:40:00,0.0
18:41:00,0.0
18:42:00,0.0
18:43:00,0.0
18:44:00,0.0
18:45:00,0.0026097591035068035
18:46:00,0.004784557968378067
18:47:00,0.003914638422429562
18:48:00,0.0
18:49:00,0.0
18:50:00,0.0
18:51:00,0.0
18:52:00,0.0
18:53:00,0.0
18:54:00,0.0
18:55:00,0.0
18:56:00,0.003479678649455309
18:57:00,0.0
18:58:00,0.0
18:59:00,0.0
19:00:00,0.0
19:01:00,0.0
19:02:00,0.0
19:03:00,0.0
19:04:00,0.0
19:05:00,0.0
19:06:00,0.0
19:07:00,0.0
19:08:00,0.0
19:09:00,0.0
19:10:00,0.0
19:11:00,0.0
19:12:00,0.0
19:13:00,0.0
19:14:00,0.0
19:15:00,0.0
19:16:00,0.0
19:17:00,0.0
19:18:00,0.0
19:19:00,0.0
19:20:00,0.0
19:21:00,0.0
19:22:00,0.0
19:23:00,0.0
19:24:00,0.0
19:25:00,0.0
19:26:00,0.0
19:27:00,0.0
19:28:00,0.0
19:29:00,0.0
19:30:00,0.003044718876481056
19:31:00,0.0
19:32:00,0.003044718876481056
19:33:00,0.0
19:34:00,0.0
19:35:00,0.005219518207013607
19:36:00,0.03722013533115387
19:37:00,0.03374045714735985
19:38:00,0.018827546387910843
19:39:00,0.0
19:40:00,0.009631253778934479
19:41:00,0.037282273173332214
19:42:00,0.0368473120033741
19:43:00,0.0280859787017107
19:44:00,0.03548029437661171
19:45:00,0.01354589220136404
19:46:00,0.0
19:47:00,0.0
19:48:00,0.0
19:49:00,0.0
19:50:00,0.0
19:51:00,0.0
19:52:00,0.0
19:53:00,0.0
19:54:00,0.0
19:55:00,0.0
19:56:00,0.0
19:57:00,0.0026097591035068035
19:58:00,0.0
19:59:00,0.0
20:00:00,0.0
20:01:00,0.0
20:02:00,0.0
20:03:00,0.0
20:04:00,0.0
20:05:00,0.0
20:06:00,0.0
20:07:00,0.0
20:08:00,0.0
20:09:00,0.0
20:10:00,0.0
20:11:00,0.0
20:12:00,0.0
20:13:00,0.0
20:14:00,0.0
20:15:00,0.0
20:16:00,0.0
20:17:00,0.0
20:18:00,0.0
20:19:00,0.0
20:20:00,0.0
20:21:00,0.0
20:22:00,0.0
20:23:00,0.0
20:24:00,0.0
20:25:00,0.0
20:26:00,0.0
20:27:00,0.0
20:28:00,0.0
20:29:00,0.0
20:30:00,0.0
20:31:00,0.0
20:32:00,0.0
20:33:00,0.0
20:34:00,0.0
20:35:00,0.0
20:36:00,0.0
20:37:00,0.0
20:38:00,0.0
20:39:00,0.0
20:40:00,0.0
20:41:00,0.0
20:42:00,0.0
20:43:00,0.0
20:44:00,0.0
20:45:00,0.0
20:46:00,0.0
20:47:00,0.0
20:48:00,0.0
20:49:00,0.0
20:50:00,0.0
20:51:00,0.0
20:52:00,0.0
20:53:00,0.0
20:54:00,0.0
20:55:00,0.0
20:56:00,0.0
20:57:00,0.0
20:58:00,0.0
20:59:00,0.0
21:00:00,0.0
21:01:00,0.0
21:02:00,0.0
21:03:00,0.0
21:04:00,0.0
21:05:00,0.0
21:06:00,0.0
21:07:00,0.0
21:08:00,0.0
21:09:00,0.0
21:10:00,0.0
21:11:00,0.0
21:12:00,0.0
21:13:00,0.0
21:14:00,0.0
21:15:00,0.0
21:16:00,0.0
21:17:00,0.0
21:18:00,0.0
21:19:00,0.0
21:20:00,0.0
21:21:00,0.0
21:22:00,0.0
21:23:00,0.0
21:24:00,0.0
21:25:00,0.0
21:26:00,0.0
21:27:00,0.0131109319627285
21:28:00,0.04032699018716812
21:29:00,0.048280540853738785
21:30:00,0.05045533925294876
21:31:00,0.05132526159286499
21:32:00,0.05045533925294876
21:33:00,0.03945707157254219
21:34:00,0.036412350833415985
21:35:00,0.04473872482776642
21:36:00,0.023674242198467255
21:37:00,0.01093613263219595
21:38:00,0.0
21:39:00,0.010066213086247444
21:40:00,0.016652747988700867
21:41:00,0.02013242617249489
21:42:00,0.009631253778934479
21:43:00,0.007829276844859123
21:44:00,0.003044718876481056
21:45:00,0.0
21:46:00,0.005219518207013607
21:47:00,0.03374045714735985
21:48:00,0.015782827511429787
21:49:00,0.02584904246032238
21:50:00,0.0
21:51:00,0.002174799097701907
21:52:00,0.01180605310946703
21:53:00,0.01093613263219595
21:54:00,0.0
21:55:00,0.017522668465971947
21:56:00,0.006089437752962112
21:57:00,0.01137109287083149
21:58:00,0.01354589220136404
21:59:00,0.0218722652643919
22:00:00,0.019262507557868958
22:01:00,0.01180605310946703
22:02:00,0.019262507557868958
22:03:00,0.0026097591035068035
22:04:00,0.003044718876481056
22:05:00,0.0026097591035068035
22:06:00,0.003044718876481056
22:07:00,0.0
22:08:00,0.007891413755714893
22:09:00,0.004349598195403814
22:10:00,0.0
22:11:00,0.012241012416779995
22:12:00,0.004784557968378067
22:13:00,0.026284001767635345
22:14:00,0.0
22:15:00,0.019697466865181923
22:16:00,0.0
22:17:00,0.030695736408233643
22:18:00,0.008761334232985973
22:19:00,0.003914638422429562
22:20:00,0.008264237083494663
22:21:00,0.0
22:22:00,0.004349598195403814
22:23:00,0.009196293540298939
22:24:00,0.0
22:25:00,0.003914638422429562
22:26:00,0.016652747988700867
22:27:00,0.017957627773284912
22:28:00,0.04032699018716812
22:29:00,0.03858714923262596
22:30:00,0.04473872482776642
22:31:00,0.04343384504318237
22:32:00,0.04647856578230858
22:33:00,0.0487155020236969
22:34:00,0.047410622239112854
22:35:00,0.049150459468364716
22:36:00,0.049150459468364716
22:37:00,0.048280540853738785
22:38:00,0.036412350833415985
22:39:00,0.009196293540298939
22:40:00,0.004784557968378067
22:41:00,0.020567387342453003
22:42:00,0.004784557968378067
22:43:00,0.0
22:44:00,0.0
22:45:00,0.0
22:46:00,0.01354589220136404
22:47:00,0.01572069153189659
22:48:00,0.017522668465971947
22:49:00,0.0
22:50:00,0.0
22:51:00,0.0
22:52:00,0.0
22:53:00,0.0
22:54:00,0.0
22:55:00,0.0
22:56:00,0.0
22:57:00,0.0
22:58:00,0.0
22:59:00,0.0
23:00:00,0.0
23:01:00,0.0
23:02:00,0.0
23:03:00,0.0
23:04:00,0.0
23:05:00,0.0
23:06:00,0.0
23:07:00,0.0
23:08:00,0.004784557968378067
23:09:00,0.00565447797998786
23:10:00,0.009196293540298939
23:11:00,0.0
23:12:00,0.0
23:13:00,0.0
23:14:00,0.0
23:15:00,0.0
23:16:00,0.0
23:17:00,0.0
23:18:00,0.0
23:19:00,0.0
23:20:00,0.0
23:21:00,0.0
23:22:00,0.0
23:23:00,0.0
23:24:00,0.0
23:25:00,0.0
23:26:00,0.0
23:27:00,0.0
23:28:00,0.0
23:29:00,0.003914638422429562
23:30:00,0.0
23:31:00,0.0
23:32:00,0.0
23:33:00,0.0
23:34:00,0.0
23:35:00,0.0
23:36:00,0.0
23:37:00,0.0
23:38:00,0.0
23:39:00,0.005219518207013607
23:40:00,0.0
23:41:00,0.0
23:42:00,0.0
23:43:00,0.0
23:44:00,0.006089437752962112
23:45:00,0.003914638422429562
23:46:00,0.0
23:47:00,0.0
23:48:00,0.0
23:49:00,0.0
23:50:00,0.0
23:51:00,0.0
23:52:00,0.0
23:53:00,0.0026097591035068035
23:54:00,0.0
23:55:00,0.0
23:56:00,0.0
23:57:00,0.0
23:58:00,0.0
23:59:00,0.0
